2	-2.836989	▁
3	-4.289444	s
4	-4.829366	1
5	-5.069991	▁de
6	-5.133366	0
7	-5.314951	▁a
8	-5.382606	9
9	-5.390459	'
10	-5.414254	2
11	-5.522504	-
12	-5.556432	e
13	-5.706495	▁the
14	-5.717320	▁la
15	-5.812230	t
16	-5.865383	▁in
17	-5.879041	▁di
18	-5.947131	▁i
19	-5.980956	8
20	-6.053694	5
21	-6.121796	.
22	-6.126157	3
23	-6.127002	m
24	-6.148164	▁e
25	-6.158223	i
26	-6.196009	7
27	-6.202905	4
28	-6.210196	6
29	-6.213693	n
30	-6.231864	a
31	-6.249673	en
32	-6.264454	o
33	-6.267476	▁to
34	-6.361052	r
35	-6.374819	▁of
36	-6.422246	▁and
37	-6.492127	▁se
38	-6.498989	▁en
39	-6.514748	▁o
40	-6.541829	es
41	-6.562375	▁le
42	-6.565818	▁you
43	-6.615965	d
44	-6.657415	▁છે
45	-6.666087	▁l
46	-6.667605	re
47	-6.676174	te
48	-6.707012	▁hai
49	-6.713396	▁کے
50	-6.721928	▁के
51	-6.732656	▁в
52	-6.739419	ed
53	-6.776246	▁un
54	-6.779166	▁que
55	-6.790831	▁do
56	-6.848250	ta
57	-6.865283	er
58	-6.881798	▁میں
59	-6.897415	c
60	-6.914423	▁der
61	-6.915469	ം
62	-6.923765	to
63	-6.923774	▁da
64	-6.932116	▁it
65	-6.932198	▁है
66	-6.955510	ದ
67	-6.959900	▁die
68	-6.964973	▁में
69	-6.975555	▁con
70	-6.976462	ing
71	-6.979718	▁کی
72	-6.995416	▁des
73	-7.003305	y
74	-7.010737	ના
75	-7.010798	▁il
76	-7.014637	▁el
77	-7.034079	▁dan
78	-7.036903	u
79	-7.053552	,
80	-7.054998	an
81	-7.065577	▁ਹੈ
82	-7.065854	▁ਦੇ
83	-7.068552	▁be
84	-7.072911	র
85	-7.092933	માં
86	-7.098626	▁d
87	-7.111682	▁is
88	-7.122106	ের
89	-7.146260	ी
90	-7.152998	▁that
91	-7.164062	ی
92	-7.167059	а
93	-7.167681	▁me
94	-7.168240	▁et
95	-7.168442	▁ہے
96	-7.176403	▁ਵਿੱਚ
97	-7.182702	▁yang
98	-7.189897	▁del
99	-7.191962	▁y
100	-7.192317	al
101	-7.195554	se
102	-7.197631	▁اور
103	-7.205109	▁ke
104	-7.205917	▁re
105	-7.208926	▁и
106	-7.218890	▁par
107	-7.234785	na
108	-7.243611	▁for
109	-7.245591	▁per
110	-7.251028	l
111	-7.252739	k
112	-7.266629	▁und
113	-7.269000	▁no
114	-7.274712	ti
115	-7.291863	le
116	-7.294945	ની
117	-7.305579	न
118	-7.324787	▁à
119	-7.328787	▁ka
120	-7.333128	▁em
121	-7.344336	ne
122	-7.345659	▁as
123	-7.346873	त
124	-7.347028	▁की
125	-7.347324	ন
126	-7.347590	क
127	-7.348594	▁અને
128	-7.358938	da
129	-7.359850	▁al
130	-7.365617	▁les
131	-7.368042	▁so
132	-7.368394	ে
133	-7.368403	▁का
134	-7.392300	▁سے
135	-7.392496	do
136	-7.393308	ರ
137	-7.417811	र
138	-7.423029	▁na
139	-7.423531	de
140	-7.427716	ल
141	-7.444108	▁an
142	-7.444290	ಯ
143	-7.448191	ம்
144	-7.453182	no
145	-7.466064	▁du
146	-7.466477	ar
147	-7.477957	▁کا
148	-7.480329	е
149	-7.483437	▁was
150	-7.485903	ve
151	-7.486373	si
152	-7.486421	▁ਦੀ
153	-7.489659	स
154	-7.489819	▁આ
155	-7.494797	▁ਦਾ
156	-7.495702	▁toh
157	-7.502064	ం
158	-7.506261	g
159	-7.514654	ನ
160	-7.515436	la
161	-7.517720	▁ਅਤੇ
162	-7.528389	is
163	-7.541718	▁с
164	-7.547170	▁से
165	-7.549948	b
166	-7.554755	ma
167	-7.555140	z
168	-7.556121	p
169	-7.557087	▁ki
170	-7.561822	ਨ
171	-7.563619	લ
172	-7.567857	ہ
173	-7.573087	us
174	-7.579864	▁por
175	-7.584249	▁com
176	-7.586204	▁और
177	-7.594915	ન
178	-7.596336	kan
179	-7.599543	di
180	-7.602535	in
181	-7.605644	▁tom
182	-7.611570	h
183	-7.621476	▁para
184	-7.621509	म
185	-7.623751	▁на
186	-7.627327	▁on
187	-7.648914	▁si
188	-7.649147	ને
189	-7.651913	▁é
190	-7.653971	ra
191	-7.660104	ce
192	-7.662814	ੀ
193	-7.665211	▁es
194	-7.667175	ला
195	-7.670804	▁su
196	-7.678431	▁اس
197	-7.680784	ਲ
198	-7.684602	▁est
199	-7.684983	‌
200	-7.686927	▁he
201	-7.690787	లో
202	-7.690991	▁को
203	-7.691302	os
204	-7.692738	ક
205	-7.696339	nya
206	-7.696431	▁can
207	-7.699578	ca
208	-7.702147	ci
209	-7.714721	ों
210	-7.717604	ा
211	-7.720313	ro
212	-7.728309	▁una
213	-7.743078	ly
214	-7.749631	f
215	-7.753769	ਕ
216	-7.756016	▁کو
217	-7.756954	▁അ
218	-7.759949	▁एक
219	-7.760108	▁um
220	-7.760513	ਾਂ
221	-7.766261	▁los
222	-7.770850	▁c
223	-7.772157	sa
224	-7.774174	▁we
225	-7.783561	▁with
226	-7.793208	é
227	-7.794508	വ
228	-7.798975	mente
229	-7.800246	un
230	-7.801075	ਰ
231	-7.809049	ga
232	-7.811018	▁по
233	-7.811327	▁che
234	-7.813853	ten
235	-7.826622	وں
236	-7.830825	tion
237	-7.833269	ge
238	-7.835458	▁ਨੂੰ
239	-7.838738	me
240	-7.839613	li
241	-7.842127	lo
242	-7.847138	▁bhi
243	-7.847923	ll
244	-7.848796	▁im
245	-7.849898	ી
246	-7.854989	े
247	-7.858041	க்
248	-7.858118	ப்
249	-7.858577	്
250	-7.860820	▁kya
251	-7.861489	ો
252	-7.873221	ൻ
253	-7.876145	ता
254	-7.876420	નો
255	-7.877869	ने
256	-7.880297	న
257	-7.882754	it
258	-7.885034	▁ಮತ್ತು
259	-7.886366	ു
260	-7.891777	▁hain
261	-7.901034	▁या
262	-7.905403	▁अ
263	-7.907031	▁das
264	-7.907769	▁ko
265	-7.909347	▁von
266	-7.909442	▁ge
267	-7.916308	▁ಅ
268	-7.917533	▁just
269	-7.918224	as
270	-7.918348	▁como
271	-7.927285	മ
272	-7.927414	ര
273	-7.927556	ల
274	-7.929274	ਮ
275	-7.931431	ا
276	-7.932190	യ
277	-7.933512	▁ver
278	-7.937464	ਸ
279	-7.941740	▁پر
280	-7.943494	ক
281	-7.945704	ે
282	-7.949446	ൽ
283	-7.949651	▁आहे
284	-7.950858	ri
285	-7.952807	▁pada
286	-7.955349	▁are
287	-7.956043	▁what
288	-7.962595	ಕ
289	-7.966411	கள்
290	-7.968427	▁এবং
291	-7.969786	ল
292	-7.969810	▁ma
293	-7.971771	gen
294	-7.972583	ت
295	-7.973134	▁आ
296	-7.973159	ಗಳು
297	-7.973549	મ
298	-7.973998	va
299	-7.975184	▁sa
300	-7.976201	ना
301	-7.980330	ർ
302	-7.981939	▁è
303	-7.987854	▁ও
304	-7.989043	▁ho
305	-7.991343	▁pe
306	-7.992317	и
307	-7.994589	▁हैं
308	-7.997510	%
309	-7.997626	వ
310	-7.999475	▁not
311	-8.001171	▁have
312	-8.002320	ಿ
313	-8.003641	ni
314	-8.004324	م
315	-8.004498	▁نے
316	-8.012938	ర
317	-8.013073	ಗಳ
318	-8.013230	▁அ
319	-8.016766	be
320	-8.026918	ವ
321	-8.028309	▁aur
322	-8.029312	il
323	-8.029615	▁os
324	-8.030030	ل
325	-8.030728	व
326	-8.032654	w
327	-8.033452	▁den
328	-8.034591	ment
329	-8.036872	ર
330	-8.037338	▁at
331	-8.038513	at
332	-8.038543	▁dari
333	-8.042769	ಲ
334	-8.048420	ರು
335	-8.052434	▁ہیں
336	-8.052439	ि
337	-8.052843	on
338	-8.056089	о
339	-8.057138	▁व
340	-8.059253	ത
341	-8.062577	ని
342	-8.064935	▁dengan
343	-8.065279	tu
344	-8.069772	ka
345	-8.072602	గా
346	-8.074671	च
347	-8.077988	▁but
348	-8.078334	ാ
349	-8.079762	▁જ
350	-8.080510	ó
351	-8.082818	▁uma
352	-8.089189	സ്
353	-8.089594	▁ber
354	-8.092433	లు
355	-8.095700	th
356	-8.095807	▁b
357	-8.095849	vi
358	-8.098303	▁ਇੱਕ
359	-8.099500	у
360	-8.099666	ज
361	-8.099672	স
362	-8.101035	ர்
363	-8.101508	ക
364	-8.105750	or
365	-8.109643	▁by
366	-8.110985	ção
367	-8.111921	ia
368	-8.118047	ன்
369	-8.122446	ter
370	-8.122640	ं
371	-8.123251	ர
372	-8.124038	’
373	-8.128783	co
374	-8.133324	▁della
375	-8.133881	ല
376	-8.134075	ट
377	-8.134814	ir
378	-8.140425	▁ആ
379	-8.140550	റ
380	-8.140788	▁पर
381	-8.140946	ba
382	-8.141057	ਤ
383	-8.145737	▁mit
384	-8.150946	ದಲ್ಲಿ
385	-8.151349	▁this
386	-8.155687	ے
387	-8.155945	টি
388	-8.157798	mi
389	-8.158942	▁er
390	-8.159125	य
391	-8.163023	ന
392	-8.166456	▁ha
393	-8.167029	ch
394	-8.167582	ಸ್
395	-8.170352	▁ਇਸ
396	-8.172678	▁не
397	-8.173098	ы
398	-8.175776	▁pa
399	-8.177550	ல்
400	-8.179905	▁ਸੀ
401	-8.183097	go
402	-8.189010	સ
403	-8.190689	▁হয়
404	-8.191018	ड
405	-8.196010	வ
406	-8.198985	v
407	-8.201667	▁zu
408	-8.203659	▁అ
409	-8.203775	▁all
410	-8.209612	▁ra
411	-8.210925	▁ne
412	-8.211632	ত
413	-8.212327	nt
414	-8.212407	/
415	-8.213361	я
416	-8.215352	થી
417	-8.216023	ರ್
418	-8.216497	um
419	-8.224494	que
420	-8.225218	▁એક
421	-8.228354	ke
422	-8.232970	ले
423	-8.233002	▁co
424	-8.233098	▁mein
425	-8.234257	ह
426	-8.237873	▁lo
427	-8.237949	▁ਤੋਂ
428	-8.239104	ക്ക
429	-8.240633	▁pro
430	-8.240743	ട
431	-8.242064	ਣ
432	-8.242332	ই
433	-8.243538	▁dans
434	-8.243700	▁ab
435	-8.244199	प
436	-8.247334	కు
437	-8.248076	й
438	-8.250016	க்க
439	-8.252491	ن
440	-8.253064	ડ
441	-8.253451	ur
442	-8.254081	च्या
443	-8.259285	কে
444	-8.261036	▁ایک
445	-8.262446	તા
446	-8.265854	ली
447	-8.268278	▁ਹਨ
448	-8.268598	man
449	-8.273455	▁আ
450	-8.274647	ात
451	-8.275111	▁my
452	-8.275249	ম
453	-8.275707	st
454	-8.278183	ി
455	-8.278583	с
456	-8.279063	ов
457	-8.279778	ung
458	-8.279812	▁las
459	-8.281338	▁like
460	-8.284729	క
461	-8.286427	▁qui
462	-8.289853	▁p
463	-8.290701	▁ਨੇ
464	-8.291561	য়
465	-8.291732	ী
466	-8.292657	▁au
467	-8.292844	▁don
468	-8.294333	து
469	-8.295934	▁hi
470	-8.296515	mo
471	-8.297599	ಡ
472	-8.297718	▁m
473	-8.297957	ੇ
474	-8.298656	ണ
475	-8.300651	▁or
476	-8.300733	▁કે
477	-8.301866	ವನ್ನು
478	-8.303474	▁ಆ
479	-8.303925	ি
480	-8.306108	த்த
481	-8.306837	▁une
482	-8.307659	▁ان
483	-8.308208	▁car
484	-8.308664	ು
485	-8.308845	▁auf
486	-8.310507	ర్
487	-8.312207	wa
488	-8.315379	ਰਾ
489	-8.315556	▁know
490	-8.316926	▁ou
491	-8.316954	т
492	-8.318233	▁இ
493	-8.321930	க
494	-8.322566	ndo
495	-8.323975	▁ini
496	-8.324286	ను
497	-8.324351	ಗಳನ್ನು
498	-8.324682	lu
499	-8.325334	ver
500	-8.326110	▁आणि
501	-8.326226	▁ein
502	-8.326868	द
503	-8.327318	▁dalam
504	-8.328011	▁vi
505	-8.329057	▁ek
506	-8.329392	ં
507	-8.330556	ಮ
508	-8.332337	▁م
509	-8.334429	ción
510	-8.337372	▁ಈ
511	-8.339189	ja
512	-8.342144	▁man
513	-8.342320	మ
514	-8.343587	ण
515	-8.345836	▁son
516	-8.346181	am
517	-8.346815	ಸ
518	-8.347920	▁ri
519	-8.348187	▁کر
520	-8.349830	▁from
521	-8.353059	ત
522	-8.356745	സ
523	-8.358747	▁po
524	-8.359018	త
525	-8.361230	▁ਤੇ
526	-8.361239	▁за
527	-8.362324	রা
528	-8.364434	▁ex
529	-8.366037	▁nel
530	-8.367739	ு
531	-8.367890	▁ca
532	-8.368423	ਾ
533	-8.370456	ent
534	-8.371687	ம
535	-8.371760	el
536	-8.371942	▁about
537	-8.372416	▁am
538	-8.374010	ಗೆ
539	-8.375024	▁sur
540	-8.375349	ോ
541	-8.375362	▁your
542	-8.379913	ck
543	-8.380711	л
544	-8.380728	ਦ
545	-8.381922	▁ఆ
546	-8.383266	ವು
547	-8.383807	ல
548	-8.386825	નું
549	-8.387623	zione
550	-8.389301	gi
551	-8.391204	ಾ
552	-8.391313	ങ്ങൾ
553	-8.392925	േ
554	-8.394077	ಲ್
555	-8.394371	▁really
556	-8.394764	▁ਅ
557	-8.396799	ನ್
558	-8.400409	া
559	-8.401131	ب
560	-8.401731	▁ter
561	-8.404298	ر
562	-8.404815	و
563	-8.405893	த்
564	-8.406537	che
565	-8.407974	j
566	-8.408641	প
567	-8.411627	х
568	-8.415248	रा
569	-8.415667	▁করে
570	-8.416894	ా
571	-8.417529	▁ने
572	-8.417646	ટ
573	-8.419182	▁ist
574	-8.424484	ਟ
575	-8.425282	▁ఈ
576	-8.425353	चा
577	-8.425908	श
578	-8.426792	তে
579	-8.426878	ತ
580	-8.428172	ய
581	-8.429480	▁tra
582	-8.434458	▁mar
583	-8.434507	▁dos
584	-8.434983	so
585	-8.436624	▁nahi
586	-8.436628	▁pour
587	-8.436921	▁fa
588	-8.437950	▁க
589	-8.439625	री
590	-8.440553	м
591	-8.442223	ات
592	-8.450213	pe
593	-8.451013	est
594	-8.453475	▁mais
595	-8.455257	વા
596	-8.455593	▁entre
597	-8.455903	ry
598	-8.457601	ಗ
599	-8.458529	ती
600	-8.459843	ग
601	-8.462390	в
602	-8.463522	▁f
603	-8.465771	ത്തിൽ
604	-8.467856	▁been
605	-8.468447	▁અ
606	-8.470026	▁к
607	-8.470436	ব
608	-8.472264	ા
609	-8.476173	▁१९
610	-8.476390	pi
611	-8.478442	ते
612	-8.480542	▁untuk
613	-8.483462	യിൽ
614	-8.483950	ो
615	-8.484620	▁g
616	-8.486211	ரி
617	-8.487551	वा
618	-8.488534	▁بھی
619	-8.491485	et
620	-8.491497	ਿਆ
621	-8.493541	í
622	-8.493629	▁ഒരു
623	-8.494480	ത്
624	-8.496430	▁മ
625	-8.496682	▁प्र
626	-8.497895	ء
627	-8.498376	▁भी
628	-8.504668	du
629	-8.504851	▁یہ
630	-8.506786	sch
631	-8.507064	▁ക
632	-8.508182	ão
633	-8.511687	▁time
634	-8.512346	▁ਸ
635	-8.513155	▁ப
636	-8.513591	▁کہ
637	-8.514171	tor
638	-8.515392	ित
639	-8.515834	▁aus
640	-8.521517	tro
641	-8.521690	चे
642	-8.521897	▁ਇਹ
643	-8.522653	ುವ
644	-8.522715	▁പ
645	-8.522882	▁tahun
646	-8.523060	▁mo
647	-8.523437	x
648	-8.526190	રા
649	-8.527269	ਹ
650	-8.528386	д
651	-8.528409	но
652	-8.531741	ય
653	-8.535102	▁his
654	-8.537075	▁कर
655	-8.537736	▁বা
656	-8.538520	▁yeh
657	-8.539119	ू
658	-8.539745	ом
659	-8.539960	ie
660	-8.540713	െ
661	-8.545691	▁ser
662	-8.545827	्य
663	-8.547677	ha
664	-8.551260	ਵ
665	-8.552091	▁mujhe
666	-8.553592	▁у
667	-8.553638	▁bo
668	-8.554000	▁je
669	-8.554514	س
670	-8.554898	▁ही
671	-8.556237	ు
672	-8.556480	య
673	-8.557957	ng
674	-8.559134	தி
675	-8.559138	ன
676	-8.561521	▁adalah
677	-8.562879	യും
678	-8.563018	రి
679	-8.563377	(
680	-8.563828	ਜ਼
681	-8.569047	н
682	-8.569224	વ
683	-8.569541	sta
684	-8.573408	▁অ
685	-8.574281	▁go
686	-8.574544	ਤਾ
687	-8.574565	ю
688	-8.576455	ation
689	-8.578035	స్
690	-8.578806	▁dem
691	-8.579139	▁ce
692	-8.579605	▁ro
693	-8.581718	▁स
694	-8.582026	▁ਨਾਲ
695	-8.582143	tra
696	-8.585568	પ
697	-8.586735	▁कि
698	-8.587538	ut
699	-8.588077	▁એ
700	-8.588096	der
701	-8.589355	▁ad
702	-8.589431	ந்த
703	-8.590261	▁हे
704	-8.590359	▁als
705	-8.590564	പ
706	-8.591286	ла
707	-8.592606	த
708	-8.594370	▁non
709	-8.596107	bi
710	-8.596950	ਪ
711	-8.597283	▁માટે
712	-8.599242	ਲਾ
713	-8.599444	▁come
714	-8.601068	▁sab
715	-8.603874	▁ga
716	-8.604611	ರಿ
717	-8.610898	▁हो
718	-8.610979	▁ഈ
719	-8.611349	▁kuch
720	-8.614149	ட
721	-8.615512	▁ಕ
722	-8.616949	ш
723	-8.617856	▁eine
724	-8.618032	▁pas
725	-8.618188	ze
726	-8.619834	den
727	-8.620195	ி
728	-8.620447	ത്ത
729	-8.620620	▁ba
730	-8.621827	▁എന്ന
731	-8.621865	ой
732	-8.622619	▁वि
733	-8.622627	కి
734	-8.622635	▁her
735	-8.622739	ವಾಗಿ
736	-8.623313	▁म
737	-8.623613	د
738	-8.623863	ion
739	-8.624303	ೇ
740	-8.624504	ु
741	-8.627182	▁main
742	-8.630886	▁plan
743	-8.632268	▁out
744	-8.635397	▁foi
745	-8.635922	▁n
746	-8.637192	▁నుండి
747	-8.637357	ز
748	-8.638419	▁new
749	-8.638958	▁તે
750	-8.639055	▁при
751	-8.639443	▁dé
752	-8.641386	ado
753	-8.647528	▁جو
754	-8.648066	ਰੀ
755	-8.650328	ும்
756	-8.652371	யில்
757	-8.654378	▁up
758	-8.654552	han
759	-8.654987	১৯
760	-8.655535	ઓ
761	-8.655753	ప
762	-8.656148	▁हा
763	-8.656582	ಳ
764	-8.657567	રી
765	-8.658422	▁و
766	-8.658969	▁इ
767	-8.660715	▁well
768	-8.662209	▁একটি
769	-8.665211	ి
770	-8.665824	ও
771	-8.666218	ਸ਼
772	-8.666872	▁kar
773	-8.667133	ant
774	-8.667256	▁fi
775	-8.668284	ब
776	-8.668327	ش
777	-8.671516	▁کیا
778	-8.673672	au
779	-8.674124	ਗ
780	-8.674685	ೆ
781	-8.675191	का
782	-8.676107	రు
783	-8.676760	ted
784	-8.677132	िक
785	-8.677306	▁क
786	-8.678707	ळ
787	-8.678890	ப்ப
788	-8.683107	za
789	-8.689857	▁от
790	-8.690691	ಲು
791	-8.691221	ஸ்
792	-8.692659	▁ம
793	-8.693324	qui
794	-8.694924	জ
795	-8.696345	ਜ
796	-8.696780	▁س
797	-8.698549	▁из
798	-8.700178	த்தில்
799	-8.701061	▁ہو
800	-8.701406	▁ஆ
801	-8.702658	▁für
802	-8.702926	▁ਵੀ
803	-8.703378	▁hum
804	-8.704996	dos
805	-8.705972	യുടെ
806	-8.706688	▁war
807	-8.706703	ف
808	-8.707025	▁यह
809	-8.708042	к
810	-8.708049	▁forma
811	-8.709835	ில்
812	-8.710818	▁এই
813	-8.711554	ಂ
814	-8.712605	▁how
815	-8.713604	જ
816	-8.715629	ton
817	-8.715634	men
818	-8.718215	ven
819	-8.719552	vo
820	-8.719856	▁ja
821	-8.720730	▁বি
822	-8.720884	मा
823	-8.721591	em
824	-8.723029	டி
825	-8.723562	ಪ
826	-8.725873	ка
827	-8.726798	les
828	-8.728316	▁о
829	-8.729590	▁k
830	-8.730252	▁ta
831	-8.730779	▁આવેલા
832	-8.730989	ల్
833	-8.732059	▁yeah
834	-8.733339	▁જે
835	-8.733779	એ
836	-8.734133	▁there
837	-8.734468	ли
838	-8.734485	▁വി
839	-8.735176	res
840	-8.735275	പ്പ
841	-8.735410	గ
842	-8.735503	▁sich
843	-8.736103	ٹ
844	-8.736369	та
845	-8.736603	ان
846	-8.736827	ada
847	-8.737564	▁પણ
848	-8.738071	ക്
849	-8.741657	▁था
850	-8.741947	–
851	-8.742797	▁sebagai
852	-8.744164	িত
853	-8.744525	ak
854	-8.744787	మీ
855	-8.745956	▁kabhi
856	-8.746237	▁এ
857	-8.746786	ram
858	-8.748326	ਦਾ
859	-8.748594	▁sua
860	-8.750287	▁تھا
861	-8.751089	ద
862	-8.751642	á
863	-8.751837	ਡ
864	-8.753987	മായ
865	-8.754084	ع
866	-8.755782	▁उ
867	-8.756223	ಕ್ಕೆ
868	-8.756463	▁men
869	-8.756617	▁oleh
870	-8.758060	▁lekin
871	-8.758214	િ
872	-8.760758	ия
873	-8.763140	▁इस
874	-8.763247	દ
875	-8.763252	▁ar
876	-8.763468	го
877	-8.763603	cu
878	-8.763660	▁પર
879	-8.766165	লা
880	-8.766870	▁থেকে
881	-8.766928	না
882	-8.767150	po
883	-8.768107	న్
884	-8.768115	▁ਉਸ
885	-8.768362	▁comp
886	-8.769827	ра
887	-8.771069	ಣ
888	-8.771625	వి
889	-8.772530	തി
890	-8.773585	ч
891	-8.773933	ang
892	-8.774064	ки
893	-8.777698	ber
894	-8.777978	ಕ್
895	-8.778079	▁li
896	-8.778214	▁किया
897	-8.778706	ത്തിന്റെ
898	-8.780645	ും
899	-8.781203	ಟ
900	-8.782201	▁plus
901	-8.782550	ട്ട
902	-8.783458	▁ఉన్నాయి
903	-8.783615	र्
904	-8.783990	р
905	-8.784299	)
906	-8.784902	ੈ
907	-8.785499	▁न
908	-8.785698	he
909	-8.785824	র্
910	-8.785864	▁প্র
911	-8.786000	▁ਲਈ
912	-8.786089	ور
913	-8.786639	ള
914	-8.788870	ya
915	-8.789058	कर
916	-8.790549	ચ
917	-8.793768	▁प
918	-8.795137	▁were
919	-8.797323	▁ஒரு
920	-8.797546	ಗಳಲ್ಲಿ
921	-8.797787	▁v
922	-8.798187	ੋ
923	-8.798376	hi
924	-8.799563	▁good
925	-8.800289	▁dell
926	-8.803034	▁మ
927	-8.803207	▁ક
928	-8.803583	sse
929	-8.804251	ிய
930	-8.805567	▁são
931	-8.807644	ul
932	-8.807825	ner
933	-8.807916	ది
934	-8.807992	▁great
935	-8.809597	ਬ
936	-8.809653	ad
937	-8.811170	ਨਾ
938	-8.813325	▁ఉంది
939	-8.818617	ita
940	-8.819472	▁fu
941	-8.819726	ری
942	-8.820422	▁ਕਿ
943	-8.820752	▁п
944	-8.822683	▁করা
945	-8.822718	able
946	-8.822906	ь
947	-8.824186	▁ਆ
948	-8.824362	ట
949	-8.824481	ো
950	-8.825735	fe
951	-8.826025	ik
952	-8.826383	க்கு
953	-8.826897	ગ
954	-8.827218	▁pen
955	-8.827397	▁parte
956	-8.827773	ح
957	-8.828070	ീ
958	-8.828197	িক
959	-8.829764	ho
960	-8.830268	té
961	-8.830605	ಯಲ್ಲಿ
962	-8.830621	▁tu
963	-8.832681	land
964	-8.834218	ंग
965	-8.834300	▁তার
966	-8.834456	্যা
967	-8.836760	▁they
968	-8.837399	▁പ്ര
969	-8.837529	ki
970	-8.837722	▁ప
971	-8.839093	ট
972	-8.840291	▁про
973	-8.840953	ных
974	-8.841275	nte
975	-8.842899	ku
976	-8.844783	▁has
977	-8.844890	ло
978	-8.844995	ণ
979	-8.846810	▁ग
980	-8.846953	zi
981	-8.847287	ध
982	-8.849168	▁ब
983	-8.849841	ദ
984	-8.850493	ica
985	-8.850997	ж
986	-8.851889	▁mil
987	-8.853982	ار
988	-8.854010	▁pre
989	-8.854085	на
990	-8.854106	ಯು
991	-8.855536	ણ
992	-8.855595	ിൽ
993	-8.856853	ine
994	-8.857257	ق
995	-8.857875	▁मा
996	-8.857951	ou
997	-8.858214	वर
998	-8.858556	শ
999	-8.859028	দ
1000	-8.859785	ä
1001	-8.861860	రా
1002	-8.862061	ts
1003	-8.863251	tes
1004	-8.863314	▁ಪ್ರ
1005	-8.865534	्
1006	-8.865771	son
1007	-8.866602	ची
1008	-8.869897	▁nach
1009	-8.872451	ப
1010	-8.872781	fa
1011	-8.874831	थ
1012	-8.875653	▁до
1013	-8.876244	▁jo
1014	-8.876305	ic
1015	-8.878262	ger
1016	-8.879843	pa
1017	-8.880413	ии
1018	-8.880662	▁esta
1019	-8.881354	்
1020	-8.881964	▁করেন
1021	-8.881984	▁sont
1022	-8.882132	bo
1023	-8.882457	▁pi
1024	-8.883041	г
1025	-8.883222	▁w
1026	-8.884188	je
1027	-8.884884	▁sono
1028	-8.885397	▁ال
1029	-8.886437	ലി
1030	-8.886536	લી
1031	-8.889843	ख
1032	-8.890338	ే
1033	-8.891295	▁some
1034	-8.892199	▁વિ
1035	-8.892817	ము
1036	-8.892898	▁us
1037	-8.893349	ria
1038	-8.893857	▁पा
1039	-8.895097	▁não
1040	-8.895864	ರಾ
1041	-8.896394	ਆਂ
1042	-8.897305	das
1043	-8.898266	্য
1044	-8.899879	ko
1045	-8.900126	ط
1046	-8.901469	१
1047	-8.901905	▁जा
1048	-8.902850	io
1049	-8.904592	▁liye
1050	-8.905193	▁bu
1051	-8.905772	▁ਪ
1052	-8.907238	রি
1053	-8.908949	লি
1054	-8.909117	▁bas
1055	-8.912251	▁તેમ
1056	-8.912778	▁மற்றும்
1057	-8.912884	డ
1058	-8.913919	gu
1059	-8.916231	▁ب
1060	-8.917970	نا
1061	-8.919979	নি
1062	-8.920195	▁ಹ
1063	-8.921484	▁வி
1064	-8.923352	তা
1065	-8.924205	ச்
1066	-8.924404	▁ré
1067	-8.924602	▁వి
1068	-8.924628	per
1069	-8.925353	‍
1070	-8.925454	▁होता
1071	-8.926038	క్
1072	-8.926200	ೀ
1073	-8.926493	ವಾದ
1074	-8.926543	్
1075	-8.926747	ുന്ന
1076	-8.927003	▁ru
1077	-8.928698	ിയ
1078	-8.929646	п
1079	-8.929666	ై
1080	-8.930764	ਲੀ
1081	-8.931376	▁work
1082	-8.931891	नी
1083	-8.932650	ੀਆਂ
1084	-8.932782	ही
1085	-8.932980	৪
1086	-8.933016	▁fe
1087	-8.934212	▁सं
1088	-8.934301	റ്റ
1089	-8.934870	nd
1090	-8.934993	ળ
1091	-8.939230	▁auch
1092	-8.940353	▁મ
1093	-8.940934	ੂ
1094	-8.942625	ారు
1095	-8.942660	id
1096	-8.943966	▁j
1097	-8.944581	▁క
1098	-8.946164	ઝ
1099	-8.946764	sh
1100	-8.946793	wi
1101	-8.946959	ಡಿ
1102	-8.948242	▁కి
1103	-8.948374	ва
1104	-8.950073	ü
1105	-8.950391	▁one
1106	-8.950578	▁era
1107	-8.950747	▁వ
1108	-8.951962	یں
1109	-8.953461	да
1110	-8.954009	ет
1111	-8.956029	▁feel
1112	-8.956450	▁ಮ
1113	-8.956764	ரா
1114	-8.957242	ई
1115	-8.958514	ா
1116	-8.959378	▁lagta
1117	-8.959750	▁આવે
1118	-8.960768	വും
1119	-8.961207	▁te
1120	-8.961331	ನೆ
1121	-8.962029	▁जो
1122	-8.963226	▁со
1123	-8.963738	ಲಿ
1124	-8.964045	▁પ્ર
1125	-8.964796	▁होते
1126	-8.965377	ாக
1127	-8.966866	▁তিনি
1128	-8.967781	sti
1129	-8.968269	ato
1130	-8.969173	ச
1131	-8.969444	▁über
1132	-8.969827	▁inter
1133	-8.969899	ै
1134	-8.970961	▁sie
1135	-8.972428	വി
1136	-8.972431	ంలో
1137	-8.972689	▁உ
1138	-8.973074	ú
1139	-8.976230	▁want
1140	-8.977337	হ
1141	-8.977761	▁لیے
1142	-8.978011	ک
1143	-8.978683	▁સ
1144	-8.978888	im
1145	-8.980741	▁wurde
1146	-8.982140	▁آ
1147	-8.982667	ron
1148	-8.983430	ੁ
1149	-8.984016	▁san
1150	-8.984321	▁ਚ
1151	-8.985502	з
1152	-8.985636	▁karna
1153	-8.985909	ப்பு
1154	-8.986286	ers
1155	-8.986332	▁लिए
1156	-8.986399	▁had
1157	-8.986686	▁dei
1158	-8.986924	રો
1159	-8.987970	▁if
1160	-8.988161	▁going
1161	-8.988634	कार
1162	-8.988753	▁ప్ర
1163	-8.989338	▁vor
1164	-8.991072	ной
1165	-8.991193	ий
1166	-8.992734	ை
1167	-8.993075	▁હતી
1168	-8.993129	ೋ
1169	-8.993183	ac
1170	-8.993210	▁ਗਿਆ
1171	-8.993875	ాలు
1172	-8.996282	▁ഇ
1173	-8.996304	લા
1174	-8.996889	▁sub
1175	-8.997038	ின்
1176	-8.998727	తి
1177	-8.998860	ু
1178	-9.000237	▁yaar
1179	-9.000960	▁ఒక
1180	-9.001492	ي
1181	-9.001833	ರಲ್ಲಿ
1182	-9.001842	lin
1183	-9.003537	▁mu
1184	-9.004150	നി
1185	-9.006795	▁chahiye
1186	-9.006808	શ
1187	-9.007298	▁я
1188	-9.008091	▁cha
1189	-9.008779	స
1190	-9.009199	▁bei
1191	-9.010328	ale
1192	-9.011006	▁а
1193	-9.011229	ഹ
1194	-9.012863	બ
1195	-9.013162	▁help
1196	-9.014291	▁सा
1197	-9.014571	ाच्या
1198	-9.015175	▁вы
1199	-9.016709	▁cu
1200	-9.017736	ین
1201	-9.017948	bar
1202	-9.018241	ನಿ
1203	-9.018575	ff
1204	-9.018876	ни
1205	-9.018878	ே
1206	-9.019184	▁get
1207	-9.020894	ુ
1208	-9.021312	ال
1209	-9.021611	ಸಿ
1210	-9.022464	ૂ
1211	-9.024312	mer
1212	-9.025351	ടി
1213	-9.025419	▁नि
1214	-9.026608	ર્
1215	-9.028019	▁गया
1216	-9.028255	▁ಇ
1217	-9.028738	▁ಒಂದು
1218	-9.029545	ти
1219	-9.029788	те
1220	-9.030752	ರೆ
1221	-9.031421	ਤੀ
1222	-9.032372	▁hoon
1223	-9.032402	▁menjadi
1224	-9.033093	രി
1225	-9.033105	▁fun
1226	-9.033390	மை
1227	-9.034588	▁ju
1228	-9.035510	▁tidak
1229	-9.036091	▁گیا
1230	-9.036877	не
1231	-9.038719	లి
1232	-9.040487	▁bi
1233	-9.041531	▁ao
1234	-9.041689	ces
1235	-9.042545	ité
1236	-9.043492	▁تھے
1237	-9.044927	▁وہ
1238	-9.045357	▁think
1239	-9.045484	ser
1240	-9.045738	ார்
1241	-9.046702	▁let
1242	-9.046781	নে
1243	-9.046916	▁గ్రామం
1244	-9.047594	▁ਉਹ
1245	-9.049930	ст
1246	-9.050116	▁எ
1247	-9.050273	रे
1248	-9.050914	ко
1249	-9.051566	ற
1250	-9.054285	tar
1251	-9.054317	দের
1252	-9.054364	:
1253	-9.055232	्या
1254	-9.055288	િત
1255	-9.056682	ty
1256	-9.057585	ून
1257	-9.057638	િક
1258	-9.061312	ana
1259	-9.061314	▁ವಿ
1260	-9.061728	७
1261	-9.062032	▁più
1262	-9.064700	▁ਕੀਤਾ
1263	-9.065177	▁স
1264	-9.067299	ée
1265	-9.068830	▁film
1266	-9.069115	▁সালে
1267	-9.069209	મા
1268	-9.069521	ું
1269	-9.069780	tan
1270	-9.069872	▁har
1271	-9.070023	ais
1272	-9.070549	ler
1273	-9.070915	▁વ
1274	-9.071627	രാ
1275	-9.072280	▁bis
1276	-9.072577	লে
1277	-9.073210	డి
1278	-9.073574	ste
1279	-9.074756	കൾ
1280	-9.078815	▁alla
1281	-9.078887	▁cor
1282	-9.079289	ष
1283	-9.079892	ഴ
1284	-9.080126	▁avec
1285	-9.080301	ంగా
1286	-9.080890	ડી
1287	-9.080969	▁بن
1288	-9.082989	த்து
1289	-9.083055	▁ve
1290	-9.084736	▁h
1291	-9.085714	▁mi
1292	-9.086362	▁ف
1293	-9.086578	▁more
1294	-9.087180	ente
1295	-9.087364	▁nicht
1296	-9.087460	ò
1297	-9.087904	▁ఇ
1298	-9.088201	ਨੀ
1299	-9.088595	ле
1300	-9.088859	▁%
1301	-9.090849	▁qu
1302	-9.090974	zo
1303	-9.091137	▁ത
1304	-9.092903	tta
1305	-9.092938	५
1306	-9.093318	▁द
1307	-9.093542	▁u
1308	-9.093641	▁tumhe
1309	-9.094078	▁bar
1310	-9.096173	તી
1311	-9.097010	▁she
1312	-9.097320	ವಿ
1313	-9.097822	▁atau
1314	-9.099247	ത്തെ
1315	-9.099398	സി
1316	-9.099456	ਖ
1317	-9.099783	tur
1318	-9.100401	jo
1319	-9.101338	ей
1320	-9.101433	ುತ್ತದೆ
1321	-9.101530	▁lu
1322	-9.101805	್
1323	-9.102180	las
1324	-9.102202	८
1325	-9.102605	ные
1326	-9.103139	par
1327	-9.103649	cia
1328	-9.104074	ിച്ചു
1329	-9.104559	ణ
1330	-9.105141	fi
1331	-9.105166	ico
1332	-9.105374	▁gu
1333	-9.107397	lan
1334	-9.108499	▁કરવામાં
1335	-9.108881	▁પા
1336	-9.109127	▁also
1337	-9.109576	▁chi
1338	-9.109722	গ
1339	-9.110188	ൈ
1340	-9.111200	▁ع
1341	-9.111303	▁would
1342	-9.111524	▁ಬ
1343	-9.111990	▁ச
1344	-9.112780	▁delle
1345	-9.112964	டு
1346	-9.113699	ശ
1347	-9.114224	▁hu
1348	-9.114792	elle
1349	-9.115042	▁durch
1350	-9.116037	▁ن
1351	-9.116308	▁जाता
1352	-9.116380	نے
1353	-9.116599	सा
1354	-9.117108	▁ਕਰ
1355	-9.117364	ный
1356	-9.118917	▁need
1357	-9.119207	ാണ്
1358	-9.119532	▁pu
1359	-9.121227	മാണ്
1360	-9.122485	வை
1361	-9.122645	▁ਜੋ
1362	-9.122749	б
1363	-9.123118	മാ
1364	-9.123158	ీ
1365	-9.123718	▁much
1366	-9.124554	ive
1367	-9.126690	ré
1368	-9.127216	▁న
1369	-9.127777	ity
1370	-9.128434	ಯನ್ನು
1371	-9.128881	ന്ന
1372	-9.129181	▁which
1373	-9.130685	வு
1374	-9.131320	ో
1375	-9.133171	ju
1376	-9.133542	▁now
1377	-9.133685	▁karne
1378	-9.133773	نی
1379	-9.134171	▁ਬ
1380	-9.134218	▁ఎ
1381	-9.134575	▁ಪ
1382	-9.135275	லை
1383	-9.135444	lie
1384	-9.135695	ಹ
1385	-9.136227	வர்
1386	-9.137172	ದು
1387	-9.137615	ਦੀ
1388	-9.137667	વી
1389	-9.137941	ig
1390	-9.137971	മായി
1391	-9.138867	वि
1392	-9.140266	ನು
1393	-9.140725	ೂ
1394	-9.140738	హ
1395	-9.140882	تی
1396	-9.141494	ధ
1397	-9.141999	▁see
1398	-9.143504	▁mas
1399	-9.143947	ого
1400	-9.144613	▁ते
1401	-9.144979	९
1402	-9.145295	ali
1403	-9.145937	és
1404	-9.146005	६
1405	-9.146822	▁جس
1406	-9.147361	ran
1407	-9.148419	ंड
1408	-9.149020	▁juga
1409	-9.149372	या
1410	-9.149473	▁த
1411	-9.149613	ரு
1412	-9.149785	tas
1413	-9.151167	ся
1414	-9.151397	ೈ
1415	-9.152368	வி
1416	-9.153779	ತಿ
1417	-9.153839	ת
1418	-9.154635	ಟ್
1419	-9.154770	ting
1420	-9.154991	ൂ
1421	-9.155249	tto
1422	-9.155397	ian
1423	-9.155608	▁સાથે
1424	-9.156971	ye
1425	-9.157656	▁ह
1426	-9.158046	ಷ
1427	-9.159144	▁હતો
1428	-9.159216	४
1429	-9.160205	▁હતા
1430	-9.160542	ai
1431	-9.161500	ங்கள்
1432	-9.161726	▁who
1433	-9.162234	৬
1434	-9.162788	▁జ
1435	-9.163950	▁other
1436	-9.164448	৮
1437	-9.164889	▁мо
1438	-9.165329	▁sind
1439	-9.165592	હ
1440	-9.165867	ائی
1441	-9.166162	ciones
1442	-9.167288	ö
1443	-9.168019	ட்
1444	-9.169697	▁پ
1445	-9.171049	▁ந
1446	-9.172458	▁ತ
1447	-9.173269	▁ਕੇ
1448	-9.173767	▁تو
1449	-9.174081	че
1450	-9.174094	▁sal
1451	-9.175011	ੜ
1452	-9.175654	ங்க
1453	-9.175741	▁ਪ੍ਰ
1454	-9.176363	ere
1455	-9.176789	ando
1456	-9.176807	ص
1457	-9.177638	پ
1458	-9.178037	▁ব
1459	-9.178205	ড
1460	-9.178357	▁más
1461	-9.179564	ന്
1462	-9.179910	▁എ
1463	-9.180758	▁wo
1464	-9.181099	ుడు
1465	-9.181112	age
1466	-9.181172	are
1467	-9.182850	ാൻ
1468	-9.183125	ட்ட
1469	-9.183582	▁ਮ
1470	-9.183615	ഷ
1471	-9.183815	ಧ
1472	-9.186027	▁cal
1473	-9.188509	ren
1474	-9.189477	▁va
1475	-9.191959	▁года
1476	-9.193433	ista
1477	-9.194544	▁bahasa
1478	-9.195024	▁too
1479	-9.195205	ри
1480	-9.195373	▁এর
1481	-9.195686	ಕ್ಷ
1482	-9.196060	టి
1483	-9.196341	್ಯ
1484	-9.196389	▁ಸ
1485	-9.196704	▁ਜਾਂਦਾ
1486	-9.196785	ॉ
1487	-9.197742	▁werden
1488	-9.199552	▁comme
1489	-9.200036	ного
1490	-9.200147	▁tem
1491	-9.201303	થ
1492	-9.201340	ون
1493	-9.202059	▁सु
1494	-9.202299	pro
1495	-9.202926	ाचे
1496	-9.203763	tru
1497	-9.204095	ાય
1498	-9.204999	ੰ
1499	-9.205372	▁ಎ
1500	-9.205496	▁ele
1501	-9.205785	ڈ
1502	-9.206017	▁ti
1503	-9.206058	ções
1504	-9.207860	ठ
1505	-9.208097	▁भारत
1506	-9.208618	ਧ
1507	-9.209440	ate
1508	-9.209846	ab
1509	-9.210314	▁জন্য
1510	-9.211076	▁kota
1511	-9.211691	▁கு
1512	-9.211820	ಲೆ
1513	-9.211927	▁hota
1514	-9.212324	▁रूप
1515	-9.212743	lé
1516	-9.214212	ля
1517	-9.214351	ડા
1518	-9.215076	തു
1519	-9.215182	क्ष
1520	-9.215281	களை
1521	-9.215404	▁hey
1522	-9.215590	ాడు
1523	-9.215927	▁right
1524	-9.216122	bra
1525	-9.216261	▁dia
1526	-9.216349	dor
1527	-9.216867	▁तथा
1528	-9.217113	▁trans
1529	-9.217921	ito
1530	-9.219301	tura
1531	-9.219829	લો
1532	-9.219968	▁ज
1533	-9.221332	ਦੇ
1534	-9.223176	ਕਾਰ
1535	-9.224119	फ
1536	-9.225041	tive
1537	-9.225074	▁first
1538	-9.226957	মা
1539	-9.227220	ire
1540	-9.227473	▁ya
1541	-9.227556	न्
1542	-9.228067	ां
1543	-9.228147	▁grande
1544	-9.228430	ഗ
1545	-9.229020	tos
1546	-9.229282	ал
1547	-9.229302	chi
1548	-9.229639	ap
1549	-9.230463	ள
1550	-9.230655	৭
1551	-9.232015	تا
1552	-9.232024	▁dal
1553	-9.232033	வே
1554	-9.232504	▁when
1555	-9.232658	▁z
1556	-9.232924	્યા
1557	-9.232991	▁હતું
1558	-9.233146	ಲಾ
1559	-9.233362	▁शहर
1560	-9.235746	శ
1561	-9.237584	నే
1562	-9.237618	▁sta
1563	-9.238962	ਵਾ
1564	-9.239751	▁بعد
1565	-9.239758	tions
1566	-9.240982	▁este
1567	-9.241872	▁ਕ
1568	-9.242046	খ
1569	-9.242082	ischen
1570	-9.242369	▁ban
1571	-9.242550	ru
1572	-9.242959	car
1573	-9.244705	ਚ
1574	-9.244933	▁तो
1575	-9.244955	ие
1576	-9.245041	▁hoga
1577	-9.245255	▁വ
1578	-9.245401	களில்
1579	-9.246095	ben
1580	-9.246126	ِ
1581	-9.246457	▁here
1582	-9.246634	ೊ
1583	-9.248668	ిన
1584	-9.248805	ನ್ನು
1585	-9.248908	ج
1586	-9.249193	▁श
1587	-9.249769	ement
1588	-9.250135	им
1589	-9.250260	▁ਹ
1590	-9.250407	▁वे
1591	-9.251285	▁kon
1592	-9.252468	કા
1593	-9.252768	▁itu
1594	-9.253212	ской
1595	-9.253791	▁zaroori
1596	-9.253941	cent
1597	-9.254326	മ്പ
1598	-9.255630	▁હ
1599	-9.255669	▁fra
1600	-9.255678	▁lot
1601	-9.257157	ষ
1602	-9.258422	▁ਜ
1603	-9.259143	▁ഉ
1604	-9.259483	ெ
1605	-9.259961	યા
1606	-9.260572	ाने
1607	-9.260701	ਮਾ
1608	-9.262109	cy
1609	-9.262511	ı
1610	-9.262534	ीय
1611	-9.262837	રે
1612	-9.263310	fer
1613	-9.263747	▁could
1614	-9.264156	▁bilkul
1615	-9.264225	▁г
1616	-9.264325	दा
1617	-9.264528	▁फ
1618	-9.264826	stra
1619	-9.265256	சு
1620	-9.266337	su
1621	-9.266670	▁ent
1622	-9.267131	▁స
1623	-9.267670	▁ਵਿ
1624	-9.267823	▁സ
1625	-9.268176	▁sure
1626	-9.268450	▁oder
1627	-9.268467	▁এক
1628	-9.268817	ения
1629	-9.269858	ו
1630	-9.271278	▁pela
1631	-9.271356	▁যা
1632	-9.271518	ক্ষ
1633	-9.271893	▁sistema
1634	-9.272161	▁под
1635	-9.272183	▁thanks
1636	-9.272562	▁ಸಂ
1637	-9.273064	સ્ટ
1638	-9.273643	▁आहेत
1639	-9.274325	जी
1640	-9.275322	lar
1641	-9.275556	ਂ
1642	-9.275640	ിക്ക
1643	-9.275663	▁soch
1644	-9.276731	বি
1645	-9.276903	ಾಗ
1646	-9.276950	शी
1647	-9.277357	▁बा
1648	-9.277652	ियों
1649	-9.277689	তি
1650	-9.278776	▁pra
1651	-9.278952	اب
1652	-9.279627	উ
1653	-9.281347	zioni
1654	-9.282181	gar
1655	-9.282424	▁ا
1656	-9.282755	स्
1657	-9.284448	ച
1658	-9.284539	▁ci
1659	-9.286187	ਲੇ
1660	-9.286717	లా
1661	-9.287446	▁во
1662	-9.287476	▁haan
1663	-9.287734	▁ભાગમાં
1664	-9.288235	▁ನಿ
1665	-9.288991	sion
1666	-9.289438	৩
1667	-9.289774	ਿ
1668	-9.290711	ite
1669	-9.291708	▁está
1670	-9.292009	ിച്ച
1671	-9.292247	ಶ
1672	-9.292323	▁ছিল
1673	-9.292604	cha
1674	-9.293529	▁હોય
1675	-9.293868	ist
1676	-9.294255	ॅ
1677	-9.294526	್ಯಾ
1678	-9.295294	யின்
1679	-9.295914	▁ಮಾಡ
1680	-9.296442	ken
1681	-9.296729	જી
1682	-9.296785	ற்ற
1683	-9.297264	મી
1684	-9.298237	▁gi
1685	-9.298307	خ
1686	-9.298466	▁ਸਿੰਘ
1687	-9.299076	ವಾ
1688	-9.299568	ത്ര
1689	-9.299809	▁பா
1690	-9.301300	ீ
1691	-9.301892	ার
1692	-9.301892	▁ה
1693	-9.302258	▁ش
1694	-9.303036	ная
1695	-9.303715	ismo
1696	-9.303815	ਵਾਂ
1697	-9.303862	ique
1698	-9.304445	ಿತ
1699	-9.305554	జ
1700	-9.305658	bel
1701	-9.306096	sen
1702	-9.307928	idade
1703	-9.308298	৫
1704	-9.308464	لی
1705	-9.308466	ായി
1706	-9.309375	ה
1707	-9.310562	▁કરી
1708	-9.310592	ટી
1709	-9.310612	ação
1710	-9.311682	▁బ
1711	-9.311862	▁প
1712	-9.311872	சி
1713	-9.312312	▁கா
1714	-9.312757	▁ભારત
1715	-9.312966	ंद
1716	-9.314521	ओं
1717	-9.315012	स्त
1718	-9.315018	ਰੇ
1719	-9.315032	తో
1720	-9.315176	▁نہیں
1721	-9.315804	▁will
1722	-9.316953	ூ
1723	-9.317373	▁wird
1724	-9.317627	▁anche
1725	-9.317805	▁దూరంలో
1726	-9.318988	mp
1727	-9.319494	▁ਪਰ
1728	-9.319576	ുന്നു
1729	-9.319696	▁थे
1730	-9.319715	▁their
1731	-9.319842	ina
1732	-9.320076	▁राज्य
1733	-9.320607	ая
1734	-9.320951	ൊ
1735	-9.320961	റി
1736	-9.321460	ನ್‌
1737	-9.322038	cio
1738	-9.322087	▁ਹੀ
1739	-9.323325	une
1740	-9.325094	▁app
1741	-9.326286	ਈ
1742	-9.326528	▁vol
1743	-9.327041	ר
1744	-9.328167	▁ق
1745	-9.328485	स्ट
1746	-9.328502	வர
1747	-9.328793	ido
1748	-9.328964	▁ન
1749	-9.329456	ಯಾ
1750	-9.330147	கி
1751	-9.330361	भ
1752	-9.330728	nce
1753	-9.332125	wan
1754	-9.332144	uk
1755	-9.332245	if
1756	-9.332389	मी
1757	-9.332523	ise
1758	-9.333378	ాన్ని
1759	-9.333434	▁ক
1760	-9.333445	ಡ್
1761	-9.333465	gre
1762	-9.333525	▁ಸಾ
1763	-9.334200	की
1764	-9.334476	▁vo
1765	-9.335935	ಬ
1766	-9.336390	▁ਜਿਸ
1767	-9.336535	ил
1768	-9.336895	des
1769	-9.336993	ами
1770	-9.337256	ನಾ
1771	-9.337375	ф
1772	-9.338426	bu
1773	-9.339186	▁make
1774	-9.339644	ag
1775	-9.339702	▁नहीं
1776	-9.339789	▁சி
1777	-9.339985	ре
1778	-9.339985	▁च
1779	-9.340029	▁ਸਨ
1780	-9.340391	▁১
1781	-9.340423	▁মা
1782	-9.341252	▁ਕੀਤੀ
1783	-9.341921	ജ
1784	-9.341963	ച്ച
1785	-9.342016	▁году
1786	-9.342648	ud
1787	-9.342666	ತ್ತ
1788	-9.343321	hu
1789	-9.343355	മി
1790	-9.343541	tri
1791	-9.343745	ীয়
1792	-9.343931	ल्या
1793	-9.343946	ide
1794	-9.343971	ан
1795	-9.344397	▁வ
1796	-9.345722	ados
1797	-9.345796	tz
1798	-9.345808	యా
1799	-9.347332	▁ઉ
1800	-9.347665	▁gli
1801	-9.347970	▁تک
1802	-9.348742	▁einer
1803	-9.349021	▁negara
1804	-9.349659	யா
1805	-9.350291	▁ബ
1806	-9.350750	▁local
1807	-9.350879	२
1808	-9.351072	ँ
1809	-9.351325	ку
1810	-9.351935	ನ್ನ
1811	-9.352386	asi
1812	-9.353364	▁об
1813	-9.353621	वे
1814	-9.353910	▁તરીકે
1815	-9.354134	▁ખેતી
1816	-9.355086	மாக
1817	-9.355247	ть
1818	-9.355402	min
1819	-9.356014	ida
1820	-9.356955	ster
1821	-9.357599	▁બ
1822	-9.358019	೦
1823	-9.358680	amente
1824	-9.359638	▁ಉ
1825	-9.359723	ем
1826	-9.359825	ns
1827	-9.360346	ాయి
1828	-9.360663	ji
1829	-9.361128	ע
1830	-9.361244	ਮੀ
1831	-9.361431	▁वर्ष
1832	-9.361590	३
1833	-9.361954	চ
1834	-9.362498	ానికి
1835	-9.363412	ತ್
1836	-9.363994	▁সা
1837	-9.364053	▁પ
1838	-9.364453	கு
1839	-9.364640	▁unter
1840	-9.365470	बा
1841	-9.365477	і
1842	-9.365546	ль
1843	-9.366055	▁did
1844	-9.366058	▁મુખ્ય
1845	-9.366213	ский
1846	-9.366404	ಜ
1847	-9.366508	▁ਗ
1848	-9.366789	nen
1849	-9.369226	mento
1850	-9.369580	য়ে
1851	-9.372188	one
1852	-9.374303	ਾਈ
1853	-9.375036	▁log
1854	-9.375150	नि
1855	-9.375247	▁కా
1856	-9.375327	bre
1857	-9.375546	ano
1858	-9.376059	▁شہر
1859	-9.376179	▁gra
1860	-9.376344	ധ
1861	-9.376393	▁मु
1862	-9.376519	▁том
1863	-9.377148	▁sin
1864	-9.377399	સા
1865	-9.377668	▁દ્વારા
1866	-9.377684	ಳಿ
1867	-9.378664	▁ಎಂದು
1868	-9.380805	పు
1869	-9.381339	cer
1870	-9.381758	લિ
1871	-9.382138	ക്ക്
1872	-9.382211	mu
1873	-9.382379	ائ
1874	-9.382602	▁മാ
1875	-9.383333	▁over
1876	-9.383490	യാ
1877	-9.384394	ах
1878	-9.384468	ח
1879	-9.385036	রে
1880	-9.385262	ತೆ
1881	-9.385489	ति
1882	-9.385818	ങ്ങളിൽ
1883	-9.386992	▁sol
1884	-9.387311	৯
1885	-9.388349	னி
1886	-9.388433	ులు
1887	-9.388812	▁life
1888	-9.390189	્ય
1889	-9.390274	▁day
1890	-9.390477	யாக
1891	-9.391809	▁পা
1892	-9.392314	ми
1893	-9.392334	ón
1894	-9.394012	કો
1895	-9.394191	▁pri
1896	-9.394203	▁part
1897	-9.394524	▁ku
1898	-9.394963	▁त्या
1899	-9.395404	▁ben
1900	-9.396092	ых
1901	-9.396346	mos
1902	-9.396701	ाचा
1903	-9.396758	ాల
1904	-9.397080	tte
1905	-9.397154	▁sobre
1906	-9.398142	▁பி
1907	-9.398926	ातील
1908	-9.399447	▁تھی
1909	-9.400196	ढ
1910	-9.400507	▁બે
1911	-9.401171	ಿಕ
1912	-9.401171	▁real
1913	-9.402205	னை
1914	-9.402940	ಭ
1915	-9.403352	form
1916	-9.403434	▁ગ
1917	-9.403909	tic
1918	-9.405057	▁something
1919	-9.405147	gel
1920	-9.406026	▁ਮੁ
1921	-9.406126	▁nella
1922	-9.406543	▁maza
1923	-9.407039	▁ભ
1924	-9.407468	▁wie
1925	-9.407826	pen
1926	-9.407909	cri
1927	-9.408144	▁ગામમાં
1928	-9.408175	▁ಜ
1929	-9.408588	मध्ये
1930	-9.408983	ische
1931	-9.409061	▁ই
1932	-9.410120	ದಿಂದ
1933	-9.411003	con
1934	-9.412872	ban
1935	-9.413300	ix
1936	-9.413444	▁কা
1937	-9.413480	▁как
1938	-9.413560	ring
1939	-9.413800	▁સં
1940	-9.413806	से
1941	-9.413925	ുള്ള
1942	-9.414878	▁av
1943	-9.415190	ঙ্গ
1944	-9.415223	▁মধ্যে
1945	-9.415250	▁ni
1946	-9.416293	▁ਹੋ
1947	-9.416631	▁что
1948	-9.416723	▁durante
1949	-9.416848	ny
1950	-9.417567	ూ
1951	-9.418051	ਥ
1952	-9.418160	ਿਕ
1953	-9.419227	gue
1954	-9.419773	▁д
1955	-9.420588	▁भारतीय
1956	-9.420606	▁after
1957	-9.421422	്യ
1958	-9.421722	▁যে
1959	-9.421878	ಿದೆ
1960	-9.421944	▁orang
1961	-9.422290	কা
1962	-9.422482	ल्
1963	-9.422675	▁دیا
1964	-9.422897	را
1965	-9.423282	ન્
1966	-9.423363	▁മു
1967	-9.423903	▁ਵ
1968	-9.424310	્યુ
1969	-9.424364	ाची
1970	-9.424437	▁social
1971	-9.424735	▁होती
1972	-9.424739	▁ਨ
1973	-9.425117	ме
1974	-9.425447	லி
1975	-9.425636	യാണ്
1976	-9.426023	dio
1977	-9.426652	చ
1978	-9.427578	യെ
1979	-9.427761	્
1980	-9.428435	ol
1981	-9.428662	ె
1982	-9.428841	▁পর
1983	-9.428931	▁sus
1984	-9.429070	ట్
1985	-9.429512	ble
1986	-9.429555	ং
1987	-9.429579	ുകൾ
1988	-9.429936	ખ
1989	-9.430084	हा
1990	-9.430207	டை
1991	-9.430412	bri
1992	-9.431721	ঁ
1993	-9.432675	टी
1994	-9.433186	▁tri
1995	-9.434186	▁world
1996	-9.434719	ше
1997	-9.434866	নের
1998	-9.435501	న్న
1999	-9.435870	யை
2000	-9.435922	ذ
2001	-9.437949	বা
2002	-9.438366	ling
2003	-9.438402	▁ए
2004	-9.438567	மான
2005	-9.438833	ाय
2006	-9.439353	ിക
2007	-9.439865	த்தை
2008	-9.440918	▁ghar
2009	-9.440967	घ
2010	-9.441354	ഭ
2011	-9.441522	▁poli
2012	-9.441831	ਹਿ
2013	-9.442134	▁sul
2014	-9.442577	ante
2015	-9.444288	▁для
2016	-9.444401	га
2017	-9.444663	ero
2018	-9.445793	▁मे
2019	-9.446430	▁ચ
2020	-9.447179	மி
2021	-9.448785	ઇ
2022	-9.450059	▁também
2023	-9.450311	ಿತು
2024	-9.451560	nda
2025	-9.452445	▁love
2026	-9.452505	▁সে
2027	-9.452617	gan
2028	-9.452707	વામાં
2029	-9.452988	▁seu
2030	-9.453017	▁merupakan
2031	-9.453678	ek
2032	-9.454067	▁take
2033	-9.454252	یت
2034	-9.454569	▁جاتا
2035	-9.454754	▁sakte
2036	-9.455553	ண
2037	-9.456365	▁من
2038	-9.457099	▁ನ
2039	-9.457641	ía
2040	-9.457700	▁साथ
2041	-9.458140	▁કરે
2042	-9.458809	tif
2043	-9.458913	ਿਤ
2044	-9.459041	ਸੀ
2045	-9.459154	тор
2046	-9.459389	▁ہی
2047	-9.460344	è
2048	-9.460423	ಟಿ
2049	-9.460536	কার
2050	-9.461019	▁apne
2051	-9.461123	▁fin
2052	-9.461430	ধ
2053	-9.461827	నా
2054	-9.462149	▁கி
2055	-9.462566	▁না
2056	-9.462702	▁ਪਿੰਡ
2057	-9.463248	▁tre
2058	-9.463417	pan
2059	-9.463492	rio
2060	-9.464184	op
2061	-9.465137	angan
2062	-9.467059	ex
2063	-9.467559	▁thank
2064	-9.467901	ায়
2065	-9.469135	▁പാ
2066	-9.469246	ൺ
2067	-9.469375	கா
2068	-9.469726	രു
2069	-9.469934	vol
2070	-9.470004	ફ
2071	-9.470473	▁país
2072	-9.470760	mar
2073	-9.471060	▁mon
2074	-9.471409	▁उप
2075	-9.471584	▁parti
2076	-9.471889	rie
2077	-9.472197	tiva
2078	-9.472390	ொ
2079	-9.473063	▁sounds
2080	-9.473161	nes
2081	-9.473508	اف
2082	-9.473665	সি
2083	-9.473843	ati
2084	-9.473998	ев
2085	-9.474226	▁indonesia
2086	-9.475224	ഡ്
2087	-9.475817	▁ম
2088	-9.476058	ધ
2089	-9.476392	dra
2090	-9.476455	களின்
2091	-9.476734	▁zum
2092	-9.477041	ras
2093	-9.478096	▁ગામ
2094	-9.478285	ен
2095	-9.479221	▁প্রতি
2096	-9.479588	▁ਜਾਂ
2097	-9.480116	கை
2098	-9.480220	isme
2099	-9.480350	▁modern
2100	-9.480443	ழ
2101	-9.483384	تے
2102	-9.483601	▁try
2103	-9.484095	▁zur
2104	-9.484319	ಲ್ಲಿ
2105	-9.484365	▁people
2106	-9.484578	प्र
2107	-9.484943	י
2108	-9.485383	▁anti
2109	-9.485788	▁મા
2110	-9.485988	ение
2111	-9.486231	കാര
2112	-9.486755	ਏ
2113	-9.486814	▁वा
2114	-9.486956	വാ
2115	-9.487097	ിന്റെ
2116	-9.487206	▁இது
2117	-9.487948	▁ಹಾಗೂ
2118	-9.488611	▁pan
2119	-9.488648	pp
2120	-9.489085	▁karte
2121	-9.489289	જા
2122	-9.489898	ए
2123	-9.490714	ந்து
2124	-9.491230	के
2125	-9.491686	वी
2126	-9.492047	ول
2127	-9.492884	▁ح
2128	-9.493492	▁пре
2129	-9.494018	چ
2130	-9.494512	▁bra
2131	-9.495060	த்தின்
2132	-9.495921	તિ
2133	-9.496630	▁aux
2134	-9.496807	▁auto
2135	-9.497858	स्थ
2136	-9.498647	▁കു
2137	-9.498754	rus
2138	-9.499047	nu
2139	-9.499519	▁ജ
2140	-9.500747	▁ಎಂಬ
2141	-9.500771	мен
2142	-9.501024	und
2143	-9.501267	lich
2144	-9.501436	ऊ
2145	-9.501839	▁memiliki
2146	-9.502612	றி
2147	-9.502882	▁okay
2148	-9.503015	▁કો
2149	-9.503074	০
2150	-9.504403	cho
2151	-9.504885	ਕਾ
2152	-9.505166	ros
2153	-9.505275	డు
2154	-9.505334	യു
2155	-9.505433	ಮಾ
2156	-9.505813	त्र
2157	-9.506386	ரை
2158	-9.506515	▁करने
2159	-9.506530	▁nu
2160	-9.506839	णी
2161	-9.507112	ಿದ
2162	-9.507479	idad
2163	-9.507846	▁மு
2164	-9.508219	دہ
2165	-9.508462	▁wi
2166	-9.509143	▁x
2167	-9.509374	ٹی
2168	-9.510053	▁eu
2169	-9.510584	▁என்ற
2170	-9.510740	ма
2171	-9.510867	▁home
2172	-9.511113	ന്റെ
2173	-9.512180	सी
2174	-9.512683	à
2175	-9.512721	ino
2176	-9.513199	ك
2177	-9.514814	ണി
2178	-9.515674	▁family
2179	-9.515746	▁نام
2180	-9.516396	ിലെ
2181	-9.517054	মি
2182	-9.517099	ండ
2183	-9.518027	ро
2184	-9.518190	▁saath
2185	-9.518310	▁always
2186	-9.518877	ien
2187	-9.519424	▁art
2188	-9.520369	َ
2189	-9.520427	ొ
2190	-9.522100	▁doing
2191	-9.522837	ça
2192	-9.523277	று
2193	-9.524007	ਫ
2194	-9.524595	നെ
2195	-9.524843	▁ر
2196	-9.525157	vis
2197	-9.525589	▁என
2198	-9.525886	▁satu
2199	-9.525996	ண்ட
2200	-9.526057	▁ਦੀਆਂ
2201	-9.526080	▁خ
2202	-9.526245	▁lebih
2203	-9.526632	సి
2204	-9.527065	▁ਜਾ
2205	-9.527330	▁ਸਾ
2206	-9.527965	tivo
2207	-9.528152	▁ന
2208	-9.528169	மா
2209	-9.528271	ه
2210	-9.528479	ence
2211	-9.529138	▁alle
2212	-9.530231	zu
2213	-9.530426	cht
2214	-9.530553	kar
2215	-9.530899	▁ਫ
2216	-9.531605	aya
2217	-9.532922	్య
2218	-9.533236	টা
2219	-9.533325	ского
2220	-9.533373	com
2221	-9.533931	ium
2222	-9.534478	▁base
2223	-9.534819	லா
2224	-9.534880	ità
2225	-9.535456	ਕੀ
2226	-9.535514	▁prima
2227	-9.535956	▁ф
2228	-9.536851	ende
2229	-9.536986	ਾਇ
2230	-9.538420	ವೆ
2231	-9.539227	दी
2232	-9.539795	▁important
2233	-9.540182	▁കാ
2234	-9.540401	ata
2235	-9.541581	ł
2236	-9.541903	మి
2237	-9.542040	▁ਹੋਇਆ
2238	-9.542543	▁ل
2239	-9.542728	ок
2240	-9.543178	▁ਸੰ
2241	-9.543324	mb
2242	-9.543380	▁ii
2243	-9.543547	ంద
2244	-9.543647	▁ac
2245	-9.544656	ام
2246	-9.544911	rat
2247	-9.545113	tti
2248	-9.545232	gé
2249	-9.545594	ੌ
2250	-9.545752	ê
2251	-9.545860	▁बाद
2252	-9.546096	—
2253	-9.546116	నీ
2254	-9.546370	▁یا
2255	-9.547723	פ
2256	-9.548012	ô
2257	-9.548918	ക്കു
2258	-9.549417	cle
2259	-9.549541	▁best
2260	-9.550323	▁হা
2261	-9.550476	ಜಿ
2262	-9.550917	▁wa
2263	-9.551497	gli
2264	-9.551541	ક્ષ
2265	-9.551803	த்தி
2266	-9.551900	ಲ್ಲ
2267	-9.552134	we
2268	-9.554138	nta
2269	-9.554270	یا
2270	-9.554407	انی
2271	-9.554849	▁دی
2272	-9.555132	▁ഒ
2273	-9.555192	▁২০
2274	-9.555849	▁most
2275	-9.555878	cul
2276	-9.556492	ura
2277	-9.557113	ങ്ങ
2278	-9.557384	ப்பட்ட
2279	-9.557529	ici
2280	-9.557698	िया
2281	-9.558045	தா
2282	-9.559339	గు
2283	-9.559473	▁guerra
2284	-9.559715	▁ای
2285	-9.559808	val
2286	-9.560084	xi
2287	-9.560481	▁раз
2288	-9.561246	ഡ
2289	-9.561566	ure
2290	-9.562005	▁ર
2291	-9.562050	▁nord
2292	-9.562823	▁સા
2293	-9.563003	اد
2294	-9.563085	ard
2295	-9.563370	tt
2296	-9.563416	stre
2297	-9.564141	ளி
2298	-9.564165	▁केले
2299	-9.564675	▁بی
2300	-9.565928	nder
2301	-9.566077	از
2302	-9.566345	▁pelo
2303	-9.566494	▁असे
2304	-9.566638	ੱ
2305	-9.566994	ತು
2306	-9.567472	▁થાય
2307	-9.567553	ק
2308	-9.567639	▁into
2309	-9.568073	▁वह
2310	-9.568321	▁ઓ
2311	-9.569031	▁देश
2312	-9.569120	▁tersebut
2313	-9.569362	▁ਐ
2314	-9.569671	نگ
2315	-9.570004	tica
2316	-9.570062	ક્
2317	-9.570065	ফ
2318	-9.570265	▁గ
2319	-9.570292	dia
2320	-9.570398	ec
2321	-9.570750	ಿಸ
2322	-9.571077	▁any
2323	-9.571256	gio
2324	-9.571898	▁కళాశాల
2325	-9.572106	ario
2326	-9.572301	ore
2327	-9.572742	▁ਇ
2328	-9.572791	ты
2329	-9.572927	ட்டு
2330	-9.573997	▁principal
2331	-9.574637	▁ಇದು
2332	-9.574776	▁mary
2333	-9.574961	▁প্রথম
2334	-9.575155	▁woh
2335	-9.575191	aux
2336	-9.575227	ভ
2337	-9.575518	▁ਨਹੀਂ
2338	-9.575633	ੰਦ
2339	-9.575679	▁ಕಾ
2340	-9.576057	▁ت
2341	-9.576565	ായ
2342	-9.576719	hen
2343	-9.577247	rang
2344	-9.577806	ਫ਼
2345	-9.577929	▁idea
2346	-9.578466	her
2347	-9.578529	oso
2348	-9.578784	ക്ഷ
2349	-9.578850	ല്ല
2350	-9.579819	સ્
2351	-9.580808	భ
2352	-9.580869	▁long
2353	-9.580908	▁raha
2354	-9.581226	▁ہوا
2355	-9.581342	▁ਲ
2356	-9.581373	ത്ത്
2357	-9.581442	பி
2358	-9.581521	▁سو
2359	-9.581567	্
2360	-9.581635	▁diese
2361	-9.581981	▁way
2362	-9.582672	వా
2363	-9.582833	یہ
2364	-9.582852	मि
2365	-9.583501	▁জ
2366	-9.583635	رہ
2367	-9.583868	▁अस
2368	-9.583965	cl
2369	-9.584031	nti
2370	-9.585051	▁school
2371	-9.585417	વે
2372	-9.585802	аль
2373	-9.585964	ಮ್
2374	-9.587128	మా
2375	-9.587666	కా
2376	-9.587668	▁గ్రామంలో
2377	-9.588346	डी
2378	-9.588887	ത്തിലെ
2379	-9.588929	▁چ
2380	-9.588983	▁problem
2381	-9.589376	క్ష
2382	-9.589896	ਟੀ
2383	-9.590108	ке
2384	-9.590169	fo
2385	-9.591306	কি
2386	-9.591366	▁air
2387	-9.591437	ബ
2388	-9.591554	▁due
2389	-9.592288	ലാ
2390	-9.592598	od
2391	-9.592978	▁द्वारा
2392	-9.593181	ટા
2393	-9.594053	pos
2394	-9.594417	▁dapat
2395	-9.594880	નાં
2396	-9.595339	ern
2397	-9.595343	▁नाम
2398	-9.595546	▁সাথে
2399	-9.596354	ाई
2400	-9.596656	sco
2401	-9.596684	tel
2402	-9.596758	▁بر
2403	-9.597454	▁op
2404	-9.598163	ാന
2405	-9.598418	▁നി
2406	-9.599014	ವೇ
2407	-9.599042	దు
2408	-9.599089	ier
2409	-9.599396	કાર
2410	-9.599401	जा
2411	-9.600141	▁பல
2412	-9.600365	ਅ
2413	-9.600982	▁ساتھ
2414	-9.600990	▁ten
2415	-9.601404	ভাবে
2416	-9.601541	ಗಳಿಗೆ
2417	-9.601962	ор
2418	-9.603330	san
2419	-9.603977	▁ка
2420	-9.604023	ker
2421	-9.604426	ру
2422	-9.605119	om
2423	-9.605756	ણા
2424	-9.606587	са
2425	-9.607093	▁rela
2426	-9.607844	ંગ
2427	-9.608189	▁આવેલું
2428	-9.608733	▁र
2429	-9.609717	▁ਭਾਰਤੀ
2430	-9.610518	▁ਕਰਨ
2431	-9.610570	▁sc
2432	-9.611018	tik
2433	-9.611273	ಿನ
2434	-9.611536	tico
2435	-9.611730	ਹਾ
2436	-9.612022	▁سب
2437	-9.612403	ile
2438	-9.612723	он
2439	-9.613892	ൾ
2440	-9.613907	ೌ
2441	-9.614787	вер
2442	-9.614904	ssa
2443	-9.615079	▁ಅಥವಾ
2444	-9.615305	▁ਸੁ
2445	-9.615554	▁cer
2446	-9.615900	ான
2447	-9.616135	▁વર્ષ
2448	-9.617274	▁ਪੰਜਾਬ
2449	-9.617421	▁जाते
2450	-9.617702	ам
2451	-9.617822	▁अपने
2452	-9.618303	▁జిల్లా
2453	-9.618327	ির
2454	-9.618488	chen
2455	-9.618748	ಂಡ
2456	-9.618788	▁કા
2457	-9.620041	▁place
2458	-9.620058	ة
2459	-9.620141	ari
2460	-9.621199	शा
2461	-9.621926	১
2462	-9.621934	લે
2463	-9.622155	▁why
2464	-9.622254	ನೇ
2465	-9.622366	્સ
2466	-9.622790	ист
2467	-9.622986	▁ગુજરાત
2468	-9.623427	▁mem
2469	-9.623829	னர்
2470	-9.623830	rah
2471	-9.624036	los
2472	-9.624201	▁राज
2473	-9.624496	▁fil
2474	-9.624577	ham
2475	-9.624641	ಂತ
2476	-9.625732	gna
2477	-9.626208	▁ઇ
2478	-9.626523	▁भाषा
2479	-9.627063	▁हुआ
2480	-9.627274	ണ്ട
2481	-9.627661	▁contra
2482	-9.628117	ц
2483	-9.628134	को
2484	-9.628139	ઈ
2485	-9.628428	ാം
2486	-9.628482	೧
2487	-9.628515	ков
2488	-9.629209	iv
2489	-9.629353	ಚ
2490	-9.629383	oc
2491	-9.629542	வா
2492	-9.629957	за
2493	-9.631202	▁પશ્ચિમ
2494	-9.632141	▁தி
2495	-9.632274	ગા
2496	-9.633386	▁இந்த
2497	-9.634255	▁દ
2498	-9.634767	▁ஆண்டு
2499	-9.634886	▁पु
2500	-9.635377	▁two
2501	-9.636122	▁opera
2502	-9.636571	▁fue
2503	-9.637160	▁भाग
2504	-9.637238	ਿਆਂ
2505	-9.638094	ход
2506	-9.638659	ોમાં
2507	-9.638833	▁use
2508	-9.639444	ભા
2509	-9.639596	▁then
2510	-9.640466	▁લોકો
2511	-9.641578	ન્ટ
2512	-9.642152	▁রয়েছে
2513	-9.643530	от
2514	-9.644257	▁col
2515	-9.644287	ਸ਼ਾ
2516	-9.644544	án
2517	-9.645440	port
2518	-9.645743	cas
2519	-9.645964	▁cette
2520	-9.646763	ein
2521	-9.646910	ਆ
2522	-9.647121	▁ച
2523	-9.647189	ష
2524	-9.647847	സ്റ്റ
2525	-9.648564	▁ఉన్న
2526	-9.648573	▁sha
2527	-9.649318	गा
2528	-9.649413	▁ਜਨਮ
2529	-9.649421	▁મે
2530	-9.649484	▁क्षेत्र
2531	-9.649634	اس
2532	-9.649872	கள
2533	-9.650127	ावर
2534	-9.650376	▁جن
2535	-9.650752	▁mor
2536	-9.650864	▁ре
2537	-9.651570	▁ജന
2538	-9.651961	टा
2539	-9.652126	▁सि
2540	-9.652862	ಸ್‌
2541	-9.652935	nie
2542	-9.653251	ما
2543	-9.653629	ث
2544	-9.654544	▁ਭ
2545	-9.654979	ض
2546	-9.655619	era
2547	-9.655679	▁உள்ள
2548	-9.656093	▁national
2549	-9.656439	യിലെ
2550	-9.656558	▁तक
2551	-9.656744	తా
2552	-9.657028	зи
2553	-9.657457	ਰੋ
2554	-9.657679	▁سر
2555	-9.657952	સી
2556	-9.658226	▁திரு
2557	-9.659063	▁ہوئے
2558	-9.659214	▁mereka
2559	-9.659511	ಟ್ಟ
2560	-9.660501	मान
2561	-9.660984	ঘ
2562	-9.661064	ਤਰ
2563	-9.661139	▁meng
2564	-9.661652	യോ
2565	-9.661698	▁public
2566	-9.662052	mal
2567	-9.662180	▁karena
2568	-9.662190	▁ਉ
2569	-9.662327	শা
2570	-9.662471	▁э
2571	-9.662815	▁пере
2572	-9.663074	വര
2573	-9.663121	ళ
2574	-9.663414	ச்ச
2575	-9.663474	ская
2576	-9.663738	وی
2577	-9.663926	ip
2578	-9.664496	▁১৮
2579	-9.664597	पुर
2580	-9.664632	▁ప్రభుత్వ
2581	-9.664757	ungen
2582	-9.665263	▁கோ
2583	-9.665483	ah
2584	-9.665662	વો
2585	-9.665956	ци
2586	-9.666505	rd
2587	-9.667340	hr
2588	-9.667528	▁seperti
2589	-9.667628	▁roman
2590	-9.668214	সা
2591	-9.668489	▁land
2592	-9.668828	ня
2593	-9.670031	ён
2594	-9.670144	▁دو
2595	-9.670163	▁cre
2596	-9.670204	રિ
2597	-9.671177	ue
2598	-9.671241	▁അവ
2599	-9.671361	পুর
2600	-9.672552	▁ని
2601	-9.672766	▁যায়
2602	-9.673083	dy
2603	-9.673318	ಿಯ
2604	-9.673911	▁கொண்ட
2605	-9.674301	ну
2606	-9.674626	▁उत्तर
2607	-9.675187	്‌
2608	-9.675304	lah
2609	-9.675352	▁sud
2610	-9.675516	▁અન્ય
2611	-9.676073	for
2612	-9.676107	మ్మ
2613	-9.676468	pr
2614	-9.676557	▁थी
2615	-9.676882	▁cui
2616	-9.677674	▁definitely
2617	-9.678258	▁సం
2618	-9.678335	rá
2619	-9.678887	▁than
2620	-9.679103	रु
2621	-9.679227	▁अनेक
2622	-9.679546	▁ве
2623	-9.679564	▁కేంద్రం
2624	-9.680163	▁ਸਾਲ
2625	-9.680275	ால்
2626	-9.680707	iz
2627	-9.681391	▁اپنے
2628	-9.682198	▁agar
2629	-9.682302	▁آپ
2630	-9.682707	ਸਾ
2631	-9.683048	ris
2632	-9.683536	ಿಸಿದ
2633	-9.683699	झ
2634	-9.684190	▁રીતે
2635	-9.684875	ோ
2636	-9.684940	ਵਰ
2637	-9.685420	▁रा
2638	-9.685666	▁সং
2639	-9.685912	plo
2640	-9.686125	mas
2641	-9.686299	▁gal
2642	-9.686669	▁মে
2643	-9.687009	ಿರುವ
2644	-9.687543	ço
2645	-9.687830	রু
2646	-9.687886	▁besar
2647	-9.687970	మైన
2648	-9.687985	zen
2649	-9.688111	શા
2650	-9.688551	▁wilayah
2651	-9.688564	ज़
2652	-9.689206	બી
2653	-9.689378	▁ik
2654	-9.689483	qua
2655	-9.689845	kel
2656	-9.690120	endo
2657	-9.690175	▁এটি
2658	-9.690274	▁such
2659	-9.690433	ಡೆ
2660	-9.691085	▁м
2661	-9.691664	ങ്ങള
2662	-9.691795	encia
2663	-9.692512	య్య
2664	-9.692792	▁nas
2665	-9.693036	▁गो
2666	-9.693094	ד
2667	-9.693146	ുക
2668	-9.693249	ાઈ
2669	-9.693569	▁ਉੱਤੇ
2670	-9.693879	א
2671	-9.694200	▁bir
2672	-9.694301	lang
2673	-9.694344	ങ്ങളും
2674	-9.694599	▁spa
2675	-9.694793	▁ஆம்
2676	-9.695762	▁kom
2677	-9.696208	غ
2678	-9.696387	▁them
2679	-9.696418	०
2680	-9.696504	▁کرنے
2681	-9.696851	▁john
2682	-9.697106	ഡി
2683	-9.697546	ным
2684	-9.697970	ास
2685	-9.698006	பா
2686	-9.698247	▁solo
2687	-9.698790	▁may
2688	-9.699142	▁lui
2689	-9.699362	▁সু
2690	-9.701754	▁সালের
2691	-9.702493	▁హ
2692	-9.702734	ाला
2693	-9.702971	▁సమీప
2694	-9.703137	ಿಕೆ
2695	-9.703916	▁nome
2696	-9.704003	▁ਦੋ
2697	-9.704135	adas
2698	-9.704326	ਭ
2699	-9.704468	ಮಾನ
2700	-9.704993	azione
2701	-9.705141	▁telah
2702	-9.705304	▁సినిమా
2703	-9.705329	জি
2704	-9.705739	▁music
2705	-9.705896	tal
2706	-9.705927	तो
2707	-9.706005	ટે
2708	-9.706205	ਗਾ
2709	-9.706247	▁ശ
2710	-9.706631	گ
2711	-9.706868	ાઇ
2712	-9.707074	ley
2713	-9.707101	ങ്ക
2714	-9.707805	pat
2715	-9.707971	ಶ್
2716	-9.709069	▁kabupaten
2717	-9.709221	▁city
2718	-9.709271	▁secara
2719	-9.709928	బ
2720	-9.709966	▁form
2721	-9.710594	▁ada
2722	-9.710665	▁হিসেবে
2723	-9.710672	▁ਆਪਣੇ
2724	-9.711801	ಕಾ
2725	-9.711861	ણી
2726	-9.712042	ntes
2727	-9.713175	stan
2728	-9.714091	▁talk
2729	-9.714201	▁పాఠశాల
2730	-9.714630	तील
2731	-9.714748	▁gran
2732	-9.714845	sso
2733	-9.714863	▁things
2734	-9.715450	fen
2735	-9.715490	▁سی
2736	-9.715607	то
2737	-9.716240	uh
2738	-9.716340	স্ত
2739	-9.716377	ಪ್
2740	-9.718101	ин
2741	-9.718453	▁usa
2742	-9.718683	▁پاکستان
2743	-9.719016	▁bahwa
2744	-9.719635	▁tur
2745	-9.720471	▁ਭਾਰਤ
2746	-9.720805	▁போ
2747	-9.720889	▁pres
2748	-9.721181	टे
2749	-9.721756	▁ch
2750	-9.721803	כ
2751	-9.722307	ബി
2752	-9.722578	amento
2753	-9.723134	hn
2754	-9.723777	▁दिया
2755	-9.723813	ਣਾ
2756	-9.724073	▁ಅವರ
2757	-9.724494	പ്പെട്ട
2758	-9.724572	▁വാ
2759	-9.725386	▁दे
2760	-9.726466	yo
2761	-9.726516	য়া
2762	-9.726928	▁گ
2763	-9.727612	ന്ത
2764	-9.727745	क्
2765	-9.728967	hal
2766	-9.729437	▁nur
2767	-9.729451	ಮೀ
2768	-9.729912	ഖ
2769	-9.729960	ל
2770	-9.730953	વિ
2771	-9.731027	ਇ
2772	-9.731371	kt
2773	-9.731507	ન્સ
2774	-9.731598	▁gar
2775	-9.731615	ction
2776	-9.732052	▁ಹಾ
2777	-9.732172	▁ಮು
2778	-9.732215	▁ये
2779	-9.733368	ત્ર
2780	-9.733427	ini
2781	-9.733833	▁sem
2782	-9.734925	▁సంఖ్య
2783	-9.734966	▁antara
2784	-9.735538	up
2785	-9.735621	во
2786	-9.736057	▁з
2787	-9.736161	▁its
2788	-9.736617	ér
2789	-9.737446	▁einem
2790	-9.737713	ಾಗಿ
2791	-9.738072	▁ste
2792	-9.738356	ssen
2793	-9.738435	ধা
2794	-9.738605	red
2795	-9.738733	ਬਾ
2796	-9.738940	dro
2797	-9.739143	▁ఉ
2798	-9.739425	लि
2799	-9.739678	્યો
2800	-9.739982	gia
2801	-9.740166	▁dalla
2802	-9.740281	ili
2803	-9.740389	ਮਾਨ
2804	-9.741556	ance
2805	-9.741816	ുന്നത്
2806	-9.743274	▁van
2807	-9.745019	ಖ
2808	-9.745415	▁শ
2809	-9.745496	▁উ
2810	-9.745500	ima
2811	-9.745555	gra
2812	-9.745582	▁km
2813	-9.745731	▁రా
2814	-9.745933	ade
2815	-9.746023	▁system
2816	-9.746094	ez
2817	-9.746193	ৃ
2818	-9.746295	▁st
2819	-9.746303	નિ
2820	-9.746954	ింది
2821	-9.747318	ల్ల
2822	-9.748587	ph
2823	-9.748608	க்கும்
2824	-9.749368	▁ger
2825	-9.749599	ഫ
2826	-9.749726	ौ
2827	-9.750032	▁તેઓ
2828	-9.750396	▁fer
2829	-9.750679	ांनी
2830	-9.751566	ча
2831	-9.752013	▁प्रति
2832	-9.752079	ência
2833	-9.752645	ంది
2834	-9.753759	▁తన
2835	-9.753961	रण
2836	-9.754180	▁tro
2837	-9.754255	ട്ടി
2838	-9.754474	bas
2839	-9.755177	നം
2840	-9.757415	द्र
2841	-9.757749	▁চ
2842	-9.758399	де
2843	-9.758423	▁કર
2844	-9.758680	▁einen
2845	-9.758762	▁thoda
2846	-9.759568	▁made
2847	-9.759649	▁quando
2848	-9.760164	sten
2849	-9.760199	▁estado
2850	-9.760268	▁fo
2851	-9.760371	ించ
2852	-9.760387	ष्ट
2853	-9.760903	ئی
2854	-9.761181	णा
2855	-9.761314	нов
2856	-9.761673	ಿದ್ದ
2857	-9.761795	né
2858	-9.762454	▁anything
2859	-9.763029	▁દેશના
2860	-9.763038	ಮಿ
2861	-9.763463	▁hat
2862	-9.763966	ille
2863	-9.764222	▁ze
2864	-9.764389	си
2865	-9.764442	ದಿ
2866	-9.764777	▁samajh
2867	-9.764901	mit
2868	-9.765149	▁زیادہ
2869	-9.765218	દી
2870	-9.765754	▁घ
2871	-9.766053	▁מ
2872	-9.766073	▁hal
2873	-9.766416	пе
2874	-9.766836	ৌ
2875	-9.767298	ઠ
2876	-9.767399	▁হয়ে
2877	-9.768190	▁વ્યવસાય
2878	-9.768950	لا
2879	-9.769150	▁ಸಿ
2880	-9.769589	ন্দ
2881	-9.769931	ый
2882	-9.770519	તો
2883	-9.770561	▁తెలుగు
2884	-9.771384	▁jab
2885	-9.771621	▁elle
2886	-9.771927	▁zyada
2887	-9.771948	▁சு
2888	-9.772103	யான
2889	-9.772193	the
2890	-9.772595	૬
2891	-9.772758	ড়া
2892	-9.772867	లోని
2893	-9.773322	▁him
2894	-9.775293	▁ਦ
2895	-9.775456	ę
2896	-9.775821	ture
2897	-9.776000	▁ob
2898	-9.776121	▁camp
2899	-9.776708	▁pré
2900	-9.776978	zia
2901	-9.777052	▁మా
2902	-9.777208	ಂಬ
2903	-9.777257	മു
2904	-9.777535	▁कु
2905	-9.777563	▁general
2906	-9.778058	त्
2907	-9.778684	▁দ
2908	-9.778979	▁ஏ
2909	-9.779086	▁total
2910	-9.779450	ार
2911	-9.779696	தை
2912	-9.780339	▁ven
2913	-9.780398	▁ಅವರು
2914	-9.780876	▁ಚಿತ್ರ
2915	-9.780958	▁ਰਾਜ
2916	-9.781191	▁used
2917	-9.781278	чи
2918	-9.781554	▁मो
2919	-9.782496	ग्
2920	-9.782600	દા
2921	-9.782619	igen
2922	-9.783121	ub
2923	-9.784764	pre
2924	-9.785253	▁मंदिर
2925	-9.785425	iste
2926	-9.785686	▁sun
2927	-9.785705	ಷ್ಟ
2928	-9.785720	mes
2929	-9.786123	▁cla
2930	-9.786497	liche
2931	-9.786914	▁rahi
2932	-9.786996	▁महा
2933	-9.787723	▁our
2934	-9.787929	ಿಗೆ
2935	-9.787976	ड़
2936	-9.788257	ées
2937	-9.788363	▁તેના
2938	-9.788548	স্ট
2939	-9.789215	ется
2940	-9.789368	▁sco
2941	-9.789716	tin
2942	-9.790487	▁दि
2943	-9.790774	▁एवं
2944	-9.790805	প্র
2945	-9.791048	q
2946	-9.791108	atan
2947	-9.791427	▁بہت
2948	-9.791717	▁desde
2949	-9.791859	▁так
2950	-9.792363	▁ಗ
2951	-9.792498	lle
2952	-9.793019	ş
2953	-9.793660	▁dass
2954	-9.793693	via
2955	-9.793813	му
2956	-9.793894	▁beberapa
2957	-9.794059	▁anni
2958	-9.794407	▁ಮಾ
2959	-9.794495	▁ont
2960	-9.794497	▁б
2961	-9.795319	க்கி
2962	-9.795336	▁ಚ
2963	-9.795412	ok
2964	-9.795507	ੋਂ
2965	-9.795814	fin
2966	-9.796326	త్
2967	-9.796443	tre
2968	-9.796723	▁१८
2969	-9.796742	ß
2970	-9.797033	▁bahut
2971	-9.797452	len
2972	-9.797551	ीत
2973	-9.797921	eur
2974	-9.798285	▁રાજ્યના
2975	-9.798393	ских
2976	-9.798466	धी
2977	-9.799048	▁ਸ਼
2978	-9.799058	ಣೆ
2979	-9.799232	▁sorry
2980	-9.799240	ди
2981	-9.799291	gr
2982	-9.799339	nis
2983	-9.800685	व्या
2984	-9.800999	▁france
2985	-9.801096	▁alag
2986	-9.801164	nde
2987	-9.801314	▁સુ
2988	-9.801783	రీ
2989	-9.802034	▁tha
2990	-9.802269	▁ઉપયોગ
2991	-9.802569	ara
2992	-9.802621	ду
2993	-9.802845	▁bre
2994	-9.802943	ছ
2995	-9.803564	▁dar
2996	-9.803668	पा
2997	-9.804751	ту
2998	-9.804935	▁ਨਾ
2999	-9.805371	ps
3000	-9.805908	ंत
3001	-9.806102	ಸೆ
3002	-9.806120	▁ফ
3003	-9.806471	▁ਹੁੰਦਾ
3004	-9.806707	یوں
3005	-9.807816	▁छ
3006	-9.808195	▁મો
3007	-9.808551	tori
3008	-9.808717	ins
3009	-9.808802	их
3010	-9.808971	▁સુધી
3011	-9.809470	త్ర
3012	-9.810067	ਵੇ
3013	-9.810147	▁ਗਈ
3014	-9.810357	tung
3015	-9.810509	▁being
3016	-9.810574	▁set
3017	-9.810779	▁काम
3018	-9.811078	cé
3019	-9.811097	ண்
3020	-9.811132	▁tempo
3021	-9.811831	നാ
3022	-9.811872	▁glad
3023	-9.812205	▁qual
3024	-9.812582	▁భ
3025	-9.813218	▁பு
3026	-9.813589	▁વધુ
3027	-9.814535	▁cro
3028	-9.814577	▁bur
3029	-9.815141	rica
3030	-9.815825	లే
3031	-9.816128	ம்ப
3032	-9.816384	▁طور
3033	-9.816396	रो
3034	-9.816546	ਕੇ
3035	-9.816577	ത്തി
3036	-9.816765	▁રહે
3037	-9.816781	రో
3038	-9.817510	▁ನಂತರ
3039	-9.818288	сто
3040	-9.818365	ном
3041	-9.818494	೩
3042	-9.818573	▁ל
3043	-9.818592	▁bal
3044	-9.819208	▁ગામના
3045	-9.819740	ായിരുന്നു
3046	-9.819823	▁high
3047	-9.819866	▁его
3048	-9.819901	▁সি
3049	-9.819949	▁گئے
3050	-9.820023	ದ್ದ
3051	-9.820120	ges
3052	-9.820835	▁स्थित
3053	-9.821192	നോ
3054	-9.821667	би
3055	-9.821879	ola
3056	-9.821967	ಯಿಂದ
3057	-9.822062	ви
3058	-9.822110	കള
3059	-9.822230	▁स्थान
3060	-9.822366	त्त
3061	-9.822391	▁ദ
3062	-9.822803	ಗ್
3063	-9.822842	िल
3064	-9.823391	tore
3065	-9.824116	bli
3066	-9.824242	▁కో
3067	-9.824656	▁ल
3068	-9.825131	▁పా
3069	-9.825489	ത്തു
3070	-9.826048	ید
3071	-9.826354	▁sebuah
3072	-9.826428	▁કરવા
3073	-9.826778	▁ಮೇಲೆ
3074	-9.826886	▁ಬಿ
3075	-9.826961	▁kam
3076	-9.827146	ੰਗ
3077	-9.827421	мер
3078	-9.827578	▁prop
3079	-9.827663	cos
3080	-9.827901	ft
3081	-9.828515	▁ति
3082	-9.829078	ques
3083	-9.829329	по
3084	-9.830076	▁اللہ
3085	-9.830094	ലോ
3086	-9.830257	▁many
3087	-9.830487	▁गु
3088	-9.831712	aire
3089	-9.831958	اک
3090	-9.832005	rou
3091	-9.832049	২
3092	-9.832604	▁control
3093	-9.832939	▁mal
3094	-9.833059	▁ಸು
3095	-9.833500	▁ख
3096	-9.833555	▁நா
3097	-9.833661	ണം
3098	-9.833677	▁deux
3099	-9.834301	▁येथे
3100	-9.834669	▁جا
3101	-9.834710	▁degli
3102	-9.835014	ਓ
3103	-9.836031	▁thi
3104	-9.836083	+
3105	-9.836326	ב
3106	-9.836812	▁where
3107	-9.836846	▁arti
3108	-9.837453	বে
3109	-9.837804	▁cat
3110	-9.838019	▁ಪ್ರತಿ
3111	-9.838551	cor
3112	-9.838633	গুলি
3113	-9.838856	▁za
3114	-9.839230	ot
3115	-9.839564	pul
3116	-9.839570	сти
3117	-9.840307	fici
3118	-9.840363	తు
3119	-9.840549	િયા
3120	-9.841183	ಕೆ
3121	-9.841236	wer
3122	-9.841869	ക്കാ
3123	-9.842228	ांच्या
3124	-9.842259	▁కూడా
3125	-9.842313	van
3126	-9.842958	పా
3127	-9.843319	▁pays
3128	-9.843718	▁ਬਾਅਦ
3129	-9.844015	gui
3130	-9.844481	था
3131	-9.844617	ит
3132	-9.844680	▁uno
3133	-9.844728	▁hard
3134	-9.845154	ਨੇ
3135	-9.845271	ное
3136	-9.845327	▁super
3137	-9.845385	കര
3138	-9.845695	દેશ
3139	-9.846027	▁find
3140	-9.846610	गी
3141	-9.846849	▁back
3142	-9.846907	▁ನಾ
3143	-9.846923	pri
3144	-9.847300	gno
3145	-9.847763	щ
3146	-9.848132	▁سال
3147	-9.848502	ുകയും
3148	-9.848565	ಕ್ಕ
3149	-9.848703	cur
3150	-9.849244	berg
3151	-9.849707	pas
3152	-9.849839	ನೆಯ
3153	-9.850072	ದ್
3154	-9.850306	▁सर्व
3155	-9.850308	▁banyak
3156	-9.850311	ве
3157	-9.850323	▁был
3158	-9.850682	▁second
3159	-9.851232	ाव
3160	-9.851328	ന്നു
3161	-9.851481	ள்
3162	-9.852148	▁setelah
3163	-9.852249	▁far
3164	-9.852286	▁ತಮ್ಮ
3165	-9.852776	দি
3166	-9.852923	ಬಹುದು
3167	-9.852995	▁എന്നിവ
3168	-9.853985	૮
3169	-9.854114	താ
3170	-9.854150	▁bagian
3171	-9.854575	▁نہ
3172	-9.854650	ષ
3173	-9.854725	▁પશુપાલન
3174	-9.855042	▁ב
3175	-9.855049	▁ఇది
3176	-9.856465	▁प्रकार
3177	-9.856546	ਵੀ
3178	-9.856592	▁अधिक
3179	-9.856627	▁fait
3180	-9.856658	ుల
3181	-9.856795	итель
3182	-9.857754	िका
3183	-9.857857	▁fine
3184	-9.858247	▁pot
3185	-9.858542	▁cap
3186	-9.858791	ג
3187	-9.858977	▁త
3188	-9.859231	▁suo
3189	-9.860051	▁ਵਿਚ
3190	-9.860753	▁చ
3191	-9.860898	টে
3192	-9.861523	▁নি
3193	-9.861716	▁centro
3194	-9.861753	▁ತನ್ನ
3195	-9.862022	sia
3196	-9.862031	ые
3197	-9.862077	▁été
3198	-9.862180	▁nie
3199	-9.862364	ав
3200	-9.862490	pon
3201	-9.862523	▁म्हणून
3202	-9.862609	▁ਸਭ
3203	-9.862756	اہ
3204	-9.862964	▁bri
3205	-9.863188	sche
3206	-9.863622	▁peng
3207	-9.863626	▁daerah
3208	-9.863927	رو
3209	-9.864001	▁तर
3210	-9.864170	vor
3211	-9.864238	▁ма
3212	-9.864378	ങ്ങളുടെ
3213	-9.864425	▁மா
3214	-9.865007	isi
3215	-9.865536	eira
3216	-9.865793	вед
3217	-9.866407	mon
3218	-9.866532	▁ഹ
3219	-9.866626	ral
3220	-9.866668	సు
3221	-9.867313	૧૯
3222	-9.867360	ద్
3223	-9.867574	▁ஒ
3224	-9.867764	ib
3225	-9.868841	૭
3226	-9.869070	▁hoti
3227	-9.869401	ச்சி
3228	-9.869413	lichen
3229	-9.869904	mann
3230	-9.870144	▁അദ്ദേഹം
3231	-9.870264	માંથી
3232	-9.870330	مہ
3233	-9.871378	ബ്
3234	-9.871713	ach
3235	-9.872030	mba
3236	-9.872044	▁mus
3237	-9.872150	▁say
3238	-9.872249	▁ai
3239	-9.872756	▁નિ
3240	-9.873264	फ़
3241	-9.874073	▁mat
3242	-9.874268	ère
3243	-9.874438	▁very
3244	-9.874841	શે
3245	-9.875467	gas
3246	-9.876521	▁paris
3247	-9.876639	ют
3248	-9.876700	ਬਰ
3249	-9.876987	मे
3250	-9.877853	ਛ
3251	-9.878097	▁cho
3252	-9.878304	стр
3253	-9.878390	cher
3254	-9.878505	itas
3255	-9.878580	▁پی
3256	-9.879412	ળા
3257	-9.879569	stand
3258	-9.879662	kul
3259	-9.880548	മേ
3260	-9.881003	▁दो
3261	-9.881248	▁શ
3262	-9.881281	डे
3263	-9.881342	ಗಿ
3264	-9.881604	tter
3265	-9.881647	▁ખેતમજૂરી
3266	-9.882657	ें
3267	-9.882783	ُ
3268	-9.882998	▁ખ
3269	-9.883102	யும்
3270	-9.883355	lia
3271	-9.883605	▁भ
3272	-9.883706	ight
3273	-9.883803	तात
3274	-9.884301	ಕಾರ
3275	-9.884832	دی
3276	-9.884852	▁ਪੰਜਾਬੀ
3277	-9.884870	▁party
3278	-9.885088	ación
3279	-9.885488	▁പ്രധാന
3280	-9.885548	ое
3281	-9.885830	ப்பட்டது
3282	-9.886393	▁spe
3283	-9.886868	ಗಾ
3284	-9.887012	▁defini
3285	-9.887945	vers
3286	-9.887972	iert
3287	-9.888106	ಿಸಿ
3288	-9.888609	▁sabko
3289	-9.888713	▁झाले
3290	-9.889020	▁grand
3291	-9.889623	▁through
3292	-9.889857	ש
3293	-9.889902	▁कारण
3294	-9.889930	▁નામ
3295	-9.890182	▁ત
3296	-9.890409	▁তা
3297	-9.891043	పై
3298	-9.891851	▁pla
3299	-9.892062	▁partir
3300	-9.892164	▁ਤ
3301	-9.892367	▁शि
3302	-9.893185	നു
3303	-9.893394	੍ਰ
3304	-9.894145	പ്ര
3305	-9.894176	ಗಳಿಂದ
3306	-9.894516	▁ભાગ
3307	-9.894731	▁लोक
3308	-9.895052	পা
3309	-9.895079	bat
3310	-9.895171	റ്റ്
3311	-9.895430	▁также
3312	-9.895775	▁cur
3313	-9.895905	ುವುದು
3314	-9.896173	gang
3315	-9.896552	fu
3316	-9.896560	aria
3317	-9.896708	▁governo
3318	-9.897511	▁ഓ
3319	-9.897542	മ്മ
3320	-9.897869	দা
3321	-9.898360	nza
3322	-9.898635	ங்களில்
3323	-9.898892	▁گئی
3324	-9.899236	▁while
3325	-9.899423	ос
3326	-9.899485	বার
3327	-9.899621	▁दक्षिण
3328	-9.899766	▁band
3329	-9.899844	મે
3330	-9.899890	▁bru
3331	-9.899941	lio
3332	-9.900086	▁करते
3333	-9.900606	ши
3334	-9.900884	▁today
3335	-9.901206	ani
3336	-9.902083	del
3337	-9.902346	▁wurden
3338	-9.902364	ட்டி
3339	-9.902694	ões
3340	-9.903075	quel
3341	-9.903175	▁kal
3342	-9.903377	శ్
3343	-9.904513	vin
3344	-9.905055	▁केली
3345	-9.905100	ים
3346	-9.905142	▁bana
3347	-9.906405	യുള്ള
3348	-9.906587	mor
3349	-9.906974	೫
3350	-9.907151	▁অ্যা
3351	-9.907312	gin
3352	-9.907325	యం
3353	-9.907373	ರೋ
3354	-9.907674	ृ
3355	-9.907825	▁ба
3356	-9.908077	ить
3357	-9.908743	▁என்று
3358	-9.908899	لو
3359	-9.909103	بی
3360	-9.909600	క్క
3361	-9.909925	▁met
3362	-9.910055	▁গ
3363	-9.910218	▁ఏ
3364	-9.910288	ಫ
3365	-9.910698	end
3366	-9.910740	▁ഗ
3367	-9.910768	rico
3368	-9.910846	ন্ড
3369	-9.911269	▁sp
3370	-9.911354	▁ஆகும்
3371	-9.911892	▁ج
3372	-9.912157	റ്റി
3373	-9.912303	▁change
3374	-9.912306	لہ
3375	-9.912827	▁también
3376	-9.912857	▁support
3377	-9.913278	لے
3378	-9.913893	ги
3379	-9.914229	کا
3380	-9.914237	▁yaad
3381	-9.914710	ую
3382	-9.914908	▁हि
3383	-9.915231	িং
3384	-9.915268	cel
3385	-9.915342	▁ris
3386	-9.915433	పి
3387	-9.915792	ole
3388	-9.915911	ਬੀ
3389	-9.917379	zy
3390	-9.917435	യി
3391	-9.917608	▁&
3392	-9.917770	ত্র
3393	-9.918199	▁போன்ற
3394	-9.918360	जन
3395	-9.918365	યો
3396	-9.918450	ç
3397	-9.918719	اج
3398	-9.918998	ਸਤ
3399	-9.919380	ست
3400	-9.919908	▁কো
3401	-9.920540	ವಾಗ
3402	-9.920631	▁સ્
3403	-9.920721	ert
3404	-9.920732	▁ਮਾ
3405	-9.921001	bul
3406	-9.921562	▁२
3407	-9.921731	▁২
3408	-9.921747	মান
3409	-9.921895	ವರ
3410	-9.921965	gal
3411	-9.922196	▁ہوتا
3412	-9.922305	പു
3413	-9.922653	▁శ్రీ
3414	-9.922689	ದಾ
3415	-9.923213	▁nos
3416	-9.923227	దా
3417	-9.923797	▁ಪಾ
3418	-9.924155	▁th
3419	-9.924360	▁saat
3420	-9.924776	▁mundo
3421	-9.925582	ಪಿ
3422	-9.925666	ರಿಯ
3423	-9.926123	▁વા
3424	-9.926282	▁ses
3425	-9.926376	▁sirf
3426	-9.926543	▁show
3427	-9.926954	pla
3428	-9.927133	শি
3429	-9.927247	ುತ್ತಾರೆ
3430	-9.927650	▁സമ
3431	-9.927786	pt
3432	-9.927968	ڑ
3433	-9.928275	isse
3434	-9.928554	position
3435	-9.929464	களும்
3436	-9.929690	ба
3437	-9.930522	▁ਬਣ
3438	-9.931268	▁popular
3439	-9.932257	ટો
3440	-9.932856	▁സാ
3441	-9.932905	är
3442	-9.933059	▁कार्य
3443	-9.933109	ഗ്
3444	-9.933164	▁only
3445	-9.933571	▁તા
3446	-9.934462	bla
3447	-9.934904	ua
3448	-9.935410	▁त्यांनी
3449	-9.935769	▁ਬਹੁਤ
3450	-9.935855	డ్
3451	-9.935905	ге
3452	-9.935925	देश
3453	-9.935996	િંગ
3454	-9.936431	iva
3455	-9.936459	▁reg
3456	-9.936613	▁то
3457	-9.936727	ড়
3458	-9.937254	ding
3459	-9.937515	ят
3460	-9.938154	রো
3461	-9.938248	ൂർ
3462	-9.938359	hl
3463	-9.938564	▁tipo
3464	-9.938577	duc
3465	-9.938616	ുവ
3466	-9.938778	▁ia
3467	-9.939251	▁stadt
3468	-9.939260	ांना
3469	-9.939552	nas
3470	-9.939563	ப்பட
3471	-9.939599	▁मध्ये
3472	-9.939631	лу
3473	-9.939637	▁те
3474	-9.939681	▁aber
3475	-9.939726	▁cost
3476	-9.939960	▁સિ
3477	-9.940953	▁fond
3478	-9.941349	ком
3479	-9.941419	ס
3480	-9.942067	ിത
3481	-9.942412	యు
3482	-9.942705	▁લોકોનો
3483	-9.942722	▁пол
3484	-9.942940	▁кон
3485	-9.942944	▁cidade
3486	-9.943129	ணி
3487	-9.943208	্র
3488	-9.943425	ളി
3489	-9.943830	▁ഇത്
3490	-9.943994	▁நி
3491	-9.944034	চার
3492	-9.944612	▁university
3493	-9.944890	int
3494	-9.945446	വർ
3495	-9.945477	▁বলে
3496	-9.945582	▁anos
3497	-9.945804	shi
3498	-9.945968	▁better
3499	-9.946604	িয়ে
3500	-9.946866	ks
3501	-9.947043	اح
3502	-9.947709	▁சா
3503	-9.947842	▁અથવા
3504	-9.947954	▁final
3505	-9.948147	ழு
3506	-9.948657	ary
3507	-9.948940	▁ہوئی
3508	-9.949269	teil
3509	-9.949456	ible
3510	-9.949552	side
3511	-9.949698	▁via
3512	-9.949838	য
3513	-9.950092	▁ich
3514	-9.950214	क्स
3515	-9.950532	णे
3516	-9.950728	ident
3517	-9.951542	ல்ல
3518	-9.951625	▁oh
3519	-9.951766	▁book
3520	-9.951958	▁viene
3521	-9.952277	▁সময়
3522	-9.952320	and
3523	-9.952565	ळा
3524	-9.952818	aan
3525	-9.953663	ില്ല
3526	-9.954205	▁acc
3527	-9.954248	▁ద
3528	-9.954542	▁संघ
3529	-9.954804	▁ಬಾ
3530	-9.954925	ജി
3531	-9.955062	▁ces
3532	-9.955206	ন্ত
3533	-9.955653	▁नाव
3534	-9.955707	▁رو
3535	-9.956020	▁આવી
3536	-9.956146	дел
3537	-9.956451	▁مع
3538	-9.957233	ಪಾ
3539	-9.957757	stin
3540	-9.957788	ுக்கு
3541	-9.957964	ఫ
3542	-9.958002	▁د
3543	-9.958271	ાં
3544	-9.958426	▁experience
3545	-9.958751	dad
3546	-9.958835	▁unhe
3547	-9.958850	nça
3548	-9.959105	▁media
3549	-9.959448	व्ह
3550	-9.959733	▁это
3551	-9.959816	▁design
3552	-9.960592	ദ്ധ
3553	-9.960593	▁natural
3554	-9.960752	നായ
3555	-9.960884	"
3556	-9.960917	▁कुछ
3557	-9.961164	tà
3558	-9.961274	▁ਮਿਲ
3559	-9.961609	▁উপ
3560	-9.961689	art
3561	-9.961774	▁under
3562	-9.962668	▁press
3563	-9.962710	ये
3564	-9.962779	°
3565	-9.962975	▁бо
3566	-9.963349	▁ਦਿੱਤਾ
3567	-9.963761	▁should
3568	-9.963899	▁കോ
3569	-9.963969	▁stato
3570	-9.964233	▁american
3571	-9.964298	nternational
3572	-9.964473	▁т
3573	-9.964532	nom
3574	-9.964587	ंब
3575	-9.964832	ഞ്ഞ
3576	-9.964863	জে
3577	-9.964927	ಿದರು
3578	-9.964952	▁ह्या
3579	-9.965408	▁because
3580	-9.965633	ство
3581	-9.965839	▁bor
3582	-9.966060	▁job
3583	-9.966156	وا
3584	-9.966163	▁ಒ
3585	-9.966659	इ
3586	-9.967058	ظ
3587	-9.967064	یر
3588	-9.967071	▁থাকে
3589	-9.967090	oli
3590	-9.967241	▁സി
3591	-9.967380	ంగ
3592	-9.967397	ّ
3593	-9.967982	ld
3594	-9.968050	ric
3595	-9.969279	ીય
3596	-9.970195	ाप
3597	-9.970442	kh
3598	-9.970530	▁pasand
3599	-9.970631	mé
3600	-9.971062	vé
3601	-9.971253	ശി
3602	-9.972375	೯
3603	-9.972490	▁बे
3604	-9.972709	ান
3605	-9.972715	ിക്കുന്ന
3606	-9.972879	ائے
3607	-9.973233	▁zeit
3608	-9.973343	ച്ചു
3609	-9.973512	lt
3610	-9.973801	ira
3611	-9.974234	▁pun
3612	-9.974251	ન્ડ
3613	-9.974715	കി
3614	-9.974716	▁seit
3615	-9.974979	▁ਕਾ
3616	-9.975346	૪
3617	-9.975471	▁pata
3618	-9.975547	▁kaam
3619	-9.975850	ھ
3620	-9.976034	िन
3621	-9.976182	▁città
3622	-9.976317	ುತ್ತವೆ
3623	-9.976943	ദി
3624	-9.977207	▁end
3625	-9.977537	▁mé
3626	-9.977757	dan
3627	-9.978205	▁data
3628	-9.978238	खा
3629	-9.978313	িয়া
3630	-9.978651	bb
3631	-9.979259	▁ಜನ
3632	-9.979275	ат
3633	-9.979313	یل
3634	-9.979382	ಯೂ
3635	-9.979513	૫
3636	-9.979937	▁everything
3637	-9.980035	▁nei
3638	-9.980447	പി
3639	-9.980593	▁इन
3640	-9.980794	दार
3641	-9.981000	sin
3642	-9.981023	mpa
3643	-9.981029	▁questo
3644	-9.981093	nden
3645	-9.981344	▁rahe
3646	-9.981463	tten
3647	-9.981582	▁জন
3648	-9.982362	▁पूर्व
3649	-9.982449	▁happy
3650	-9.982558	اں
3651	-9.983006	än
3652	-9.983320	ಟ್‌
3653	-9.983630	▁തന്നെ
3654	-9.983779	▁khud
3655	-9.984216	▁মি
3656	-9.984702	▁হ
3657	-9.985235	▁het
3658	-9.985275	▁வா
3659	-9.985306	▁wanted
3660	-9.985584	uto
3661	-9.985629	▁state
3662	-9.985745	ಿದ್ದಾರೆ
3663	-9.985909	▁பகுதி
3664	-9.986004	mis
3665	-9.986199	▁ਬਿ
3666	-9.986231	▁শুরু
3667	-9.986855	▁pur
3668	-9.987044	▁ಶ
3669	-9.987262	▁tak
3670	-9.987330	▁శ
3671	-9.987477	▁स्व
3672	-9.987494	ಕರ
3673	-9.987741	कृत
3674	-9.987827	▁ತಾ
3675	-9.987874	бе
3676	-9.988281	গ্র
3677	-9.988517	کی
3678	-9.988655	▁ಆಗ
3679	-9.988706	ness
3680	-9.989048	ખા
3681	-9.989154	▁धर्म
3682	-9.989174	colo
3683	-9.989313	▁ш
3684	-9.989721	▁கொ
3685	-9.989810	▁yes
3686	-9.989876	ദ്
3687	-9.990000	вод
3688	-9.990060	▁believe
3689	-9.990445	▁ಜಾ
3690	-9.990594	ીઓ
3691	-9.990913	کر
3692	-9.990990	▁tell
3693	-9.991205	▁कहा
3694	-9.991486	cal
3695	-9.991522	cou
3696	-9.991643	ಸಾ
3697	-9.992018	മോ
3698	-9.992264	ంచ
3699	-9.992390	ಂದ
3700	-9.992449	▁کم
3701	-9.992798	ान
3702	-9.993059	ров
3703	-9.993362	vier
3704	-9.993388	▁nell
3705	-9.993407	▁государств
3706	-9.993516	ек
3707	-9.993580	▁де
3708	-9.993780	▁പി
3709	-9.993793	કી
3710	-9.993931	ales
3711	-9.994115	بر
3712	-9.994571	▁color
3713	-9.994894	▁mini
3714	-9.994977	▁જો
3715	-9.995130	▁ਕੁ
3716	-9.995289	▁casa
3717	-9.995487	▁ag
3718	-9.995578	▁menga
3719	-9.995803	ૈ
3720	-9.996275	મો
3721	-9.996847	▁கால
3722	-9.997132	ഥ
3723	-9.997640	ск
3724	-9.997693	दर
3725	-9.997994	వు
3726	-9.998081	▁language
3727	-9.998086	হা
3728	-9.998165	▁سا
3729	-9.998191	ą
3730	-9.998230	வும்
3731	-9.998307	▁ਸਿ
3732	-9.998673	▁হয়েছে
3733	-9.998779	ism
3734	-9.999151	ಿಸುವ
3735	-9.999285	▁বে
3736	-9.999361	▁اپنی
3737	-9.999487	लो
3738	-9.999515	▁समय
3739	-9.999605	▁ము
3740	-9.999785	▁kemudian
3741	-10.000221	▁pertama
3742	-10.000247	ró
3743	-10.000507	▁foram
3744	-10.001569	▁ધ
3745	-10.001573	illa
3746	-10.001701	▁ਬਾ
3747	-10.001986	▁ਤੱਕ
3748	-10.002307	mission
3749	-10.002439	्स
3750	-10.002526	ncia
3751	-10.002537	пи
3752	-10.002567	▁३
3753	-10.002661	▁person
3754	-10.002664	▁सह
3755	-10.002688	▁ಪರಿ
3756	-10.002884	▁feeling
3757	-10.003547	ಥ
3758	-10.003920	ांत
3759	-10.004401	ശ്
3760	-10.004414	▁varia
3761	-10.004588	▁vers
3762	-10.004611	நிலை
3763	-10.004778	▁ਪਾ
3764	-10.004951	▁ਤੌਰ
3765	-10.004982	▁ਮਿ
3766	-10.005333	▁akan
3767	-10.005535	▁नाही
3768	-10.005597	▁look
3769	-10.005648	▁बि
3770	-10.005754	▁செ
3771	-10.005774	സ്ഥാന
3772	-10.005926	▁een
3773	-10.006065	▁નથી
3774	-10.006201	૩
3775	-10.007493	צ
3776	-10.007540	▁ಆದರೆ
3777	-10.007647	▁নিয়ে
3778	-10.007908	ાવ
3779	-10.008358	▁premier
3780	-10.008696	ക്കി
3781	-10.008718	▁نو
3782	-10.008910	▁dunia
3783	-10.009212	೪
3784	-10.009231	ছে
3785	-10.009280	▁radio
3786	-10.009465	ski
3787	-10.009698	▁cas
3788	-10.009946	osa
3789	-10.010347	ધાર
3790	-10.011045	dar
3791	-10.011809	ئ
3792	-10.011942	ભ
3793	-10.012099	sur
3794	-10.012111	থ
3795	-10.012225	nos
3796	-10.012425	▁می
3797	-10.012845	▁char
3798	-10.012970	ഞ്ച
3799	-10.013017	▁వే
3800	-10.013070	பு
3801	-10.013089	ì
3802	-10.013361	▁ਖ
3803	-10.013403	▁start
3804	-10.013573	▁test
3805	-10.013783	ப்படுகிறது
3806	-10.014179	્ર
3807	-10.014487	یس
3808	-10.014663	▁பிர
3809	-10.014816	▁ता
3810	-10.015062	કે
3811	-10.015308	▁mag
3812	-10.016143	antes
3813	-10.016908	▁ছিলেন
3814	-10.017341	mina
3815	-10.017377	▁ਲੋਕ
3816	-10.017388	▁lain
3817	-10.017539	▁он
3818	-10.017627	▁کہا
3819	-10.018437	ূ
3820	-10.018785	▁చే
3821	-10.018804	ности
3822	-10.018822	▁प्रमुख
3823	-10.019169	▁ಕನ್ನಡ
3824	-10.019293	▁tele
3825	-10.019424	▁સે
3826	-10.020012	▁వె
3827	-10.021300	▁dire
3828	-10.021351	றை
3829	-10.021418	ఖ
3830	-10.021719	دھ
3831	-10.022229	▁maior
3832	-10.022337	ಣಿ
3833	-10.022477	▁उस
3834	-10.022626	▁کرتے
3835	-10.022970	ions
3836	-10.023088	▁واقع
3837	-10.023321	▁নাম
3838	-10.023529	▁área
3839	-10.023540	уч
3840	-10.023644	ष्
3841	-10.023965	▁different
3842	-10.024654	bah
3843	-10.024672	▁நகர
3844	-10.024825	bau
3845	-10.024910	тур
3846	-10.024937	▁जाती
3847	-10.025095	▁pode
3848	-10.025273	▁অনু
3849	-10.025311	ರೀ
3850	-10.025578	ры
3851	-10.025714	▁मि
3852	-10.025956	।
3853	-10.026049	റിയ
3854	-10.026194	ым
3855	-10.026489	▁جب
3856	-10.026988	▁even
3857	-10.027005	▁ವ
3858	-10.027024	▁સૌથી
3859	-10.027494	▁these
3860	-10.027589	▁श्री
3861	-10.027647	యి
3862	-10.027777	ంత
3863	-10.028053	▁got
3864	-10.028087	ori
3865	-10.028122	ous
3866	-10.028244	▁bien
3867	-10.028333	കളിൽ
3868	-10.028491	gon
3869	-10.028511	▁તેને
3870	-10.028605	▁poi
3871	-10.029684	▁لیکن
3872	-10.029764	▁stra
3873	-10.029883	▁مل
3874	-10.030005	▁सो
3875	-10.030344	▁ದಿನ
3876	-10.030370	▁during
3877	-10.030659	ив
3878	-10.030668	▁dopo
3879	-10.030879	પી
3880	-10.030997	сь
3881	-10.031116	▁ਨਾਮ
3882	-10.031160	ള്ള
3883	-10.032456	૦
3884	-10.032766	രം
3885	-10.032991	▁nacional
3886	-10.033103	પુર
3887	-10.033567	யி
3888	-10.033621	▁મુખ્યત્વે
3889	-10.033809	ੀਆ
3890	-10.034039	▁fla
3891	-10.034371	▁करता
3892	-10.034419	▁প্রায়
3893	-10.034834	ಸು
3894	-10.035257	ധി
3895	-10.035388	▁প্রধান
3896	-10.035709	ಾದ
3897	-10.036346	▁বছর
3898	-10.036367	▁ਰ
3899	-10.036645	रि
3900	-10.036866	▁post
3901	-10.037087	▁point
3902	-10.037197	▁சில
3903	-10.037558	lon
3904	-10.037769	▁name
3905	-10.038020	رے
3906	-10.038091	▁मुख्य
3907	-10.038444	ౌ
3908	-10.038815	tó
3909	-10.039373	▁número
3910	-10.039520	्र
3911	-10.039968	▁refer
3912	-10.040705	ਢ
3913	-10.041080	রণ
3914	-10.041119	met
3915	-10.041181	▁ਆਪਣੀ
3916	-10.041203	ভা
3917	-10.041325	eux
3918	-10.041347	жд
3919	-10.041441	poli
3920	-10.041670	ंट
3921	-10.041985	▁రాజ
3922	-10.042205	▁ಕು
3923	-10.042320	▁તેમના
3924	-10.042384	ృ
3925	-10.042651	ical
3926	-10.042826	▁ар
3927	-10.042912	నం
3928	-10.043092	ীর
3929	-10.043174	▁बन
3930	-10.043242	ಬ್
3931	-10.043324	ാവ
3932	-10.043633	ડો
3933	-10.043891	धा
3934	-10.044118	தாக
3935	-10.044369	sión
3936	-10.044455	గ్
3937	-10.044598	ரிய
3938	-10.044629	▁terra
3939	-10.044712	▁அல்லது
3940	-10.044716	▁উত্তর
3941	-10.044751	▁ми
3942	-10.044838	ক্ত
3943	-10.044900	చ్చ
3944	-10.044971	▁esp
3945	-10.045090	▁ನೀಡ
3946	-10.045247	પા
3947	-10.045446	▁ਨਿ
3948	-10.045829	▁bad
3949	-10.046208	हि
3950	-10.046363	main
3951	-10.046397	enti
3952	-10.046782	ിട്ടുണ്ട്
3953	-10.046871	▁down
3954	-10.047081	रू
3955	-10.047219	▁इसके
3956	-10.047569	nne
3957	-10.047912	માન
3958	-10.047914	▁все
3959	-10.048173	▁ਪੁ
3960	-10.048264	ар
3961	-10.048330	▁సా
3962	-10.048431	గి
3963	-10.048867	سی
3964	-10.049023	dores
3965	-10.049109	ning
3966	-10.049124	ਜਾ
3967	-10.049485	ikan
3968	-10.049659	▁हुए
3969	-10.049661	▁गा
3970	-10.050486	▁sous
3971	-10.051520	জা
3972	-10.051970	dem
3973	-10.052343	▁ಹೆಚ್ಚು
3974	-10.052436	రం
3975	-10.052734	vel
3976	-10.053514	లోను
3977	-10.053832	▁शा
3978	-10.054094	ਕਲ
3979	-10.054197	ם
3980	-10.054367	▁आदि
3981	-10.054379	▁human
3982	-10.054578	▁provincia
3983	-10.054734	▁tum
3984	-10.054746	ನಲ್ಲಿ
3985	-10.054817	ador
3986	-10.055001	wei
3987	-10.055029	▁શહેર
3988	-10.055324	ef
3989	-10.055706	▁team
3990	-10.055722	▁essere
3991	-10.055769	▁आप
3992	-10.056286	ful
3993	-10.056580	▁શકે
3994	-10.056931	न्न
3995	-10.056997	▁maria
3996	-10.057374	ría
3997	-10.057734	▁પછી
3998	-10.057932	▁अनु
3999	-10.057944	യം
4000	-10.057987	னா
4001	-10.058224	ওয়া
4002	-10.058466	wo
4003	-10.058552	त्व
4004	-10.058613	pu
4005	-10.058891	ಪ್ರ
4006	-10.059064	har
4007	-10.059228	ಂತೆ
4008	-10.059479	ഭാഗ
4009	-10.059909	▁special
4010	-10.060028	▁खा
4011	-10.060451	▁ഏറ്റവും
4012	-10.060473	▁years
4013	-10.060509	▁understand
4014	-10.060577	▁numero
4015	-10.060863	▁off
4016	-10.060916	▁min
4017	-10.061191	мо
4018	-10.061423	▁culture
4019	-10.061799	مان
4020	-10.062059	▁jawa
4021	-10.062204	▁గు
4022	-10.062860	ంట
4023	-10.062953	▁કુલ
4024	-10.062990	▁جنگ
4025	-10.063007	૧
4026	-10.063046	▁val
4027	-10.063061	ப்பா
4028	-10.063340	म्
4029	-10.063394	▁ചെയ്തു
4030	-10.063562	ാർ
4031	-10.063634	▁around
4032	-10.063668	bil
4033	-10.063900	▁zwei
4034	-10.064175	می
4035	-10.064699	കളും
4036	-10.064875	یک
4037	-10.064934	▁ई
4038	-10.065181	ент
4039	-10.065566	ರಿಗೆ
4040	-10.065840	▁norte
4041	-10.065911	▁before
4042	-10.065916	▁york
4043	-10.065919	▁nature
4044	-10.066305	ден
4045	-10.066530	▁barat
4046	-10.066828	ния
4047	-10.066963	▁mai
4048	-10.067028	▁ರ
4049	-10.067189	ঠ
4050	-10.067316	▁राजा
4051	-10.067383	nic
4052	-10.067813	▁port
4053	-10.068505	fica
4054	-10.068645	ologi
4055	-10.068717	▁bon
4056	-10.068995	யே
4057	-10.069176	▁இரு
4058	-10.069306	bor
4059	-10.069435	▁परि
4060	-10.070102	▁ਉਹਨਾਂ
4061	-10.070183	▁केला
4062	-10.070375	লো
4063	-10.070662	▁aussi
4064	-10.071149	িন
4065	-10.072129	▁mean
4066	-10.072205	▁ਰੂਪ
4067	-10.072256	▁ک
4068	-10.072970	ual
4069	-10.073230	▁मान
4070	-10.073681	ਖਾ
4071	-10.073820	tain
4072	-10.073881	களுக்கு
4073	-10.073911	▁stati
4074	-10.074717	రావు
4075	-10.074982	ினார்
4076	-10.075087	ora
4077	-10.075176	आ
4078	-10.076093	lis
4079	-10.076111	▁course
4080	-10.076481	lli
4081	-10.077197	▁இருந்த
4082	-10.078191	সে
4083	-10.078328	▁സം
4084	-10.078407	മുള്ള
4085	-10.078546	▁ভ
4086	-10.078615	▁open
4087	-10.078736	▁совет
4088	-10.078754	ário
4089	-10.079158	ਾਇਆ
4090	-10.079170	സം
4091	-10.079309	ங்களை
4092	-10.079480	ਮੇ
4093	-10.079907	▁प्रदेश
4094	-10.080087	ಡು
4095	-10.081065	టు
4096	-10.081076	▁ઘ
4097	-10.081270	ൗ
4098	-10.081510	из
4099	-10.081535	▁کھ
4100	-10.081742	▁cada
4101	-10.082375	ടു
4102	-10.082500	▁നില
4103	-10.082580	▁sel
4104	-10.082653	▁west
4105	-10.083353	ೀಯ
4106	-10.083369	ies
4107	-10.083379	▁sil
4108	-10.083489	▁તેની
4109	-10.083508	വേ
4110	-10.083788	▁மொழி
4111	-10.083956	▁masa
4112	-10.084532	ಳು
4113	-10.084764	▁ప్రాథమిక
4114	-10.085371	nia
4115	-10.086169	▁অনেক
4116	-10.086198	▁neu
4117	-10.086559	▁ना
4118	-10.086621	▁ಬಂದ
4119	-10.086741	শ্
4120	-10.086863	▁constitu
4121	-10.087128	ੱਕ
4122	-10.087488	▁tal
4123	-10.087900	رک
4124	-10.087983	▁cerca
4125	-10.088100	▁pin
4126	-10.088171	▁didn
4127	-10.088333	ळी
4128	-10.088350	ರಿಂದ
4129	-10.088671	▁koi
4130	-10.089194	▁ಬೆ
4131	-10.089410	▁после
4132	-10.089962	rse
4133	-10.091314	▁maybe
4134	-10.091531	मधील
4135	-10.091654	ூர்
4136	-10.091674	பட்ட
4137	-10.092221	tadounidense
4138	-10.092767	ند
4139	-10.093091	▁sahi
4140	-10.093096	▁బా
4141	-10.093387	ции
4142	-10.093665	▁बना
4143	-10.093698	ವಾಗಿದೆ
4144	-10.093999	ಘ
4145	-10.094091	rup
4146	-10.094347	gne
4147	-10.094557	▁ફ
4148	-10.095176	▁inc
4149	-10.095410	rono
4150	-10.095525	▁করতে
4151	-10.095572	rum
4152	-10.095850	ungs
4153	-10.096193	▁ಮೊದಲ
4154	-10.096372	श्
4155	-10.096418	ਕਰ
4156	-10.097176	▁hand
4157	-10.097356	kri
4158	-10.097381	▁penduduk
4159	-10.097785	ভি
4160	-10.098155	rit
4161	-10.098288	▁caso
4162	-10.098321	▁importante
4163	-10.098406	▁pass
4164	-10.098451	▁dr
4165	-10.098585	ழ்
4166	-10.098666	▁рас
4167	-10.098894	ੱਟ
4168	-10.099077	હા
4169	-10.099402	stri
4170	-10.099446	▁مر
4171	-10.099469	▁मह
4172	-10.099525	സാ
4173	-10.099904	▁civil
4174	-10.099925	▁ഇവ
4175	-10.100150	ವರು
4176	-10.100158	ਘ
4177	-10.100339	গুলো
4178	-10.100727	pli
4179	-10.100776	can
4180	-10.100890	▁autor
4181	-10.101018	▁வெ
4182	-10.101202	▁đ
4183	-10.101269	иль
4184	-10.101825	▁ఉన్నారు
4185	-10.102187	▁کسی
4186	-10.102281	war
4187	-10.102320	pel
4188	-10.102447	▁नदी
4189	-10.102489	ತ್ರ
4190	-10.103380	или
4191	-10.103609	▁miss
4192	-10.103675	ಯೇ
4193	-10.103986	ૌ
4194	-10.104018	zer
4195	-10.104024	▁اسے
4196	-10.104072	▁ओ
4197	-10.104383	▁చె
4198	-10.104422	ைய
4199	-10.104621	వర
4200	-10.104655	ੜੀ
4201	-10.105101	▁তাদের
4202	-10.105448	gg
4203	-10.105465	pin
4204	-10.105505	▁જિલ્લામાં
4205	-10.105549	jar
4206	-10.105716	▁સમય
4207	-10.105866	▁nama
4208	-10.105953	lic
4209	-10.106056	▁ਹੋਈ
4210	-10.106112	சை
4211	-10.106225	বাদ
4212	-10.106475	ైన
4213	-10.106768	▁अन्य
4214	-10.106787	▁па
4215	-10.107059	▁again
4216	-10.107162	entes
4217	-10.107189	হি
4218	-10.107300	▁ആണ്
4219	-10.107339	▁जन्म
4220	-10.107965	రే
4221	-10.108648	▁पो
4222	-10.108787	▁até
4223	-10.108809	▁వా
4224	-10.108827	werk
4225	-10.109181	ать
4226	-10.109713	▁தா
4227	-10.109960	isch
4228	-10.110189	▁found
4229	-10.110200	ੱਲ
4230	-10.110354	▁યુ
4231	-10.110735	▁little
4232	-10.110839	વાર
4233	-10.110919	એસ
4234	-10.110962	▁water
4235	-10.111158	▁noch
4236	-10.111300	▁કારણે
4237	-10.111589	uran
4238	-10.111751	▁mis
4239	-10.111989	ించి
4240	-10.112025	enza
4241	-10.112090	ರೇ
4242	-10.112144	▁با
4243	-10.112214	हर
4244	-10.112261	lha
4245	-10.112905	▁april
4246	-10.112928	ক্স
4247	-10.113351	ਰਾਂ
4248	-10.113421	▁keep
4249	-10.113470	fre
4250	-10.113765	ാമ
4251	-10.113982	▁നിന്നും
4252	-10.115148	ట్ట
4253	-10.115224	ಾಯ
4254	-10.115377	uta
4255	-10.115637	ಲ್‌
4256	-10.115812	▁arab
4257	-10.115877	▁significa
4258	-10.115968	ंस
4259	-10.116109	▁হয়েছিল
4260	-10.116293	gh
4261	-10.116397	ത്തിന്
4262	-10.116507	istas
4263	-10.116803	ರೂ
4264	-10.116899	▁وقت
4265	-10.117026	بہ
4266	-10.117418	▁പ്രതി
4267	-10.117567	ತಾ
4268	-10.117917	یم
4269	-10.118042	ט
4270	-10.118057	ские
4271	-10.118065	▁situa
4272	-10.118491	сс
4273	-10.118659	cre
4274	-10.118959	autres
4275	-10.118962	▁വെ
4276	-10.119003	▁estados
4277	-10.119123	ena
4278	-10.119170	▁основ
4279	-10.119218	▁kann
4280	-10.119246	జా
4281	-10.119637	ંડ
4282	-10.119660	لم
4283	-10.119730	▁मराठी
4284	-10.119903	▁ಪ್ರದೇಶ
4285	-10.120027	▁کل
4286	-10.120260	by
4287	-10.120990	▁europa
4288	-10.121000	▁bio
4289	-10.121003	ംഗ
4290	-10.121311	▁जी
4291	-10.121443	qué
4292	-10.121466	lla
4293	-10.122431	▁vin
4294	-10.122776	лю
4295	-10.122954	ín
4296	-10.123205	▁बहुत
4297	-10.123711	▁દિવસ
4298	-10.123956	▁same
4299	-10.124087	▁пред
4300	-10.124268	دار
4301	-10.124524	uf
4302	-10.124582	▁perfect
4303	-10.125097	▁play
4304	-10.125109	▁તેમણે
4305	-10.125194	put
4306	-10.125429	ंज
4307	-10.125486	ਡੀ
4308	-10.125533	र्ड
4309	-10.125642	▁ਜੀ
4310	-10.125642	▁முதல்
4311	-10.125769	ব্য
4312	-10.126047	▁etwa
4313	-10.126140	ான்
4314	-10.126161	▁sé
4315	-10.126506	▁live
4316	-10.126813	▁group
4317	-10.127234	▁એવા
4318	-10.127276	▁ഭ
4319	-10.127454	▁freguesia
4320	-10.127878	▁இவர்
4321	-10.127939	▁কিছু
4322	-10.128101	dé
4323	-10.128158	▁मध्य
4324	-10.128306	ਵਿ
4325	-10.128658	▁બા
4326	-10.128910	▁अव
4327	-10.128963	भाव
4328	-10.129014	лен
4329	-10.129372	▁flo
4330	-10.129395	▁प्रसिद्ध
4331	-10.129409	▁ಹೇಳ
4332	-10.129650	ਟਰ
4333	-10.129991	સ્ત
4334	-10.130213	▁વે
4335	-10.130366	▁دور
4336	-10.130470	▁roma
4337	-10.130544	ait
4338	-10.130608	▁later
4339	-10.130723	చి
4340	-10.131197	ã
4341	-10.132225	▁ಇಲ್ಲಿ
4342	-10.132239	ਜੀ
4343	-10.132522	ंक
4344	-10.132708	ദ്ര
4345	-10.132738	▁مو
4346	-10.132772	▁ஜ
4347	-10.132821	ula
4348	-10.133030	▁భారత
4349	-10.133060	നും
4350	-10.133213	bia
4351	-10.133427	ப்படும்
4352	-10.133582	▁class
4353	-10.133693	▁தே
4354	-10.133768	೬
4355	-10.133790	കു
4356	-10.134412	▁phil
4357	-10.134667	▁പരി
4358	-10.134987	же
4359	-10.135173	സ്ത
4360	-10.135292	▁ainsi
4361	-10.135358	ਦਰ
4362	-10.135453	▁representa
4363	-10.135651	▁ಗು
4364	-10.135857	ன்ன
4365	-10.135912	▁bit
4366	-10.136037	ish
4367	-10.136215	▁between
4368	-10.136298	▁gene
4369	-10.136701	ರ್‌
4370	-10.137053	▁فر
4371	-10.137063	▁চা
4372	-10.137156	urs
4373	-10.137835	ப்பி
4374	-10.138034	▁kha
4375	-10.138373	डा
4376	-10.138489	ಯಾದ
4377	-10.138636	ઘ
4378	-10.139248	படி
4379	-10.139381	ਚਾ
4380	-10.139386	arbeit
4381	-10.139619	ക്കും
4382	-10.139789	ию
4383	-10.139802	▁presiden
4384	-10.140085	▁pie
4385	-10.140114	ਲੋ
4386	-10.140201	▁selatan
4387	-10.140259	▁capital
4388	-10.140360	▁আর
4389	-10.140685	▁dua
4390	-10.140871	▁यांनी
4391	-10.141112	ಿವೆ
4392	-10.141290	पाल
4393	-10.141443	ിരുന്നു
4394	-10.141607	ś
4395	-10.141693	▁দিয়ে
4396	-10.141813	ற்று
4397	-10.141963	nh
4398	-10.142072	▁কাজ
4399	-10.142220	उ
4400	-10.142292	ಟೆ
4401	-10.142492	ক্র
4402	-10.142509	ലെ
4403	-10.142663	▁nova
4404	-10.142792	▁це
4405	-10.142843	ther
4406	-10.142917	மு
4407	-10.142946	▁सी
4408	-10.143345	▁ಕಿ
4409	-10.143654	▁ph
4410	-10.143909	оч
4411	-10.143938	medi
4412	-10.144012	▁ਤਾਂ
4413	-10.144069	▁حکومت
4414	-10.144363	ಚ್ಚ
4415	-10.144898	▁নামে
4416	-10.145031	ны
4417	-10.145127	▁இந்திய
4418	-10.145158	▁red
4419	-10.145950	രുടെ
4420	-10.146257	▁won
4421	-10.146296	▁את
4422	-10.146375	▁mac
4423	-10.146501	▁humare
4424	-10.146535	▁क्रिकेट
4425	-10.146605	▁ಭಾಗ
4426	-10.146722	zza
4427	-10.146796	वार
4428	-10.146828	ник
4429	-10.147453	▁ಸಹ
4430	-10.147516	থা
4431	-10.147527	▁sport
4432	-10.147528	▁yaitu
4433	-10.147921	मुळे
4434	-10.148046	▁सबसे
4435	-10.148273	र्क
4436	-10.148446	▁ഉപ
4437	-10.148447	▁atas
4438	-10.148618	burg
4439	-10.149035	ship
4440	-10.149047	ંદ
4441	-10.149088	ుని
4442	-10.149166	yu
4443	-10.149358	▁leur
4444	-10.149859	▁bro
4445	-10.150234	তার
4446	-10.150392	वाद
4447	-10.150765	▁seine
4448	-10.151012	ത്തിനു
4449	-10.151089	ân
4450	-10.151371	শে
4451	-10.151464	lä
4452	-10.151483	▁online
4453	-10.151694	aires
4454	-10.151965	যোগ
4455	-10.152362	rk
4456	-10.152987	▁ভাষা
4457	-10.152990	▁चित्रपट
4458	-10.153566	ства
4459	-10.154002	▁ಪು
4460	-10.154469	є
4461	-10.154568	▁both
4462	-10.154731	zio
4463	-10.155033	तर
4464	-10.155438	સર
4465	-10.155903	▁ಕೊ
4466	-10.156200	تھ
4467	-10.156361	వే
4468	-10.156521	▁পরি
4469	-10.156583	▁gas
4470	-10.156658	до
4471	-10.156711	pet
4472	-10.157218	▁game
4473	-10.157266	ств
4474	-10.157425	log
4475	-10.157557	પ્ર
4476	-10.158428	▁ملک
4477	-10.158653	भा
4478	-10.158751	શ્
4479	-10.158961	▁زبان
4480	-10.159521	гу
4481	-10.159715	▁tumne
4482	-10.159946	time
4483	-10.160557	▁ਲੈ
4484	-10.160576	▁أ
4485	-10.161022	▁முறை
4486	-10.161058	bang
4487	-10.161966	ć
4488	-10.162187	▁causa
4489	-10.162549	▁என்ப
4490	-10.162868	ಪ್ಪ
4491	-10.163692	▁timur
4492	-10.164481	▁kepada
4493	-10.164482	▁શાળા
4494	-10.164619	▁vez
4495	-10.165267	▁ਹੋਣ
4496	-10.165545	▁dall
4497	-10.165599	ਕਸ
4498	-10.165713	ಲೇ
4499	-10.166093	▁europe
4500	-10.166599	▁или
4501	-10.166717	മാന
4502	-10.166844	ਟਾ
4503	-10.167500	▁ਸਾਹਿਤ
4504	-10.167841	▁han
4505	-10.168121	പ്പു
4506	-10.168366	म्ब
4507	-10.168509	▁शब्द
4508	-10.168549	നേ
4509	-10.168940	▁ಉಪ
4510	-10.168952	corre
4511	-10.168967	వీ
4512	-10.169013	▁సౌకర్యం
4513	-10.169210	▁પો
4514	-10.169306	▁א
4515	-10.169360	లను
4516	-10.169394	angka
4517	-10.169518	▁ਉਨ੍ਹਾਂ
4518	-10.169701	ങ്ങളെ
4519	-10.169858	▁भू
4520	-10.169900	બા
4521	-10.169994	▁ле
4522	-10.170377	dur
4523	-10.171000	▁indi
4524	-10.171713	ña
4525	-10.171801	▁দা
4526	-10.171847	▁brasil
4527	-10.171855	▁ли
4528	-10.172050	▁حاصل
4529	-10.172066	▁belanda
4530	-10.172137	ూరు
4531	-10.172179	▁ਹੋਰ
4532	-10.172217	ತ್ತು
4533	-10.172333	▁પે
4534	-10.172771	ಣ್ಣ
4535	-10.172782	▁পে
4536	-10.172821	താണ്
4537	-10.172988	▁même
4538	-10.173188	▁р
4539	-10.173195	она
4540	-10.173447	ug
4541	-10.173724	▁ప్రైవేటు
4542	-10.174728	▁juli
4543	-10.175815	▁सरकार
4544	-10.176007	се
4545	-10.176083	три
4546	-10.176142	াই
4547	-10.176175	▁original
4548	-10.176406	▁ഏ
4549	-10.176743	ಬ್ಬ
4550	-10.176816	▁काही
4551	-10.177268	prend
4552	-10.177276	▁ઓફ
4553	-10.177392	ż
4554	-10.177663	▁padega
4555	-10.177667	▁ઉત્તર
4556	-10.177727	way
4557	-10.177874	▁tetapi
4558	-10.178151	▁طرح
4559	-10.178470	tig
4560	-10.178658	ਿੰਗ
4561	-10.178934	ਪੁਰ
4562	-10.179010	hä
4563	-10.179198	▁old
4564	-10.179841	নী
4565	-10.179850	ੱਤ
4566	-10.180095	▁pol
4567	-10.180171	▁att
4568	-10.180370	▁રાજ્ય
4569	-10.180526	▁се
4570	-10.180596	াল
4571	-10.180670	▁ہونے
4572	-10.181128	राव
4573	-10.181215	▁ద్వారా
4574	-10.181375	ഫ്
4575	-10.181703	iu
4576	-10.181993	ieren
4577	-10.182143	ઢ
4578	-10.182201	▁presidente
4579	-10.182498	▁இட
4580	-10.182816	▁india
4581	-10.182875	▁হল
4582	-10.182901	റു
4583	-10.182916	aran
4584	-10.182998	▁todos
4585	-10.183106	▁என்பது
4586	-10.183189	▁material
4587	-10.183258	انہ
4588	-10.183259	▁appreciate
4589	-10.183272	▁இருந்து
4590	-10.183351	▁તાલુકામાં
4591	-10.183360	ഹി
4592	-10.183365	▁never
4593	-10.183481	נ
4594	-10.183825	দ্ধ
4595	-10.184346	▁രൂപ
4596	-10.184741	ਥਾ
4597	-10.185096	lam
4598	-10.185636	▁அவர்
4599	-10.185765	net
4600	-10.185851	ർത്ത
4601	-10.186090	▁sim
4602	-10.186369	▁सम
4603	-10.186851	पी
4604	-10.187613	▁speak
4605	-10.187658	▁mom
4606	-10.187943	nc
4607	-10.187961	▁ಕಾರಣ
4608	-10.188228	▁pic
4609	-10.188714	▁vom
4610	-10.188881	ಕೃತ
4611	-10.189349	ਝ
4612	-10.189351	▁ಹಿ
4613	-10.189765	വ്
4614	-10.189938	೮
4615	-10.190397	rata
4616	-10.190459	▁उन्होंने
4617	-10.190497	▁मिल
4618	-10.191096	त्य
4619	-10.191360	▁చిత్ర
4620	-10.191575	▁ви
4621	-10.191648	ivo
4622	-10.192003	▁കൊ
4623	-10.192012	லாம்
4624	-10.192222	सर
4625	-10.192547	▁still
4626	-10.192564	▁amerika
4627	-10.192886	તર
4628	-10.193038	೭
4629	-10.193631	mak
4630	-10.193706	ик
4631	-10.194333	▁रो
4632	-10.194423	pak
4633	-10.194600	▁house
4634	-10.194633	▁tour
4635	-10.194717	▁version
4636	-10.195200	ધી
4637	-10.195348	▁অব
4638	-10.195665	ર્ડ
4639	-10.195731	▁но
4640	-10.195994	mat
4641	-10.196166	▁والے
4642	-10.196564	ché
4643	-10.196564	â
4644	-10.196627	▁పె
4645	-10.197186	গণ
4646	-10.197283	▁kaise
4647	-10.197290	▁thought
4648	-10.197700	ंच
4649	-10.197705	ную
4650	-10.197712	▁sekitar
4651	-10.197844	▁ز
4652	-10.198085	tent
4653	-10.198119	ત્
4654	-10.198169	ving
4655	-10.198465	కృష్ణ
4656	-10.198744	▁ಅದರ
4657	-10.199026	ea
4658	-10.199066	▁तु
4659	-10.199194	ٹر
4660	-10.199715	ग्र
4661	-10.199821	पूर
4662	-10.199836	▁document
4663	-10.199926	ૃ
4664	-10.199978	nan
4665	-10.200034	ுவ
4666	-10.200086	ష్
4667	-10.200576	olo
4668	-10.200682	led
4669	-10.200846	▁gegen
4670	-10.201183	ின
4671	-10.201243	▁big
4672	-10.201357	▁দক্ষিণ
4673	-10.201567	▁н
4674	-10.202919	ज्ञ
4675	-10.202980	▁central
4676	-10.203041	▁الم
4677	-10.203060	ха
4678	-10.203176	ться
4679	-10.203444	বল
4680	-10.203553	زی
4681	-10.203635	▁santa
4682	-10.203682	▁காண
4683	-10.203691	జీ
4684	-10.203742	ਸੇ
4685	-10.203888	▁வரை
4686	-10.204029	▁છ
4687	-10.204391	▁din
4688	-10.204399	ಕು
4689	-10.204473	ఘ
4690	-10.204544	▁four
4691	-10.204694	ંક
4692	-10.204703	নো
4693	-10.204746	cita
4694	-10.204955	מ
4695	-10.205053	▁august
4696	-10.205289	▁ഭാഗ
4697	-10.205301	▁જેમાં
4698	-10.205577	ਗਰ
4699	-10.205727	ਾਰ
4700	-10.206243	কো
4701	-10.206289	▁energi
4702	-10.206786	ழி
4703	-10.207110	▁fal
4704	-10.207574	lig
4705	-10.207734	▁ಬಳಸ
4706	-10.207781	▁అనే
4707	-10.207849	ిక
4708	-10.207892	▁hari
4709	-10.208210	▁उनके
4710	-10.208240	staat
4711	-10.208261	▁ਹਰ
4712	-10.208333	তু
4713	-10.208864	nal
4714	-10.208985	ஞ்ச
4715	-10.209416	▁ਵਾ
4716	-10.209484	▁ब्र
4717	-10.209641	ಜ್
4718	-10.209769	▁लाग
4719	-10.209886	ற்
4720	-10.210149	ৈ
4721	-10.210151	▁ਜਾਂਦੀ
4722	-10.210290	▁campo
4723	-10.210589	tag
4724	-10.210794	▁together
4725	-10.211040	కే
4726	-10.211045	▁dekh
4727	-10.211085	ן
4728	-10.211455	▁હો
4729	-10.211470	ಯೋ
4730	-10.211628	ux
4731	-10.211981	ний
4732	-10.212205	hol
4733	-10.212417	▁sein
4734	-10.212976	có
4735	-10.212983	▁salah
4736	-10.213496	▁nombre
4737	-10.213631	▁ਗਏ
4738	-10.213642	ഷ്
4739	-10.213860	▁win
4740	-10.213888	গা
4741	-10.213906	▁ઈ
4742	-10.214077	▁year
4743	-10.214097	യ്
4744	-10.214145	पासून
4745	-10.214457	▁એમ
4746	-10.214479	▁jean
4747	-10.214501	▁primeiro
4748	-10.214521	യായി
4749	-10.214530	▁ville
4750	-10.214767	ٹھ
4751	-10.214930	ika
4752	-10.215261	my
4753	-10.215343	akan
4754	-10.215671	▁பொ
4755	-10.215695	▁outros
4756	-10.215706	▁badh
4757	-10.216050	▁crea
4758	-10.216075	▁ਸਮੇਂ
4759	-10.216218	ane
4760	-10.216465	ांचे
4761	-10.216850	▁sistem
4762	-10.216956	nk
4763	-10.217052	▁sign
4764	-10.217057	▁युद्ध
4765	-10.217474	▁friends
4766	-10.217804	૯
4767	-10.217892	nz
4768	-10.218142	ಧಿ
4769	-10.218166	টির
4770	-10.218183	▁esse
4771	-10.218246	▁club
4772	-10.218782	▁sto
4773	-10.219573	▁कम
4774	-10.219844	ാൽ
4775	-10.220320	▁বিভিন্ন
4776	-10.220321	▁પ્રથમ
4777	-10.220669	▁സ്വ
4778	-10.220843	साठी
4779	-10.221279	▁essa
4780	-10.221549	▁कई
4781	-10.221553	્યું
4782	-10.222398	line
4783	-10.222419	phy
4784	-10.222665	▁व्य
4785	-10.222754	▁ਸਰ
4786	-10.223051	ய்
4787	-10.223096	ак
4788	-10.223190	pl
4789	-10.223289	ುತ್ತ
4790	-10.224280	ਸ਼ੀ
4791	-10.224440	▁baru
4792	-10.224747	pres
4793	-10.224824	डि
4794	-10.224946	ദാ
4795	-10.224972	▁ਦਰ
4796	-10.225520	▁result
4797	-10.225610	▁ren
4798	-10.225792	েন
4799	-10.226033	▁ਮੈ
4800	-10.226116	▁ме
4801	-10.226213	▁ਦੁਆਰਾ
4802	-10.226534	िंग
4803	-10.226688	▁mol
4804	-10.226826	ਸ਼ਨ
4805	-10.226884	▁mari
4806	-10.226936	▁act
4807	-10.227042	▁peut
4808	-10.227181	ട്ട്
4809	-10.227226	▁സു
4810	-10.227275	▁साम
4811	-10.227390	त्या
4812	-10.227604	▁$
4813	-10.227668	▁ചെ
4814	-10.227849	▁તથા
4815	-10.228324	tum
4816	-10.228592	▁area
4817	-10.229004	▁നിന്ന്
4818	-10.229142	▁trip
4819	-10.229152	▁kata
4820	-10.229250	ਸਟ
4821	-10.229476	೨
4822	-10.229552	వారు
4823	-10.229657	▁രാജ്യ
4824	-10.229836	uch
4825	-10.229944	action
4826	-10.230032	ন্ট
4827	-10.230242	కర
4828	-10.230563	▁tras
4829	-10.230661	वन
4830	-10.230750	ங்கள
4831	-10.230773	▁abad
4832	-10.230775	ಕಿ
4833	-10.231507	▁चि
4834	-10.231880	▁rest
4835	-10.232123	కూ
4836	-10.232189	ಗು
4837	-10.232259	மும்
4838	-10.232322	കെ
4839	-10.232322	▁top
4840	-10.232697	▁आज
4841	-10.232762	зна
4842	-10.233177	▁പല
4843	-10.233224	▁muito
4844	-10.233298	▁وجہ
4845	-10.233472	▁limit
4846	-10.233504	ियन
4847	-10.233785	▁अपनी
4848	-10.233807	cchi
4849	-10.233870	ില
4850	-10.233978	જન
4851	-10.233986	ডি
4852	-10.234225	▁തെ
4853	-10.234264	▁très
4854	-10.234382	▁अर्थ
4855	-10.234688	gua
4856	-10.234695	▁ਜਾਣ
4857	-10.234834	▁ہر
4858	-10.235322	▁english
4859	-10.235682	▁भा
4860	-10.235776	গত
4861	-10.235973	kin
4862	-10.236010	ళ్ళ
4863	-10.236371	uri
4864	-10.236942	▁ఆరోగ్య
4865	-10.236947	▁வெளிவந்த
4866	-10.237165	▁considera
4867	-10.237643	▁വരെ
4868	-10.237766	ambi
4869	-10.237775	বাহ
4870	-10.237778	ಗೊಂಡ
4871	-10.238173	▁enjoy
4872	-10.238647	▁شامل
4873	-10.238690	ুল
4874	-10.238944	ரோ
4875	-10.239049	▁పి
4876	-10.239362	▁être
4877	-10.239397	ाइ
4878	-10.239470	ಷ್ಟು
4879	-10.239660	тро
4880	-10.239762	▁ગો
4881	-10.240189	▁dieser
4882	-10.240249	▁तीन
4883	-10.240425	وار
4884	-10.240883	▁partie
4885	-10.241136	ಡಾ
4886	-10.241187	▁आले
4887	-10.241381	▁large
4888	-10.241772	▁ആദ്യ
4889	-10.241804	ாளர்
4890	-10.241809	وم
4891	-10.242249	હી
4892	-10.242340	э
4893	-10.242416	▁baar
4894	-10.242489	▁primo
4895	-10.243098	▁સમ
4896	-10.243711	ാണ്‌
4897	-10.243878	સે
4898	-10.244515	জন
4899	-10.244541	▁festival
4900	-10.244653	ಹಿ
4901	-10.244962	ಕರ್
4902	-10.245050	▁जब
4903	-10.245236	▁islam
4904	-10.246049	ё
4905	-10.246466	▁own
4906	-10.246724	▁history
4907	-10.246748	vant
4908	-10.246795	ió
4909	-10.247044	ષ્ટ
4910	-10.247222	▁aata
4911	-10.247251	ಿನಲ್ಲಿ
4912	-10.247269	▁digunakan
4913	-10.247288	▁చెందిన
4914	-10.247632	ੰਤ
4915	-10.247722	▁studi
4916	-10.248268	▁அதிக
4917	-10.248790	▁તો
4918	-10.249313	▁zona
4919	-10.249508	▁हुई
4920	-10.249613	▁پا
4921	-10.249640	bal
4922	-10.249816	▁લા
4923	-10.250560	▁ప్రధాన
4924	-10.250579	▁mayor
4925	-10.250762	▁°
4926	-10.251162	बी
4927	-10.251267	▁cam
4928	-10.251353	ವರ್
4929	-10.251521	▁sendo
4930	-10.251534	rak
4931	-10.251911	å
4932	-10.252197	▁फिल्म
4933	-10.252197	▁ব্যবহার
4934	-10.252495	▁multi
4935	-10.252780	सन
4936	-10.252913	ऱ्या
4937	-10.252948	ाया
4938	-10.253042	ир
4939	-10.253252	െങ്കിലും
4940	-10.253293	ബന്ധ
4941	-10.253368	▁simple
4942	-10.253471	▁true
4943	-10.253715	iche
4944	-10.253749	व्य
4945	-10.253842	▁sou
4946	-10.253846	▁encontra
4947	-10.253921	ными
4948	-10.254013	tang
4949	-10.254124	वर्
4950	-10.254133	हार
4951	-10.254157	नंतर
4952	-10.254368	బ్
4953	-10.254481	▁number
4954	-10.254490	ప్ప
4955	-10.254597	▁personal
4956	-10.254761	ow
4957	-10.254786	▁தமிழ்
4958	-10.254792	mir
4959	-10.254991	ਜਨ
4960	-10.255100	▁ਕਿਸੇ
4961	-10.255608	▁sido
4962	-10.255655	ella
4963	-10.255775	▁یہاں
4964	-10.255855	ற்க
4965	-10.255903	▁tr
4966	-10.255931	▁zo
4967	-10.256061	ధి
4968	-10.256610	▁উপজেলা
4969	-10.256786	▁posi
4970	-10.256930	▁করার
4971	-10.257480	థ
4972	-10.257679	▁ਦਿ
4973	-10.257703	▁استعمال
4974	-10.257705	▁zwischen
4975	-10.258118	phone
4976	-10.258132	ksi
4977	-10.258134	யோ
4978	-10.258440	iques
4979	-10.258690	rin
4980	-10.258853	▁બાદ
4981	-10.258902	▁var
4982	-10.259191	▁flu
4983	-10.259325	▁ਭਾਸ਼ਾ
4984	-10.259328	▁kali
4985	-10.259766	▁since
4986	-10.259835	▁झ
4987	-10.259894	द्य
4988	-10.259906	सि
4989	-10.260006	ದೆ
4990	-10.260024	reich
4991	-10.260168	▁seus
4992	-10.260503	trop
4993	-10.260585	ਗੁ
4994	-10.260666	ர்கள்
4995	-10.260775	▁gaya
4996	-10.260790	ਉ
4997	-10.261036	▁गई
4998	-10.261264	▁ڈ
4999	-10.261305	▁అని
5000	-10.261436	▁relax
5001	-10.262429	ક્સ
5002	-10.262486	ക്കാര
5003	-10.262711	▁element
5004	-10.262897	бер
5005	-10.262955	ांची
5006	-10.263016	▁મુ
5007	-10.263278	▁entra
5008	-10.263843	▁राष्ट्र
5009	-10.263872	▁arm
5010	-10.264226	▁hor
5011	-10.264277	тер
5012	-10.264349	▁കാണ
5013	-10.264452	▁fre
5014	-10.264483	ries
5015	-10.264536	▁är
5016	-10.265308	▁ہم
5017	-10.265347	yan
5018	-10.265363	▁సి
5019	-10.265409	र्ण
5020	-10.265662	▁ur
5021	-10.265689	મિ
5022	-10.265755	▁পারে
5023	-10.265945	ांचा
5024	-10.266385	▁product
5025	-10.266536	yi
5026	-10.266595	ട്ടു
5027	-10.266641	न्द
5028	-10.266669	▁ಮೇ
5029	-10.266691	▁utara
5030	-10.266840	▁సు
5031	-10.267008	రాజు
5032	-10.267508	ച്ച്
5033	-10.267552	ುವುದ
5034	-10.267958	తీ
5035	-10.267984	▁خان
5036	-10.268092	▁ಏ
5037	-10.268214	ಂಗ
5038	-10.268600	▁fort
5039	-10.268754	गे
5040	-10.268779	ত্ত
5041	-10.268931	રણ
5042	-10.269089	por
5043	-10.269321	ಮೆ
5044	-10.269324	бы
5045	-10.269362	ются
5046	-10.269366	▁ಸಮ
5047	-10.269447	ील
5048	-10.269615	ണ്ണ
5049	-10.269806	ந
5050	-10.269958	▁ವರ್ಷ
5051	-10.270066	ние
5052	-10.270151	ਚਾਰ
5053	-10.270420	zeit
5054	-10.270448	ফা
5055	-10.271045	▁computer
5056	-10.271058	ವ್ಯ
5057	-10.271162	ங்கு
5058	-10.271823	▁vida
5059	-10.272285	▁राम
5060	-10.272699	▁nom
5061	-10.272781	лов
5062	-10.273027	ava
5063	-10.273126	spect
5064	-10.273280	▁également
5065	-10.273305	org
5066	-10.273705	▁cop
5067	-10.273816	▁chalo
5068	-10.273905	રુ
5069	-10.274413	क्रम
5070	-10.274576	▁ಮಿ
5071	-10.274726	ளை
5072	-10.274763	ша
5073	-10.275525	▁જ્યારે
5074	-10.275617	▁ले
5075	-10.276369	▁यांच्या
5076	-10.276447	ière
5077	-10.276676	▁انہوں
5078	-10.276765	▁મોટા
5079	-10.276820	കർ
5080	-10.276897	▁utiliza
5081	-10.277326	▁ум
5082	-10.278037	anda
5083	-10.278044	ിട
5084	-10.278057	▁member
5085	-10.278389	▁lainnya
5086	-10.278648	imento
5087	-10.278957	ોને
5088	-10.279024	▁сам
5089	-10.279035	ിക്കുന്നു
5090	-10.279094	ün
5091	-10.279254	டா
5092	-10.279436	شی
5093	-10.279458	▁হন
5094	-10.279462	మె
5095	-10.280033	▁ges
5096	-10.280420	▁apo
5097	-10.280596	ā
5098	-10.280596	▁પ્રાથમિક
5099	-10.280602	▁région
5100	-10.280626	ೆಯ
5101	-10.280630	વર્
5102	-10.280677	▁sam
5103	-10.280789	▁എന്നാൽ
5104	-10.281326	▁были
5105	-10.281566	▁fri
5106	-10.281590	ਠ
5107	-10.281891	▁ಹೊರ
5108	-10.282085	less
5109	-10.282086	లలో
5110	-10.282190	▁पश्चिम
5111	-10.282291	▁विशेष
5112	-10.282506	ഗ്ര
5113	-10.282526	▁ಶಿ
5114	-10.282734	ments
5115	-10.282876	▁mur
5116	-10.283235	▁दु
5117	-10.283425	▁disebut
5118	-10.283629	वाह
5119	-10.283855	dig
5120	-10.283921	pia
5121	-10.283981	fund
5122	-10.284198	দু
5123	-10.284304	▁grandes
5124	-10.284431	lü
5125	-10.284452	▁mehr
5126	-10.284561	▁ਸ਼ਹਿਰ
5127	-10.284749	▁traditional
5128	-10.284801	▁united
5129	-10.284948	కం
5130	-10.285094	ತ್ವ
5131	-10.285099	▁teil
5132	-10.285125	▁साहित्य
5133	-10.285192	don
5134	-10.285205	ੋਰ
5135	-10.285358	▁நாடு
5136	-10.285561	▁jag
5137	-10.285700	اق
5138	-10.285710	▁प्राप्त
5139	-10.285787	fra
5140	-10.285837	▁தொ
5141	-10.285909	ಫ್
5142	-10.286204	ದ್ಧ
5143	-10.286272	▁three
5144	-10.286321	▁त्यांच्या
5145	-10.286375	бор
5146	-10.286436	സ്ഥ
5147	-10.286448	▁مت
5148	-10.286656	tina
5149	-10.286662	ിരുന്ന
5150	-10.286996	നീ
5151	-10.287116	▁population
5152	-10.287196	gos
5153	-10.287271	til
5154	-10.287378	▁sama
5155	-10.287397	▁ciudad
5156	-10.287682	ेल
5157	-10.287721	▁होने
5158	-10.287901	ced
5159	-10.287901	০০
5160	-10.288245	▁పు
5161	-10.288556	▁মু
5162	-10.288703	ations
5163	-10.288974	▁conta
5164	-10.289104	▁ہوتی
5165	-10.289187	ডে
5166	-10.289230	▁ਏ
5167	-10.289249	▁ಮೂಲಕ
5168	-10.289532	ਪੂ
5169	-10.289622	ੱਖ
5170	-10.290155	খা
5171	-10.290626	త్రి
5172	-10.290998	▁hingga
5173	-10.291134	▁puede
5174	-10.291144	▁lately
5175	-10.291634	▁૨
5176	-10.291785	ಮ್ಮ
5177	-10.291817	ટર
5178	-10.291849	ന്ദ
5179	-10.292048	▁ziri
5180	-10.292184	▁poder
5181	-10.292224	ಗಾರ
5182	-10.292302	▁ਲਿਖ
5183	-10.292442	▁दा
5184	-10.292820	haus
5185	-10.293134	▁رہے
5186	-10.293155	▁berlin
5187	-10.293293	metro
5188	-10.293525	ുണ്ട്
5189	-10.293955	ोर
5190	-10.293994	ഘ
5191	-10.294035	uc
5192	-10.294050	idades
5193	-10.294389	▁iii
5194	-10.294393	па
5195	-10.294609	bili
5196	-10.294679	नाथ
5197	-10.294817	▁amazing
5198	-10.294924	ute
5199	-10.294973	മാർ
5200	-10.294996	▁दिन
5201	-10.295172	കാ
5202	-10.295412	▁blo
5203	-10.295488	▁२०
5204	-10.295709	ിച്ച്
5205	-10.295814	▁dont
5206	-10.295820	lí
5207	-10.295966	▁ಅನೇಕ
5208	-10.296412	▁ചില
5209	-10.296547	▁denomina
5210	-10.296891	ಂಚ
5211	-10.297281	జి
5212	-10.297479	പ്
5213	-10.297720	▁kitna
5214	-10.297872	▁sue
5215	-10.298018	ಬಾ
5216	-10.298090	▁உலக
5217	-10.298104	▁கூற
5218	-10.298206	▁જેવી
5219	-10.298298	▁passa
5220	-10.298485	▁milega
5221	-10.298533	▁शे
5222	-10.298856	▁தெ
5223	-10.298986	ਾਉਣ
5224	-10.299194	▁sho
5225	-10.299509	gri
5226	-10.299925	ária
5227	-10.300346	тов
5228	-10.300807	ür
5229	-10.301256	gesetz
5230	-10.302121	bus
5231	-10.302222	▁ਵਾਰ
5232	-10.302266	नो
5233	-10.302390	▁સો
5234	-10.302396	дан
5235	-10.302397	दर्श
5236	-10.302785	▁ಹೊಂದ
5237	-10.302923	▁రాష్ట్ర
5238	-10.302955	▁పరి
5239	-10.302999	ன்ற
5240	-10.303049	▁arte
5241	-10.303292	लेल्या
5242	-10.303293	ையும்
5243	-10.303785	ణి
5244	-10.303941	▁కింది
5245	-10.303994	kal
5246	-10.303998	کس
5247	-10.304102	য়ার
5248	-10.304238	ыва
5249	-10.304510	ons
5250	-10.304615	low
5251	-10.304631	▁విద్యా
5252	-10.305138	க்கப்பட்ட
5253	-10.305867	▁ਸੂ
5254	-10.305975	ás
5255	-10.306029	ige
5256	-10.306065	കളുടെ
5257	-10.306341	▁ссср
5258	-10.306712	оль
5259	-10.306736	▁город
5260	-10.307464	సా
5261	-10.307552	▁ਖੇਤਰ
5262	-10.308092	ിനെ
5263	-10.308168	▁झाला
5264	-10.308179	▁cara
5265	-10.308275	▁വർഷ
5266	-10.308790	▁खेळ
5267	-10.308819	стан
5268	-10.310163	കളെ
5269	-10.310207	ಶಾ
5270	-10.310213	▁transport
5271	-10.310409	▁இலங்கை
5272	-10.310494	▁pem
5273	-10.310578	▁کوئی
5274	-10.311121	▁food
5275	-10.311404	রের
5276	-10.311766	▁೨
5277	-10.311821	ਭਾ
5278	-10.311850	ેટ
5279	-10.311984	▁در
5280	-10.312149	mittel
5281	-10.312434	▁غ
5282	-10.312571	▁thinking
5283	-10.312658	ਹੀ
5284	-10.313291	▁বিশ্ব
5285	-10.313420	az
5286	-10.313533	দিন
5287	-10.313786	ಬಿ
5288	-10.314291	▁tan
5289	-10.314510	graph
5290	-10.314519	hin
5291	-10.314525	▁ಮುಖ್ಯ
5292	-10.314890	▁ಕಾರ್ಯ
5293	-10.315335	ਿਲ
5294	-10.315378	▁వారి
5295	-10.315385	▁mind
5296	-10.315696	▁എന്ന്
5297	-10.316674	اری
5298	-10.317062	▁दी
5299	-10.317259	ീയ
5300	-10.317285	anti
5301	-10.317516	▁একজন
5302	-10.317624	ഴി
5303	-10.317636	лся
5304	-10.317895	▁cria
5305	-10.317912	▁front
5306	-10.318082	തല
5307	-10.318335	▁hier
5308	-10.318582	▁loro
5309	-10.319001	വ്യ
5310	-10.319224	ова
5311	-10.319286	ще
5312	-10.319500	let
5313	-10.319715	ಿತ್ತು
5314	-10.319782	▁papa
5315	-10.319837	▁jest
5316	-10.319838	ਧਾਰ
5317	-10.320311	ியது
5318	-10.320937	▁תום
5319	-10.320955	menti
5320	-10.321066	▁پیدا
5321	-10.321263	▁ਕਈ
5322	-10.321447	▁కొ
5323	-10.321567	▁जीवन
5324	-10.321842	▁robert
5325	-10.321948	శా
5326	-10.322071	▁పో
5327	-10.322104	▁உள்ளது
5328	-10.322112	▁محمد
5329	-10.322271	ക്കുന്ന
5330	-10.322278	▁cris
5331	-10.322476	ста
5332	-10.322558	▁après
5333	-10.322649	али
5334	-10.322985	▁af
5335	-10.323038	ಡಿಯ
5336	-10.323224	row
5337	-10.323437	లీ
5338	-10.323545	▁laut
5339	-10.323647	ہر
5340	-10.323880	▁پہلے
5341	-10.324130	▁ക്ഷേത്ര
5342	-10.324174	iti
5343	-10.324618	মে
5344	-10.324756	▁health
5345	-10.324793	▁স্
5346	-10.325068	سک
5347	-10.325118	bit
5348	-10.325373	▁rakh
5349	-10.325410	тив
5350	-10.325463	gun
5351	-10.325692	योग
5352	-10.325931	▁tab
5353	-10.326096	చేస
5354	-10.326586	▁informa
5355	-10.326671	▁было
5356	-10.326957	▁ಕೆಲವು
5357	-10.327070	▁sei
5358	-10.327075	▁хо
5359	-10.327177	ంతో
5360	-10.327255	▁realiza
5361	-10.327291	bung
5362	-10.327511	union
5363	-10.327515	chte
5364	-10.327515	ತರ
5365	-10.327629	▁ചിത്ര
5366	-10.327793	▁ام
5367	-10.327804	rt
5368	-10.328159	ગી
5369	-10.328247	ações
5370	-10.328289	▁each
5371	-10.328322	iano
5372	-10.328423	ep
5373	-10.328502	▁பெற்ற
5374	-10.328630	▁namun
5375	-10.329637	spira
5376	-10.329642	फा
5377	-10.329721	દિ
5378	-10.329770	isa
5379	-10.329795	▁અહીં
5380	-10.329796	▁کام
5381	-10.330057	▁നാ
5382	-10.330309	lor
5383	-10.330378	ologie
5384	-10.330400	лись
5385	-10.330505	ాన
5386	-10.330567	राम
5387	-10.330780	use
5388	-10.330977	ז
5389	-10.331067	ষ্ঠ
5390	-10.331150	recht
5391	-10.331181	heit
5392	-10.331217	bin
5393	-10.331503	ktor
5394	-10.331705	▁animal
5395	-10.331815	▁waren
5396	-10.331910	സഭ
5397	-10.331932	ద్ద
5398	-10.331956	dung
5399	-10.332202	cco
5400	-10.332267	rent
5401	-10.332303	▁ਵਾਲੇ
5402	-10.332414	dri
5403	-10.332565	▁शक
5404	-10.332737	ಷ್
5405	-10.333093	ৎ
5406	-10.333179	▁સી
5407	-10.333364	▁paul
5408	-10.333605	ડે
5409	-10.333675	▁ഡ
5410	-10.333824	मत
5411	-10.333958	▁человек
5412	-10.334186	లోనూ
5413	-10.334407	છ
5414	-10.334592	▁model
5415	-10.334719	ਨਾਂ
5416	-10.334981	▁किसी
5417	-10.335046	▁dono
5418	-10.335204	▁science
5419	-10.335281	▁кор
5420	-10.335402	sis
5421	-10.335658	▁tiene
5422	-10.335785	▁اہم
5423	-10.336317	▁bata
5424	-10.336854	ienne
5425	-10.337057	ಾಯಿ
5426	-10.337145	ಾವ
5427	-10.337151	ias
5428	-10.337892	ਯ
5429	-10.337954	▁বাংলাদেশ
5430	-10.338102	ਜ਼ਾ
5431	-10.338159	স্থান
5432	-10.338250	▁મહા
5433	-10.338361	▁મિ
5434	-10.338470	மைய
5435	-10.338627	ੰਨ
5436	-10.338717	▁వైద్య
5437	-10.338768	▁اسی
5438	-10.338962	ov
5439	-10.338966	ense
5440	-10.339033	েট
5441	-10.339141	وس
5442	-10.339229	سٹ
5443	-10.339643	टो
5444	-10.339733	▁administra
5445	-10.339883	ராக
5446	-10.339987	▁વિશ્વ
5447	-10.340016	ਗੋ
5448	-10.340837	лось
5449	-10.340865	মু
5450	-10.341024	शि
5451	-10.341215	▁aa
5452	-10.341530	ца
5453	-10.341941	పో
5454	-10.342154	▁రామ
5455	-10.342258	कि
5456	-10.342285	ಭಾ
5457	-10.343130	▁કરીને
5458	-10.343537	पर्यंत
5459	-10.343664	▁అను
5460	-10.343983	▁दोन
5461	-10.344142	▁give
5462	-10.344306	ਤਿ
5463	-10.344577	▁سن
5464	-10.344901	ай
5465	-10.344915	▁obra
5466	-10.344966	▁mont
5467	-10.345057	▁જેમ
5468	-10.345162	enden
5469	-10.345195	▁ఉప
5470	-10.345342	▁পর্যন্ত
5471	-10.345394	▁sede
5472	-10.345599	ష్ట
5473	-10.345614	ient
5474	-10.346291	ות
5475	-10.346370	▁million
5476	-10.346373	૨
5477	-10.346897	കൂട
5478	-10.347048	▁ক্যা
5479	-10.347110	மே
5480	-10.347151	▁किंवा
5481	-10.347152	ono
5482	-10.347281	ভে
5483	-10.347373	▁ainda
5484	-10.347374	ирован
5485	-10.347662	जे
5486	-10.347754	▁દક્ષિણ
5487	-10.347863	▁કર્યો
5488	-10.347877	▁അനു
5489	-10.348164	कडे
5490	-10.348382	▁século
5491	-10.348510	റാ
5492	-10.348585	▁இணை
5493	-10.348603	rate
5494	-10.348645	▁പോ
5495	-10.348964	▁jahrhundert
5496	-10.349155	eau
5497	-10.349162	▁atom
5498	-10.349299	િયન
5499	-10.349300	ಸ್ಟ್
5500	-10.349412	▁face
5501	-10.349671	▁فی
5502	-10.349822	▁असून
5503	-10.350061	▁volta
5504	-10.350079	yer
5505	-10.350084	▁valor
5506	-10.350563	дж
5507	-10.350573	▁bat
5508	-10.350618	ತ್ಯ
5509	-10.350745	লের
5510	-10.350992	టీ
5511	-10.351074	പ്പെടുന്നു
5512	-10.351171	▁aaj
5513	-10.351238	▁ਕੰਮ
5514	-10.351549	▁costa
5515	-10.351626	▁ऑ
5516	-10.351830	gor
5517	-10.351971	▁வெளி
5518	-10.352040	▁present
5519	-10.352058	гр
5520	-10.352377	uv
5521	-10.352599	▁हिन्दी
5522	-10.352608	▁язык
5523	-10.352719	▁ಭಾಷೆ
5524	-10.353091	schaft
5525	-10.353210	▁depuis
5526	-10.353442	▁porta
5527	-10.353497	சா
5528	-10.353577	▁ਜਿ
5529	-10.353994	ਰਨ
5530	-10.354274	▁रहा
5531	-10.354831	▁massa
5532	-10.354858	zin
5533	-10.355167	▁ભારતીય
5534	-10.355476	знач
5535	-10.355517	mma
5536	-10.355640	▁sometimes
5537	-10.355757	mie
5538	-10.355794	▁program
5539	-10.355989	ਰਸ
5540	-10.356000	▁onde
5541	-10.356153	▁لی
5542	-10.356247	▁время
5543	-10.356751	തും
5544	-10.356933	▁ਗੁਰੂ
5545	-10.357650	ания
5546	-10.357705	▁ডি
5547	-10.357857	▁sowie
5548	-10.358049	▁বাংলা
5549	-10.358557	▁সম
5550	-10.358700	▁அமெரிக்க
5551	-10.359124	▁నా
5552	-10.359192	ইন
5553	-10.359344	▁স্ব
5554	-10.359467	▁দেশ
5555	-10.359504	▁ди
5556	-10.359993	ਣੀ
5557	-10.359995	▁была
5558	-10.360061	▁law
5559	-10.360109	▁ചെയ്യ
5560	-10.360195	دا
5561	-10.360225	▁પૈકીના
5562	-10.360522	▁મધ્ય
5563	-10.360662	▁pemerintah
5564	-10.360709	చు
5565	-10.360772	▁hanya
5566	-10.360834	annya
5567	-10.361593	য়ের
5568	-10.361621	ਾਸ
5569	-10.362195	▁पि
5570	-10.362633	▁process
5571	-10.362795	സർ
5572	-10.362838	റെ
5573	-10.362845	▁star
5574	-10.362967	্ম
5575	-10.363003	ੰਡ
5576	-10.363354	ഷ്യ
5577	-10.363372	தில்
5578	-10.363673	ರನ್ನು
5579	-10.364248	మూ
5580	-10.364281	ಿಸಿದರು
5581	-10.364292	▁ಪ್ರಮುಖ
5582	-10.364450	யு
5583	-10.364770	▁jahr
5584	-10.364840	▁ಕೂಡ
5585	-10.365108	bur
5586	-10.365111	▁saint
5587	-10.365129	ીને
5588	-10.365154	ಕಲ್
5589	-10.365204	▁perang
5590	-10.365430	▁digital
5591	-10.365519	▁৩
5592	-10.365707	ंगा
5593	-10.365917	▁vis
5594	-10.366042	،
5595	-10.366174	क्त
5596	-10.366178	▁वै
5597	-10.366306	мы
5598	-10.366854	ರಣ
5599	-10.367270	াব
5600	-10.367473	▁ਸਮ
5601	-10.367552	bert
5602	-10.367903	zahl
5603	-10.367999	▁తా
5604	-10.368092	হার
5605	-10.368143	▁काल
5606	-10.368197	▁venne
5607	-10.368416	▁गए
5608	-10.368864	▁naye
5609	-10.369077	▁चौ
5610	-10.369123	▁સામાન્ય
5611	-10.369126	▁பயன்படுத்த
5612	-10.369212	pha
5613	-10.369290	▁china
5614	-10.369740	▁తరువాత
5615	-10.369774	▁אני
5616	-10.369904	ologia
5617	-10.369930	સિ
5618	-10.370130	ழை
5619	-10.370358	▁ભાષા
5620	-10.370401	ોની
5621	-10.370812	এ
5622	-10.371319	▁cultura
5623	-10.371648	▁lors
5624	-10.371813	ગ્
5625	-10.372114	cola
5626	-10.372215	▁لا
5627	-10.372338	▁வழி
5628	-10.372813	ial
5629	-10.372994	ন্ধ
5630	-10.373044	▁जे
5631	-10.373141	ప్
5632	-10.373153	нии
5633	-10.373459	▁एका
5634	-10.373579	▁состав
5635	-10.373713	ંચ
5636	-10.373758	▁ਕਿਹਾ
5637	-10.373858	▁साली
5638	-10.373987	род
5639	-10.374076	▁অংশ
5640	-10.374194	ર્ક
5641	-10.374224	▁lang
5642	-10.374343	ں
5643	-10.374448	▁question
5644	-10.374651	পার
5645	-10.375119	▁دنیا
5646	-10.375393	ray
5647	-10.375804	▁said
5648	-10.376170	▁देख
5649	-10.376178	ાઉ
5650	-10.376674	লী
5651	-10.376937	pal
5652	-10.377190	▁निर्माण
5653	-10.377789	▁ange
5654	-10.378083	ষ্ট
5655	-10.378177	▁राष्ट्रीय
5656	-10.378269	▁জা
5657	-10.378328	రణ
5658	-10.378423	▁પરંતુ
5659	-10.378434	▁major
5660	-10.378664	கம்
5661	-10.379022	स्क
5662	-10.379500	▁south
5663	-10.379586	▁hatte
5664	-10.379801	விட
5665	-10.379910	lá
5666	-10.380040	ved
5667	-10.380178	▁മറ്റു
5668	-10.380244	▁اب
5669	-10.380748	▁તેમની
5670	-10.381213	જે
5671	-10.381498	▁mere
5672	-10.381637	▁record
5673	-10.382020	pur
5674	-10.382156	▁gold
5675	-10.382233	▁बी
5676	-10.382692	stein
5677	-10.382858	வற்ற
5678	-10.382864	tique
5679	-10.383746	▁ചെയ്ത
5680	-10.383938	rian
5681	-10.384182	▁દે
5682	-10.384224	bro
5683	-10.384418	hir
5684	-10.384570	tus
5685	-10.384694	пис
5686	-10.384695	▁kind
5687	-10.384830	fic
5688	-10.385185	▁போர்
5689	-10.385208	ેર
5690	-10.385208	▁kiya
5691	-10.385500	▁ਕੋ
5692	-10.385672	teri
5693	-10.385675	ફો
5694	-10.385928	થા
5695	-10.385989	ুর
5696	-10.386322	र्ग
5697	-10.386554	▁french
5698	-10.386796	ন্
5699	-10.386880	▁free
5700	-10.386895	്യാ
5701	-10.387069	ala
5702	-10.387399	▁ਇਕ
5703	-10.387444	نڈ
5704	-10.387468	વર
5705	-10.387484	duk
5706	-10.387598	ಟಾ
5707	-10.387860	▁cra
5708	-10.387970	▁بال
5709	-10.388026	ран
5710	-10.388160	कल
5711	-10.388221	▁पे
5712	-10.388296	ğ
5713	-10.388400	tera
5714	-10.388425	▁quant
5715	-10.388758	▁permit
5716	-10.388830	▁asli
5717	-10.389127	ಲೂ
5718	-10.389350	▁चार
5719	-10.389618	uan
5720	-10.389697	ْ
5721	-10.390108	▁আল
5722	-10.390164	▁ஆகிய
5723	-10.390327	▁plusieurs
5724	-10.390682	mana
5725	-10.391060	ચાર
5726	-10.391258	die
5727	-10.391441	idos
5728	-10.391629	▁તાલુકાઓ
5729	-10.391638	▁todo
5730	-10.392085	▁महाराष्ट्र
5731	-10.392090	яв
5732	-10.392394	ించిన
5733	-10.392396	lica
5734	-10.392482	dd
5735	-10.392594	ёт
5736	-10.392750	▁مق
5737	-10.392849	▁ਸ਼ੁਰੂ
5738	-10.392853	▁రెండు
5739	-10.393288	▁hij
5740	-10.393334	▁খা
5741	-10.393486	▁सकता
5742	-10.393834	▁separa
5743	-10.393887	▁liber
5744	-10.394015	த்திற்கு
5745	-10.394114	▁же
5746	-10.394218	▁success
5747	-10.394265	cial
5748	-10.394432	ಲಾಗಿದೆ
5749	-10.394544	▁ગુ
5750	-10.394685	▁recon
5751	-10.394855	্ব
5752	-10.394996	▁પડ
5753	-10.395288	rem
5754	-10.395491	ೆಂದು
5755	-10.395574	टर
5756	-10.395584	▁ਹੋਏ
5757	-10.395882	▁há
5758	-10.395912	ál
5759	-10.396052	ус
5760	-10.396169	ികൾ
5761	-10.396198	idas
5762	-10.396336	▁ನಗರ
5763	-10.396344	▁sens
5764	-10.396374	కొ
5765	-10.396708	▁micro
5766	-10.396803	▁nice
5767	-10.396820	nico
5768	-10.396975	ೃ
5769	-10.396997	ತನ
5770	-10.397577	▁exist
5771	-10.397605	ম্ব
5772	-10.397730	▁од
5773	-10.397920	▁संस्कृत
5774	-10.398395	▁అంద
5775	-10.398457	nica
5776	-10.398500	ском
5777	-10.398566	▁വേ
5778	-10.398606	দেশ
5779	-10.398769	▁equ
5780	-10.399158	کن
5781	-10.399202	▁kedua
5782	-10.399277	inter
5783	-10.399647	bon
5784	-10.399691	ುತ್ತಿದ್ದ
5785	-10.399751	ড়ি
5786	-10.400874	▁sabse
5787	-10.400994	cca
5788	-10.401130	▁ಪಡೆದ
5789	-10.401138	▁کچھ
5790	-10.401267	anto
5791	-10.401375	nar
5792	-10.401390	▁serta
5793	-10.401991	▁list
5794	-10.402059	ಾರ್
5795	-10.402174	ಳೆ
5796	-10.402199	न्य
5797	-10.402215	▁italia
5798	-10.402246	▁डा
5799	-10.402271	یز
5800	-10.402299	▁wieder
5801	-10.402691	▁мар
5802	-10.402763	▁бу
5803	-10.402806	▁sing
5804	-10.403499	ेट
5805	-10.404000	lage
5806	-10.404099	▁getting
5807	-10.404128	కో
5808	-10.404160	શી
5809	-10.404174	राज
5810	-10.404211	▁genera
5811	-10.404295	imp
5812	-10.404431	▁भर
5813	-10.404719	চে
5814	-10.404968	ದ್ದು
5815	-10.404990	▁ஊ
5816	-10.405024	î
5817	-10.405249	వర్
5818	-10.405648	ность
5819	-10.405706	▁came
5820	-10.405766	▁funda
5821	-10.405882	▁produce
5822	-10.405964	▁cad
5823	-10.405966	▁hel
5824	-10.406155	ht
5825	-10.406382	nel
5826	-10.406533	ಲೀ
5827	-10.406553	శి
5828	-10.406732	બંધ
5829	-10.406857	▁meta
5830	-10.406869	ળી
5831	-10.406875	▁primeira
5832	-10.406896	llo
5833	-10.406915	ட்டை
5834	-10.407075	▁مس
5835	-10.407455	▁sor
5836	-10.407512	▁artist
5837	-10.407555	సం
5838	-10.407811	▁lei
5839	-10.407833	▁fall
5840	-10.407862	▁letter
5841	-10.408126	▁ലോക
5842	-10.408193	▁study
5843	-10.408242	तु
5844	-10.408354	get
5845	-10.408384	▁sangat
5846	-10.408447	▁ಮೂಲ
5847	-10.408472	▁beach
5848	-10.408638	▁ਹੁੰਦੀ
5849	-10.409040	ದ್ರ
5850	-10.409465	ாலும்
5851	-10.409821	ूर
5852	-10.409881	ાસ
5853	-10.409945	uer
5854	-10.409979	▁forte
5855	-10.410061	▁terdapat
5856	-10.410245	▁favor
5857	-10.410438	കൊണ്ട്
5858	-10.410830	▁ਵਿੱਚੋਂ
5859	-10.410891	▁કિ
5860	-10.410913	സ്‌
5861	-10.410939	▁period
5862	-10.411234	ગે
5863	-10.411302	▁ಇಂ
5864	-10.411347	▁ਜ਼ਿਲ੍ਹੇ
5865	-10.411407	iens
5866	-10.411634	ಂಟ
5867	-10.411654	dı
5868	-10.411782	▁pero
5869	-10.411788	نس
5870	-10.411978	త్త
5871	-10.411991	▁മുതൽ
5872	-10.412213	icht
5873	-10.412305	став
5874	-10.412384	▁ಇದರ
5875	-10.412516	़
5876	-10.412613	kha
5877	-10.412680	ন্স
5878	-10.412731	▁वापर
5879	-10.412829	▁jahre
5880	-10.412985	▁mala
5881	-10.413282	▁região
5882	-10.413351	▁केंद्र
5883	-10.413362	೧೯
5884	-10.413456	▁institu
5885	-10.413557	ego
5886	-10.413576	ত্য
5887	-10.413795	▁few
5888	-10.413862	▁baat
5889	-10.413905	▁force
5890	-10.414074	రంగ
5891	-10.414078	▁करून
5892	-10.414268	▁mel
5893	-10.415177	യ്ക്ക
5894	-10.415217	▁première
5895	-10.415290	▁કર્યું
5896	-10.415409	স্ক
5897	-10.415523	देव
5898	-10.415647	▁power
5899	-10.415679	्म
5900	-10.415895	ண்ண
5901	-10.415952	▁project
5902	-10.416046	▁apa
5903	-10.416511	▁यहाँ
5904	-10.416515	kon
5905	-10.416563	▁população
5906	-10.416618	களாக
5907	-10.416793	ਲਿ
5908	-10.417284	▁موجود
5909	-10.417418	ঞ্জ
5910	-10.417500	▁put
5911	-10.417556	పాల
5912	-10.417927	▁looking
5913	-10.418514	▁લે
5914	-10.418530	▁ഇട
5915	-10.418749	▁வகை
5916	-10.419344	▁ਫ਼
5917	-10.419697	पर
5918	-10.419735	ಂದು
5919	-10.419751	▁ਸਥਿਤ
5920	-10.420032	ция
5921	-10.420038	ळे
5922	-10.420043	▁vie
5923	-10.420263	▁ರೂಪ
5924	-10.420403	റോ
5925	-10.420870	жи
5926	-10.421415	▁شاہ
5927	-10.421452	ина
5928	-10.421483	یو
5929	-10.421597	▁കട
5930	-10.421709	▁стран
5931	-10.421950	▁type
5932	-10.422307	aga
5933	-10.422400	ਵੀਂ
5934	-10.422480	mati
5935	-10.422630	▁ಸೇರ
5936	-10.422949	وری
5937	-10.423002	ಶಾಸ್ತ್ರ
5938	-10.423079	ಗೊಳಿಸ
5939	-10.423105	▁ಮೆ
5940	-10.423126	તુ
5941	-10.423251	▁alta
5942	-10.423476	ller
5943	-10.423550	▁eines
5944	-10.424005	▁જુ
5945	-10.424335	▁డాక్టర్లు
5946	-10.424374	णाऱ्या
5947	-10.424654	▁fis
5948	-10.425261	সের
5949	-10.425763	ഷ്ട
5950	-10.425863	کار
5951	-10.425955	lus
5952	-10.426016	ப்படுத்த
5953	-10.426779	ally
5954	-10.426832	▁ভা
5955	-10.426849	ించాడు
5956	-10.426928	▁म्हणजे
5957	-10.426981	▁selama
5958	-10.427125	▁আছে
5959	-10.427200	▁ಕಾಲ
5960	-10.427330	स्प
5961	-10.427610	▁seorang
5962	-10.428613	বেশ
5963	-10.428625	eva
5964	-10.428679	ચા
5965	-10.428793	▁அரச
5966	-10.428880	▁যুদ্ধ
5967	-10.428988	field
5968	-10.429085	▁ನೀ
5969	-10.429156	▁spo
5970	-10.429652	аб
5971	-10.429698	లకు
5972	-10.429767	▁সরকার
5973	-10.429797	termin
5974	-10.430016	▁ਕੈ
5975	-10.430150	▁servi
5976	-10.430252	▁ডা
5977	-10.430462	னிய
5978	-10.430563	പ്പെട്ടു
5979	-10.431242	یاں
5980	-10.431292	hat
5981	-10.431373	ించారు
5982	-10.431533	যুক্ত
5983	-10.431605	வது
5984	-10.431684	▁செய்த
5985	-10.431886	▁region
5986	-10.431904	यो
5987	-10.432328	▁रंग
5988	-10.432418	▁ರಾಜ
5989	-10.433073	ாகவும்
5990	-10.433393	▁стал
5991	-10.433915	قی
5992	-10.434060	gem
5993	-10.434155	▁വീ
5994	-10.434325	vano
5995	-10.434326	▁unique
5996	-10.434362	▁lag
5997	-10.434670	▁molto
5998	-10.434988	లం
5999	-10.435162	▁उसे
6000	-10.435247	▁tanto
6001	-10.435272	ität
6002	-10.435275	డ్డ
6003	-10.435728	सं
6004	-10.435928	dal
6005	-10.435980	ছিলেন
6006	-10.436082	চি
6007	-10.436141	▁george
6008	-10.436193	કલ
6009	-10.436240	din
6010	-10.436539	ಿದ್ದು
6011	-10.436616	rü
6012	-10.436666	ற்ப
6013	-10.436726	▁ਲਿਆ
6014	-10.436906	▁చేయ
6015	-10.436921	ated
6016	-10.437006	▁direct
6017	-10.437162	ക്ര
6018	-10.437261	▁sami
6019	-10.437399	নার
6020	-10.437433	▁চলচ্চিত্র
6021	-10.438293	kap
6022	-10.438358	न्स
6023	-10.438640	▁су
6024	-10.438672	udi
6025	-10.438755	▁આવ્યું
6026	-10.438949	ைக்
6027	-10.438997	fat
6028	-10.439095	keit
6029	-10.439364	▁എന്നീ
6030	-10.439384	▁países
6031	-10.439420	▁पुरस्कार
6032	-10.439424	▁company
6033	-10.439528	്യം
6034	-10.439534	▁அவ
6035	-10.439554	▁ಉತ್ತರ
6036	-10.439561	ਗੀ
6037	-10.439654	stellung
6038	-10.439663	கோ
6039	-10.439718	▁आय
6040	-10.439855	ൃ
6041	-10.439939	பாடு
6042	-10.440090	▁next
6043	-10.440159	рус
6044	-10.440465	▁જેવા
6045	-10.440742	ך
6046	-10.441018	univers
6047	-10.441192	hou
6048	-10.441348	ribu
6049	-10.441405	▁तसेच
6050	-10.441405	▁ಸುಮಾರು
6051	-10.441425	▁তারা
6052	-10.441920	ಪುರ
6053	-10.442063	▁گا
6054	-10.442133	▁ವಿಶ್ವ
6055	-10.442245	انے
6056	-10.442289	▁علی
6057	-10.442498	▁ఒకటి
6058	-10.442512	▁رہا
6059	-10.442926	கர
6060	-10.443130	ami
6061	-10.443189	નગર
6062	-10.443452	▁પ્રતિ
6063	-10.443687	▁working
6064	-10.444133	▁mort
6065	-10.444205	▁sia
6066	-10.444435	ford
6067	-10.444563	▁মহা
6068	-10.444600	ર્ટ
6069	-10.444607	▁इं
6070	-10.444942	ants
6071	-10.445011	▁german
6072	-10.445140	▁ഉപയോഗിക്ക
6073	-10.445222	▁पक्ष
6074	-10.445341	ities
6075	-10.445408	▁படை
6076	-10.445500	zar
6077	-10.445845	▁lugar
6078	-10.445903	▁او
6079	-10.446019	▁park
6080	-10.446062	ದೇಶ
6081	-10.446169	در
6082	-10.446530	▁known
6083	-10.446538	பெற
6084	-10.446559	scrit
6085	-10.446681	દ્ધ
6086	-10.446965	об
6087	-10.447158	▁ਸੋ
6088	-10.447420	▁കുറ
6089	-10.447448	▁acha
6090	-10.447506	▁diri
6091	-10.447657	शन
6092	-10.447853	رس
6093	-10.447944	ega
6094	-10.448222	▁ihre
6095	-10.448312	▁ব্যা
6096	-10.448441	hon
6097	-10.448569	▁milta
6098	-10.448804	▁কম
6099	-10.448907	tch
6100	-10.449050	ரின்
6101	-10.449318	▁forme
6102	-10.449447	▁stress
6103	-10.449604	▁दूर
6104	-10.449735	ੜਾ
6105	-10.450126	▁bundes
6106	-10.450628	লু
6107	-10.450657	▁پو
6108	-10.450666	صل
6109	-10.450736	uit
6110	-10.451036	▁propos
6111	-10.451040	▁جاتی
6112	-10.451206	▁secolo
6113	-10.451394	▁সহ
6114	-10.451969	▁office
6115	-10.452063	ಜಾ
6116	-10.452076	▁جی
6117	-10.452160	▁شر
6118	-10.452322	▁করেছিলেন
6119	-10.452701	స్త
6120	-10.452704	uti
6121	-10.452753	▁kaafi
6122	-10.452875	иц
6123	-10.452974	హి
6124	-10.453076	▁cultural
6125	-10.453094	▁মাধ্যমে
6126	-10.453120	▁પી
6127	-10.453394	hy
6128	-10.453397	வீ
6129	-10.453482	ఎస్
6130	-10.453780	фи
6131	-10.453822	▁march
6132	-10.453901	▁chal
6133	-10.454072	▁unidos
6134	-10.454127	دے
6135	-10.454366	tischen
6136	-10.454547	▁care
6137	-10.454727	ർമ്മ
6138	-10.454764	▁संगीत
6139	-10.455053	▁चल
6140	-10.455106	ಸ್ಥ
6141	-10.455126	ಂಕ
6142	-10.455262	ठा
6143	-10.455434	▁पहले
6144	-10.455558	mula
6145	-10.456546	▁indica
6146	-10.456589	▁గ్రామ
6147	-10.456603	isti
6148	-10.456779	▁sebagian
6149	-10.456788	▁செய்ய
6150	-10.457198	ವ್
6151	-10.457230	▁പ്രദേശ
6152	-10.457244	posta
6153	-10.457296	▁прав
6154	-10.457502	ত্ব
6155	-10.457675	ಯಾಗಿ
6156	-10.457688	▁god
6157	-10.457719	▁ஒன்ற
6158	-10.457783	▁இர
6159	-10.457889	ண்டு
6160	-10.458188	शास्त्र
6161	-10.458208	прав
6162	-10.458682	▁hote
6163	-10.458856	мир
6164	-10.458992	डो
6165	-10.459496	▁heb
6166	-10.459661	▁રાજ
6167	-10.459725	▁சூ
6168	-10.459736	ño
6169	-10.459742	▁raja
6170	-10.459820	▁ਦਿਨ
6171	-10.459846	പാ
6172	-10.459926	поль
6173	-10.460022	▁sent
6174	-10.460485	ेस
6175	-10.460494	കൃതി
6176	-10.460599	పూ
6177	-10.460620	▁അദ്ദേഹ
6178	-10.460730	una
6179	-10.460830	▁સમાવેશ
6180	-10.460839	▁include
6181	-10.460859	▁তবে
6182	-10.460936	▁ಪದ
6183	-10.460959	ల్లో
6184	-10.461275	भि
6185	-10.461321	fri
6186	-10.461490	appar
6187	-10.461575	▁utama
6188	-10.461765	▁ಇತರ
6189	-10.462017	▁proc
6190	-10.462103	лин
6191	-10.462128	र्ष
6192	-10.462156	ాలను
6193	-10.462183	▁september
6194	-10.462193	▁является
6195	-10.462280	▁guerre
6196	-10.462420	▁merc
6197	-10.462521	flu
6198	-10.462591	ян
6199	-10.462721	▁prov
6200	-10.462776	▁ಮಹಾ
6201	-10.462861	▁november
6202	-10.462888	▁દા
6203	-10.462964	▁لیا
6204	-10.463595	▁rio
6205	-10.463614	▁পূর্ব
6206	-10.463868	▁extra
6207	-10.464121	▁चु
6208	-10.464475	ிக்க
6209	-10.465256	ஜ
6210	-10.465333	▁تر
6211	-10.465533	▁кар
6212	-10.465610	▁isbn
6213	-10.465623	ении
6214	-10.465901	mbang
6215	-10.465904	▁wal
6216	-10.466187	وت
6217	-10.466255	▁অবস্থিত
6218	-10.466255	▁મંદિર
6219	-10.466257	▁pretty
6220	-10.466326	▁దా
6221	-10.466502	▁urban
6222	-10.466939	▁tanggal
6223	-10.466982	ಸ್ತ
6224	-10.467000	ट्ट
6225	-10.467447	▁bou
6226	-10.467538	खे
6227	-10.467651	▁ಶ್ರೀ
6228	-10.467669	▁উপর
6229	-10.467672	▁those
6230	-10.468005	நீ
6231	-10.468615	fahr
6232	-10.468735	ಿಕೊಂಡ
6233	-10.468767	tische
6234	-10.468931	▁sans
6235	-10.468995	▁થઈ
6236	-10.469012	ಹು
6237	-10.469316	wä
6238	-10.469437	script
6239	-10.469440	▁called
6240	-10.469662	▁menggunakan
6241	-10.469678	press
6242	-10.469687	▁ти
6243	-10.469779	▁उसके
6244	-10.469795	cido
6245	-10.469949	യ്ക്ക്
6246	-10.470463	▁ಬೇ
6247	-10.470501	▁પૂર્વ
6248	-10.470612	▁முடி
6249	-10.470666	▁coll
6250	-10.470678	نٹ
6251	-10.470705	форм
6252	-10.470774	خت
6253	-10.470851	பே
6254	-10.471237	▁games
6255	-10.471372	ેશન
6256	-10.471546	▁states
6257	-10.472137	दि
6258	-10.472275	வில்
6259	-10.472502	শু
6260	-10.472582	▁hay
6261	-10.472594	▁seem
6262	-10.472836	ಚಿ
6263	-10.472903	खंड
6264	-10.473080	வன்
6265	-10.473432	eiro
6266	-10.473755	ണ്ഡ
6267	-10.473940	യില
6268	-10.473969	વ્ય
6269	-10.474198	▁ਖ਼
6270	-10.474377	ષ્
6271	-10.474422	phi
6272	-10.474460	▁થયો
6273	-10.474540	धन
6274	-10.474610	▁वाले
6275	-10.474689	وب
6276	-10.474895	▁last
6277	-10.475050	▁بھ
6278	-10.475135	▁político
6279	-10.475190	কৃত
6280	-10.475308	ండ్
6281	-10.475316	▁alors
6282	-10.475562	moni
6283	-10.475574	્વ
6284	-10.475654	▁બો
6285	-10.475719	ಯಾಗ
6286	-10.475817	டன்
6287	-10.475890	▁ਰਿਹਾ
6288	-10.476122	▁કરતા
6289	-10.476143	▁bau
6290	-10.476266	▁வந்த
6291	-10.476460	▁tam
6292	-10.476508	▁republik
6293	-10.476515	▁طرف
6294	-10.476692	▁fest
6295	-10.477072	டைய
6296	-10.477356	▁گو
6297	-10.477370	▁langue
6298	-10.477719	ör
6299	-10.477749	्‍
6300	-10.477859	من
6301	-10.477883	▁কিন্তু
6302	-10.477884	▁પાકની
6303	-10.477940	▁tinggi
6304	-10.477945	▁focus
6305	-10.478007	teur
6306	-10.478065	folge
6307	-10.478146	రాయ
6308	-10.478234	▁തന്റെ
6309	-10.478313	யர்
6310	-10.478601	▁global
6311	-10.479260	▁ഇവിടെ
6312	-10.479304	▁ਮਾਰ
6313	-10.479533	▁primer
6314	-10.479741	▁திரைப்பட
6315	-10.480160	▁कै
6316	-10.480536	▁tout
6317	-10.480616	മത
6318	-10.480740	ിന്
6319	-10.480751	▁घर
6320	-10.480855	ਕੋ
6321	-10.481153	▁বেশি
6322	-10.481302	▁bulan
6323	-10.481440	ಂತಹ
6324	-10.481662	▁mesmo
6325	-10.481750	halten
6326	-10.482373	▁dat
6327	-10.482497	▁trying
6328	-10.482794	جر
6329	-10.482837	▁voi
6330	-10.482959	ుతుంది
6331	-10.483013	▁rep
6332	-10.483087	ಸೇ
6333	-10.483094	ugh
6334	-10.483204	கொள்ள
6335	-10.483626	ಸ್ಟ
6336	-10.484159	ાણ
6337	-10.484197	दू
6338	-10.484197	▁kh
6339	-10.484201	િસ
6340	-10.484212	પર
6341	-10.484485	▁देव
6342	-10.484512	▁video
6343	-10.484788	▁ਸਾਹਿਬ
6344	-10.484952	தான்
6345	-10.485277	▁डॉ
6346	-10.485480	ич
6347	-10.485484	▁william
6348	-10.485514	ங்
6349	-10.485523	vu
6350	-10.485563	▁ਕਰਦਾ
6351	-10.485601	▁રે
6352	-10.485870	াস
6353	-10.486033	ਚੀ
6354	-10.486059	▁trova
6355	-10.486074	বিদ
6356	-10.486521	தற்கு
6357	-10.486526	யூ
6358	-10.486936	▁ਦੇਸ਼
6359	-10.486944	▁standard
6360	-10.487162	iran
6361	-10.487335	glia
6362	-10.487426	▁años
6363	-10.487514	mia
6364	-10.487800	née
6365	-10.487820	qu
6366	-10.488306	سم
6367	-10.488334	quí
6368	-10.488337	▁विश्व
6369	-10.488520	▁مش
6370	-10.488632	▁sejak
6371	-10.489094	▁ત્યારે
6372	-10.489114	rna
6373	-10.489172	▁ઇન્
6374	-10.489744	vision
6375	-10.489770	▁guess
6376	-10.489787	▁શાકભાજીના
6377	-10.489900	ಂಪ
6378	-10.490345	▁inggris
6379	-10.490403	▁શકાય
6380	-10.490594	धि
6381	-10.490785	पू
6382	-10.490846	దీ
6383	-10.491123	▁ਲੱਗ
6384	-10.491207	nger
6385	-10.491267	af
6386	-10.491326	▁ఆమె
6387	-10.491358	▁small
6388	-10.491671	сть
6389	-10.491691	ક્ર
6390	-10.491908	பதி
6391	-10.492057	▁principale
6392	-10.492379	ih
6393	-10.492384	▁ബാ
6394	-10.493034	بو
6395	-10.493363	ਬਲ
6396	-10.493571	વું
6397	-10.493647	stoff
6398	-10.493834	▁ಎರಡು
6399	-10.494341	meter
6400	-10.494537	▁segundo
6401	-10.494555	▁അതി
6402	-10.494754	தே
6403	-10.494779	فی
6404	-10.495015	▁questa
6405	-10.495023	▁hanno
6406	-10.495082	ாய்
6407	-10.495598	▁ಕೆ
6408	-10.495694	oni
6409	-10.495756	▁असते
6410	-10.495944	▁झाली
6411	-10.495977	चार
6412	-10.496486	▁बु
6413	-10.496634	▁రహదారి
6414	-10.496786	▁सर
6415	-10.497130	ശാസ്ത്ര
6416	-10.497386	▁vita
6417	-10.497643	▁modo
6418	-10.497786	▁karein
6419	-10.497857	కీ
6420	-10.498141	▁ਕੋਈ
6421	-10.498196	ण्यात
6422	-10.498404	▁sulla
6423	-10.498460	కాల
6424	-10.498628	গে
6425	-10.498749	▁എല്ലാ
6426	-10.498796	फे
6427	-10.498806	▁ਪੈ
6428	-10.498864	▁नगर
6429	-10.498910	ः
6430	-10.499070	east
6431	-10.499089	▁ಕಾಣ
6432	-10.499143	▁clo
6433	-10.499183	રસ
6434	-10.499270	مد
6435	-10.499719	▁रे
6436	-10.499966	ped
6437	-10.500007	▁ಓ
6438	-10.500126	آ
6439	-10.500145	▁können
6440	-10.500145	▁उन्हें
6441	-10.500217	▁उनकी
6442	-10.500468	▁عام
6443	-10.500757	▁determina
6444	-10.500951	▁عمر
6445	-10.501042	الی
6446	-10.501182	▁جان
6447	-10.501202	▁uso
6448	-10.501479	िय
6449	-10.501487	labora
6450	-10.502007	اع
6451	-10.502267	രീ
6452	-10.502812	tier
6453	-10.503029	олог
6454	-10.503036	યુ
6455	-10.503053	रिया
6456	-10.503139	جا
6457	-10.503419	▁रहे
6458	-10.503942	▁hear
6459	-10.503975	оп
6460	-10.503975	عل
6461	-10.504375	▁खेळाडू
6462	-10.504375	▁após
6463	-10.504510	▁কোন
6464	-10.504600	lhe
6465	-10.504741	▁monte
6466	-10.504819	weise
6467	-10.504895	▁આવ્યા
6468	-10.505034	▁else
6469	-10.505082	▁ي
6470	-10.505191	ਤਾਂ
6471	-10.505635	▁ખા
6472	-10.505767	जीव
6473	-10.505789	▁দ্বারা
6474	-10.505789	▁ਵਜੋਂ
6475	-10.506185	▁territorio
6476	-10.506266	▁rei
6477	-10.506310	пу
6478	-10.506383	tari
6479	-10.506741	બિ
6480	-10.507007	િય
6481	-10.507205	▁política
6482	-10.507211	▁however
6483	-10.507219	▁ஓ
6484	-10.507258	▁ਪਹਿਲਾਂ
6485	-10.507298	ನಿಯ
6486	-10.507374	ਧਾ
6487	-10.507523	ദേവ
6488	-10.507624	ுடன்
6489	-10.507680	führ
6490	-10.507824	अ
6491	-10.507914	▁kerajaan
6492	-10.507967	▁ಮಾರ್
6493	-10.507985	১০
6494	-10.507990	▁dois
6495	-10.508623	▁प्राचीन
6496	-10.508664	▁evolu
6497	-10.508747	▁moment
6498	-10.509128	▁பிரி
6499	-10.509351	▁உருவாக்க
6500	-10.509412	▁മെ
6501	-10.509449	▁liga
6502	-10.509489	▁பின்னர்
6503	-10.509506	▁ஐ
6504	-10.509610	▁français
6505	-10.510138	▁country
6506	-10.510161	▁پھر
6507	-10.510178	▁ис
6508	-10.510374	বো
6509	-10.510626	ർക്ക
6510	-10.510652	मो
6511	-10.510984	▁చి
6512	-10.511010	्यू
6513	-10.511131	▁ಗೋ
6514	-10.511465	▁ਜਦੋਂ
6515	-10.511573	▁politique
6516	-10.511623	lev
6517	-10.511784	cie
6518	-10.511863	লার
6519	-10.512177	▁termasuk
6520	-10.512310	श्र
6521	-10.512333	▁ಬರ
6522	-10.512400	ਤੇ
6523	-10.512442	சிய
6524	-10.512565	▁ചാ
6525	-10.512727	ಂಗ್
6526	-10.513253	▁happen
6527	-10.513309	੍ਰਿ
6528	-10.513434	गो
6529	-10.513441	▁ਬੇ
6530	-10.513444	▁வட
6531	-10.513485	આ
6532	-10.513543	▁пер
6533	-10.513637	▁black
6534	-10.513791	ദേശ
6535	-10.513840	▁bank
6536	-10.514000	▁hin
6537	-10.514590	यर
6538	-10.514670	▁asia
6539	-10.514749	heim
6540	-10.514884	▁puis
6541	-10.514996	ಠ
6542	-10.515081	রী
6543	-10.515213	dir
6544	-10.515283	টো
6545	-10.515340	▁प्रभाव
6546	-10.515455	▁بنا
6547	-10.516733	ona
6548	-10.516779	ایا
6549	-10.516815	కల
6550	-10.517208	ಟ್ಟು
6551	-10.517530	▁మహా
6552	-10.517743	ப்படுகின்றன
6553	-10.518026	iro
6554	-10.518413	್‌
6555	-10.518628	لس
6556	-10.518722	▁meny
6557	-10.518788	▁otros
6558	-10.518865	ોના
6559	-10.518892	▁wow
6560	-10.518958	▁integra
6561	-10.519171	▁north
6562	-10.519231	ಸರ
6563	-10.519321	▁software
6564	-10.519321	▁অন্যান্য
6565	-10.519471	▁இல்
6566	-10.519589	▁jan
6567	-10.519638	गड
6568	-10.520003	▁పాఠశాలలు
6569	-10.520040	▁షెడ్యూల్డ్
6570	-10.520241	▁மே
6571	-10.520523	▁future
6572	-10.520531	rap
6573	-10.520574	▁ಭ
6574	-10.520635	▁space
6575	-10.520858	▁पी
6576	-10.520906	ணை
6577	-10.520981	▁बार
6578	-10.521012	▁বাংলাদেশের
6579	-10.521032	▁terre
6580	-10.521076	▁haben
6581	-10.521393	▁rock
6582	-10.521717	پور
6583	-10.521741	▁इसका
6584	-10.521779	முறை
6585	-10.521863	▁സെ
6586	-10.521985	બર
6587	-10.522068	ahkan
6588	-10.522078	शु
6589	-10.522194	▁adventure
6590	-10.522219	▁london
6591	-10.522223	▁strong
6592	-10.522224	▁achha
6593	-10.522488	पत्र
6594	-10.522703	ierte
6595	-10.522839	மீ
6596	-10.522840	▁ಹೊ
6597	-10.522849	বাস
6598	-10.522887	्यु
6599	-10.522924	▁தனது
6600	-10.523022	▁altri
6601	-10.523050	og
6602	-10.523066	том
6603	-10.523335	सार
6604	-10.523498	▁stu
6605	-10.523533	ette
6606	-10.523635	▁jedoch
6607	-10.523845	▁andere
6608	-10.523956	cc
6609	-10.524236	लु
6610	-10.524294	vert
6611	-10.524364	ಅ
6612	-10.524522	▁hasta
6613	-10.524541	▁இதன்
6614	-10.524566	ਦਾਰ
6615	-10.524690	ઓમાં
6616	-10.524943	▁historia
6617	-10.525064	▁முன்ன
6618	-10.525067	வெ
6619	-10.525105	യർ
6620	-10.525208	ফে
6621	-10.525236	ર્સ
6622	-10.525568	▁frei
6623	-10.525638	ود
6624	-10.525820	▁آبادی
6625	-10.525955	കൊണ്ട
6626	-10.526076	▁ಅತಿ
6627	-10.526328	▁menu
6628	-10.526478	▁ഭാഷ
6629	-10.526623	▁ਵੱਖ
6630	-10.526738	ട്
6631	-10.526814	▁prof
6632	-10.526917	...
6633	-10.527027	со
6634	-10.527040	കം
6635	-10.527241	▁مطابق
6636	-10.527377	పద
6637	-10.527740	dura
6638	-10.527831	▁અંત
6639	-10.527935	nio
6640	-10.527971	▁government
6641	-10.528604	pf
6642	-10.528687	દુ
6643	-10.528713	▁ખાતે
6644	-10.528754	▁त्यांना
6645	-10.528892	ிருந்த
6646	-10.528906	rri
6647	-10.529120	விய
6648	-10.529922	بل
6649	-10.529927	▁நில
6650	-10.530094	रस
6651	-10.530140	▁نظر
6652	-10.530184	ാര
6653	-10.530696	વાની
6654	-10.530698	▁kur
6655	-10.530788	▁শহর
6656	-10.530862	कृष्ण
6657	-10.531266	▁pulau
6658	-10.531278	ுகிறது
6659	-10.531435	▁radi
6660	-10.531453	▁ದೂರ
6661	-10.531588	▁département
6662	-10.531638	കാല
6663	-10.531651	▁ಕೈ
6664	-10.531923	▁நேர
6665	-10.532019	ప్ర
6666	-10.532252	bé
6667	-10.532313	▁డిగ్రీ
6668	-10.532323	▁please
6669	-10.532350	▁já
6670	-10.532403	▁समाज
6671	-10.532581	ਪਾ
6672	-10.532707	▁ಎಲ್ಲ
6673	-10.533062	▁early
6674	-10.533088	ಲಾಯಿತು
6675	-10.533113	ена
6676	-10.533163	pio
6677	-10.533216	▁ડેરી
6678	-10.533237	▁internet
6679	-10.533613	ందు
6680	-10.533853	মার
6681	-10.533870	лей
6682	-10.533922	▁کار
6683	-10.534070	▁હિ
6684	-10.534078	▁ਉਸਨੇ
6685	-10.534190	вы
6686	-10.534547	சோ
6687	-10.535031	నాయక
6688	-10.535105	ಶಿ
6689	-10.535289	छ
6690	-10.535304	▁grupo
6691	-10.535310	▁যার
6692	-10.535327	mera
6693	-10.535763	വു
6694	-10.535816	ాలలో
6695	-10.535955	▁ફે
6696	-10.536013	▁تمام
6697	-10.536035	ಲಾಗುತ್ತದೆ
6698	-10.536190	ள்ள
6699	-10.536193	▁आपल्या
6700	-10.536295	▁rich
6701	-10.536987	▁बो
6702	-10.536997	ਵਾਰ
6703	-10.537412	ঃ
6704	-10.537527	தம்
6705	-10.537926	rée
6706	-10.538149	▁tv
6707	-10.538192	llen
6708	-10.538249	▁song
6709	-10.538408	▁head
6710	-10.538624	િન
6711	-10.538648	तः
6712	-10.538832	ഗ്രഹ
6713	-10.539337	▁leben
6714	-10.539413	ुर
6715	-10.539424	गत
6716	-10.539507	▁unki
6717	-10.539678	ಪಡಿಸ
6718	-10.539681	▁தனி
6719	-10.539694	▁seiner
6720	-10.539732	▁organi
6721	-10.539818	▁often
6722	-10.540087	বন
6723	-10.540109	▁വൈ
6724	-10.540452	▁लि
6725	-10.540558	ച്ചി
6726	-10.540599	▁emp
6727	-10.540697	▁processo
6728	-10.540734	ём
6729	-10.540736	ವಾರ
6730	-10.541070	▁ਹੁੰਦੇ
6731	-10.541070	▁ಪ್ರಮಾಣ
6732	-10.541156	దేశ
6733	-10.541161	▁sar
6734	-10.541203	▁classe
6735	-10.541375	▁રોજ
6736	-10.541396	ating
6737	-10.541654	▁suas
6738	-10.541803	▁مشہور
6739	-10.542165	ந்திர
6740	-10.542355	▁bin
6741	-10.542391	mini
6742	-10.542424	▁spi
6743	-10.542605	▁ശ്രീ
6744	-10.542702	▁പര
6745	-10.542723	▁બનાવ
6746	-10.542884	▁suna
6747	-10.543151	▁pad
6748	-10.543273	ராஜ
6749	-10.543337	▁español
6750	-10.543481	കൂ
6751	-10.543490	apa
6752	-10.543551	ద్ర
6753	-10.543627	▁inte
6754	-10.543640	▁join
6755	-10.543658	రె
6756	-10.543702	ાર
6757	-10.543709	পে
6758	-10.543726	▁കേരള
6759	-10.543904	▁semi
6760	-10.543984	ана
6761	-10.544005	▁تاریخ
6762	-10.544163	▁monde
6763	-10.544255	▁without
6764	-10.544508	్ర
6765	-10.544600	ಎ
6766	-10.544758	▁sakta
6767	-10.545392	ിനു
6768	-10.545444	▁शिव
6769	-10.545476	ૅ
6770	-10.545483	▁became
6771	-10.545609	bt
6772	-10.545758	മാണ്‌
6773	-10.546004	ण्या
6774	-10.546213	▁આંગણવાડી
6775	-10.546213	▁દરમિયાન
6776	-10.546277	▁دیکھ
6777	-10.546680	હે
6778	-10.546722	ಕ್‌
6779	-10.546751	▁metal
6780	-10.546783	buk
6781	-10.546944	tare
6782	-10.546948	▁బి
6783	-10.546950	▁energy
6784	-10.546952	▁nasional
6785	-10.547112	دم
6786	-10.547207	anza
6787	-10.547215	▁station
6788	-10.547374	су
6789	-10.548014	▁بار
6790	-10.548200	mark
6791	-10.548510	▁దేశ
6792	-10.548632	▁ਭਾ
6793	-10.548745	dul
6794	-10.549018	lect
6795	-10.549150	▁வரு
6796	-10.549213	▁existe
6797	-10.549359	▁కథ
6798	-10.549569	▁fol
6799	-10.549839	ന്റ
6800	-10.550095	േയും
6801	-10.550211	ವೂ
6802	-10.550448	ensi
6803	-10.550555	▁euro
6804	-10.550599	▁sotto
6805	-10.550600	кан
6806	-10.550756	▁ಅನು
6807	-10.550757	▁কু
6808	-10.550850	▁मिळ
6809	-10.550947	▁ಇವು
6810	-10.551084	രിക്ക
6811	-10.551086	ாத
6812	-10.551660	▁கே
6813	-10.551805	ob
6814	-10.552118	▁জেলার
6815	-10.552143	▁stand
6816	-10.552179	मन
6817	-10.552211	▁continu
6818	-10.552351	buch
6819	-10.552503	ряд
6820	-10.552619	▁ರಾಜ್ಯ
6821	-10.552865	▁పారామెడికల్
6822	-10.552998	▁ഇന്ത്യ
6823	-10.553268	▁presenta
6824	-10.553331	க்கா
6825	-10.553444	▁કુ
6826	-10.553494	கர்
6827	-10.553638	▁event
6828	-10.553679	কু
6829	-10.553910	▁ਉਪ
6830	-10.553923	mpu
6831	-10.554143	▁తె
6832	-10.554414	ort
6833	-10.554596	ель
6834	-10.554597	కర్
6835	-10.554621	zie
6836	-10.555047	▁کرتا
6837	-10.555062	▁மிக
6838	-10.555709	▁esc
6839	-10.556125	tou
6840	-10.556138	gleich
6841	-10.556186	▁line
6842	-10.556198	▁flor
6843	-10.556352	ios
6844	-10.556574	▁might
6845	-10.556633	▁پیش
6846	-10.556699	▁центр
6847	-10.556842	यू
6848	-10.556904	ред
6849	-10.557324	▁ಕಡಿಮೆ
6850	-10.557774	работ
6851	-10.557789	▁கொண்டு
6852	-10.557943	▁naya
6853	-10.558199	▁लेख
6854	-10.558240	▁ਰੱਖ
6855	-10.558563	পি
6856	-10.558598	▁గో
6857	-10.558719	▁народ
6858	-10.558730	▁ઉપ
6859	-10.558816	▁کتاب
6860	-10.558845	▁மேற்
6861	-10.558890	▁അത്
6862	-10.558990	▁जाने
6863	-10.559011	డం
6864	-10.559078	▁door
6865	-10.559340	▁ഒന്ന
6866	-10.559861	cro
6867	-10.560310	▁জাতীয়
6868	-10.560582	லே
6869	-10.560814	▁awal
6870	-10.561055	▁આવ્યો
6871	-10.561056	▁terjadi
6872	-10.561804	▁मुंबई
6873	-10.561944	plan
6874	-10.561965	rain
6875	-10.562289	ತ್ತಿ
6876	-10.562325	ूल
6877	-10.562463	▁கட்ட
6878	-10.562476	anno
6879	-10.562572	▁உள்ளன
6880	-10.562730	जवळ
6881	-10.562768	શન
6882	-10.563105	તું
6883	-10.563165	▁ವಾ
6884	-10.563191	▁ਮੋ
6885	-10.563341	ಗ್ರಹ
6886	-10.563416	stadt
6887	-10.563456	long
6888	-10.563581	ule
6889	-10.563726	வ்
6890	-10.563852	▁gro
6891	-10.563873	ас
6892	-10.563953	▁कला
6893	-10.563996	ாவின்
6894	-10.564013	▁நிலைய
6895	-10.564051	▁حضرت
6896	-10.564336	про
6897	-10.564343	▁গা
6898	-10.564524	kor
6899	-10.564590	▁হতে
6900	-10.564802	▁research
6901	-10.565012	fro
6902	-10.565132	രോ
6903	-10.565277	▁travel
6904	-10.565390	viv
6905	-10.565520	ంబ
6906	-10.565553	▁सभी
6907	-10.565560	▁apenas
6908	-10.565615	▁ಕೇಂದ್ರ
6909	-10.565775	king
6910	-10.565846	ступ
6911	-10.566058	യ്യ
6912	-10.566146	col
6913	-10.566242	▁ادا
6914	-10.566282	▁contribu
6915	-10.566311	▁മലയാള
6916	-10.566377	പ്പാ
6917	-10.566411	▁geo
6918	-10.566412	▁ਮੁੱਖ
6919	-10.566504	▁money
6920	-10.566642	satz
6921	-10.566647	▁constru
6922	-10.566668	ేశ్వర
6923	-10.566866	▁mark
6924	-10.567120	ಿಸಲು
6925	-10.567212	av
6926	-10.567374	▁nor
6927	-10.567506	▁suatu
6928	-10.567712	رت
6929	-10.567801	▁associa
6930	-10.567807	▁মার্কিন
6931	-10.568263	▁muy
6932	-10.568327	ffer
6933	-10.568356	▁assim
6934	-10.568445	▁ин
6935	-10.568508	ಜೆ
6936	-10.568560	́
6937	-10.568582	▁দুই
6938	-10.568681	▁ಸಂಸ್ಥೆ
6939	-10.568729	▁walk
6940	-10.569082	▁fino
6941	-10.569384	▁नाटक
6942	-10.569559	▁மக்கள்
6943	-10.569845	▁depend
6944	-10.570533	വാദ
6945	-10.570602	बंध
6946	-10.570667	▁kla
6947	-10.571001	lega
6948	-10.571174	ología
6949	-10.571281	اط
6950	-10.572012	നിന്ന
6951	-10.572334	▁provinsi
6952	-10.572474	bles
6953	-10.572701	▁bill
6954	-10.572749	പതി
6955	-10.573002	૦૦
6956	-10.573091	▁hamesha
6957	-10.573167	wel
6958	-10.573402	▁دار
6959	-10.573465	▁outras
6960	-10.573658	ण्ड
6961	-10.573767	mut
6962	-10.573903	കല
6963	-10.573943	▁గ్రామానికి
6964	-10.574077	▁हम
6965	-10.574447	▁night
6966	-10.574634	▁নদী
6967	-10.574874	▁corpo
6968	-10.575069	▁making
6969	-10.575201	▁ਸੈ
6970	-10.575216	▁nelle
6971	-10.575287	ధా
6972	-10.575297	ಿದ್ದರು
6973	-10.575389	mmer
6974	-10.575390	ئے
6975	-10.575511	▁tradition
6976	-10.575777	ജ്
6977	-10.575958	én
6978	-10.576098	▁où
6979	-10.576209	வன
6980	-10.576248	tivi
6981	-10.576311	▁cause
6982	-10.576388	▁प्रयोग
6983	-10.576453	▁தீ
6984	-10.576552	▁ഭരണ
6985	-10.576694	▁viol
6986	-10.576701	gni
6987	-10.576719	▁তাকে
6988	-10.576798	▁serie
6989	-10.576882	▁పైబడిన
6990	-10.576947	▁every
6991	-10.577253	▁bus
6992	-10.577291	ચી
6993	-10.577523	▁തീ
6994	-10.577719	▁மேலும்
6995	-10.577768	var
6996	-10.577805	rece
6997	-10.578037	mod
6998	-10.578044	▁break
6999	-10.578050	ਡੇ
7000	-10.578073	ук
7001	-10.578088	ബു
7002	-10.578295	സ്റ്റ്
7003	-10.578345	બો
7004	-10.578505	▁मन
7005	-10.578561	बर
7006	-10.578575	லோ
7007	-10.578620	تہ
7008	-10.578679	icos
7009	-10.578742	▁ਈ
7010	-10.578781	▁tempat
7011	-10.578843	mbo
7012	-10.578888	ison
7013	-10.579106	хо
7014	-10.579113	ഗാ
7015	-10.579260	histori
7016	-10.579281	ফল
7017	-10.579412	▁podem
7018	-10.579611	▁fle
7019	-10.579642	▁શિ
7020	-10.579715	сов
7021	-10.579924	▁including
7022	-10.579938	▁شروع
7023	-10.579966	▁ಇರ
7024	-10.579979	▁ಅದು
7025	-10.580162	హా
7026	-10.580317	ట్టి
7027	-10.580873	patri
7028	-10.581018	▁निर्
7029	-10.581240	вал
7030	-10.581333	фе
7031	-10.581383	cto
7032	-10.581706	rö
7033	-10.581769	प्त
7034	-10.581792	▁dog
7035	-10.581960	▁était
7036	-10.582206	સો
7037	-10.582212	▁సరఫరా
7038	-10.582383	▁franc
7039	-10.582604	மலை
7040	-10.582833	ני
7041	-10.582872	▁கரு
7042	-10.582905	sul
7043	-10.583261	க்கோ
7044	-10.583346	fas
7045	-10.583490	▁രാജ
7046	-10.583631	▁ಸ್ವ
7047	-10.583785	▁மூலம்
7048	-10.583876	onia
7049	-10.584103	কারী
7050	-10.584352	తం
7051	-10.584506	▁પ્રાપ્ય
7052	-10.584508	▁দেখা
7053	-10.584515	▁agosto
7054	-10.584876	সো
7055	-10.585025	سا
7056	-10.585094	▁താ
7057	-10.585108	வின்
7058	-10.585118	bild
7059	-10.585273	▁jumlah
7060	-10.585291	▁ketika
7061	-10.585349	▁بل
7062	-10.585361	ಮನ
7063	-10.585389	▁run
7064	-10.585728	▁primera
7065	-10.586015	▁share
7066	-10.586038	▁പിന്നീട്
7067	-10.586041	▁sampai
7068	-10.586211	fl
7069	-10.586493	কর
7070	-10.586514	▁movie
7071	-10.586553	▁എന്നു
7072	-10.586690	اؤ
7073	-10.586750	ает
7074	-10.586831	▁dikenal
7075	-10.586867	tivos
7076	-10.586909	ओ
7077	-10.587038	▁spiel
7078	-10.587085	▁পরে
7079	-10.587141	ഹാ
7080	-10.587261	ரம்
7081	-10.587572	▁sehingga
7082	-10.587704	ੱਸ
7083	-10.587910	след
7084	-10.588121	▁années
7085	-10.588208	▁island
7086	-10.588292	▁मार्ग
7087	-10.588341	▁business
7088	-10.588341	▁పోస్టాఫీసు
7089	-10.588503	▁ಮರ
7090	-10.588931	▁order
7091	-10.589041	னின்
7092	-10.589114	▁வழங்க
7093	-10.589172	▁stay
7094	-10.589317	▁विचार
7095	-10.589418	bol
7096	-10.589534	yon
7097	-10.589561	▁actual
7098	-10.590154	కార
7099	-10.590256	్యా
7100	-10.590421	act
7101	-10.590539	aram
7102	-10.590648	▁kecamatan
7103	-10.590682	ಿಕೊಳ್ಳ
7104	-10.590880	▁politik
7105	-10.590985	assi
7106	-10.590993	మో
7107	-10.591221	ंचा
7108	-10.591250	▁అవ
7109	-10.591260	প্ত
7110	-10.591278	tak
7111	-10.591419	▁mundial
7112	-10.591492	▁né
7113	-10.592021	ವನ
7114	-10.592030	▁mentre
7115	-10.592273	▁ਡਾ
7116	-10.592413	▁paling
7117	-10.592439	▁ದೇಶ
7118	-10.592497	▁charles
7119	-10.592962	▁notamment
7120	-10.593349	grad
7121	-10.593402	▁ਕਰਦੇ
7122	-10.593779	cono
7123	-10.593862	ைப்
7124	-10.593893	▁جائے
7125	-10.594070	नगर
7126	-10.594084	રૂ
7127	-10.594220	ங்கி
7128	-10.594235	др
7129	-10.594334	ਮਾਂ
7130	-10.594380	▁अभि
7131	-10.594506	▁लेकिन
7132	-10.594748	▁अनुसार
7133	-10.594795	▁domina
7134	-10.594805	మ్
7135	-10.594820	களையும்
7136	-10.595281	▁পরিচিত
7137	-10.595666	ਟੇ
7138	-10.595711	ಮಾಡ
7139	-10.595862	েই
7140	-10.596004	жа
7141	-10.596327	मु
7142	-10.596473	गण
7143	-10.596767	ಡ್‌
7144	-10.597100	état
7145	-10.597335	▁può
7146	-10.597578	वेद
7147	-10.597704	حر
7148	-10.597849	▁reh
7149	-10.598005	▁mess
7150	-10.598039	દેવ
7151	-10.598247	▁यहां
7152	-10.598543	ाह
7153	-10.598832	▁علم
7154	-10.599010	তী
7155	-10.599155	▁masyarakat
7156	-10.599184	▁сп
7157	-10.599206	▁ಇದನ್ನು
7158	-10.599215	کو
7159	-10.599243	▁آباد
7160	-10.599276	▁bay
7161	-10.599413	▁ಐ
7162	-10.599678	ਰਕ
7163	-10.599751	cina
7164	-10.599868	cing
7165	-10.599933	▁তৈরি
7166	-10.600165	▁ਆਮ
7167	-10.600195	তো
7168	-10.600213	▁done
7169	-10.600361	പ്പി
7170	-10.600518	હો
7171	-10.600536	കോ
7172	-10.600544	ਯਾ
7173	-10.600845	ized
7174	-10.601488	▁হিসাবে
7175	-10.601488	▁વચ્ચે
7176	-10.601497	▁শেষ
7177	-10.601516	र्ट
7178	-10.601715	vio
7179	-10.601768	▁પાણી
7180	-10.601971	бра
7181	-10.602147	▁makes
7182	-10.602173	▁plat
7183	-10.602208	▁തുടങ്ങിയ
7184	-10.602237	▁जल
7185	-10.602284	▁حصہ
7186	-10.602499	ਦੀਆਂ
7187	-10.602765	▁pop
7188	-10.602793	▁italiano
7189	-10.603044	dah
7190	-10.603515	த்திர
7191	-10.603895	ಲ್ಲೂ
7192	-10.603950	▁मै
7193	-10.603976	▁masih
7194	-10.604495	▁week
7195	-10.604712	▁విజయ
7196	-10.604918	вор
7197	-10.604989	▁bol
7198	-10.605282	ius
7199	-10.605389	▁ದಕ್ಷಿಣ
7200	-10.605404	ങ്ങി
7201	-10.605595	ular
7202	-10.605674	egi
7203	-10.605884	ರಾಮ
7204	-10.605906	ેલ
7205	-10.605963	room
7206	-10.606007	уль
7207	-10.606016	▁mono
7208	-10.606142	▁સામે
7209	-10.606176	▁fan
7210	-10.606205	▁aap
7211	-10.606289	yah
7212	-10.606335	дин
7213	-10.606420	▁તેમને
7214	-10.606583	▁ש
7215	-10.606764	▁पूर्ण
7216	-10.606819	বর
7217	-10.606915	▁isso
7218	-10.606953	▁terhadap
7219	-10.606953	▁более
7220	-10.607026	▁cast
7221	-10.607120	▁తెలంగాణ
7222	-10.607132	ಟರ್
7223	-10.607654	రెడ్డి
7224	-10.607734	رب
7225	-10.607792	▁ડે
7226	-10.607835	ग्रह
7227	-10.607847	▁பர
7228	-10.607916	▁రోజు
7229	-10.607927	ਰੂ
7230	-10.607949	▁quanto
7231	-10.608057	▁xx
7232	-10.608245	രിയ
7233	-10.608447	cour
7234	-10.608631	്യൂ
7235	-10.608655	മായിരുന്നു
7236	-10.608710	বিজ্ঞান
7237	-10.608816	▁ਇੰ
7238	-10.608846	▁keine
7239	-10.608877	এর
7240	-10.608882	ман
7241	-10.608888	▁kisi
7242	-10.608925	ிட
7243	-10.608990	ਅੰ
7244	-10.609015	ಲಿಯ
7245	-10.609022	▁जन
7246	-10.609029	▁david
7247	-10.609112	▁began
7248	-10.609158	▁él
7249	-10.609231	чин
7250	-10.609303	▁બાજરી
7251	-10.609347	ंप
7252	-10.609488	▁sort
7253	-10.609542	▁pé
7254	-10.609578	▁punto
7255	-10.609689	quer
7256	-10.609949	భా
7257	-10.610041	▁خو
7258	-10.610092	▁നഗര
7259	-10.610175	ev
7260	-10.610245	▁रोजी
7261	-10.610258	▁prote
7262	-10.610392	ఆర్
7263	-10.610617	▁maggior
7264	-10.610800	ordina
7265	-10.610874	▁período
7266	-10.610874	▁इतिहास
7267	-10.610971	▁വലിയ
7268	-10.611046	▁பட
7269	-10.611567	▁ever
7270	-10.611624	▁ડિ
7271	-10.611677	▁صرف
7272	-10.612185	▁ಹೊಸ
7273	-10.612267	▁reino
7274	-10.612326	ટિ
7275	-10.612336	ਥੇ
7276	-10.612447	ō
7277	-10.612600	▁sempre
7278	-10.612627	ಿಗಳು
7279	-10.612633	யன்
7280	-10.612647	▁കൈ
7281	-10.612673	ಗಣ
7282	-10.612765	మాన
7283	-10.613102	वास
7284	-10.613245	▁पद
7285	-10.613396	kla
7286	-10.613458	▁organ
7287	-10.613599	▁fast
7288	-10.613689	ग्रा
7289	-10.613698	тра
7290	-10.613835	ಗ್ರ
7291	-10.613917	વાદ
7292	-10.613922	▁ম্যা
7293	-10.614029	▁पुस्तक
7294	-10.615296	нос
7295	-10.615299	▁against
7296	-10.615312	ांमध्ये
7297	-10.615419	pemerintahan
7298	-10.615598	ೊಂದು
7299	-10.616390	▁между
7300	-10.616402	▁উচ্চ
7301	-10.616540	▁lingua
7302	-10.616541	▁خط
7303	-10.616819	ления
7304	-10.616883	▁ವ್ಯವಸ್ಥೆ
7305	-10.616902	bak
7306	-10.616949	▁१७
7307	-10.617083	▁ਵਾਲੀ
7308	-10.617087	but
7309	-10.617096	▁ਰਿ
7310	-10.617502	▁భాష
7311	-10.617549	▁service
7312	-10.617677	▁berada
7313	-10.617705	డానికి
7314	-10.617710	১৫
7315	-10.617750	ich
7316	-10.617787	▁stabil
7317	-10.617915	ভাগ
7318	-10.617951	وف
7319	-10.617972	ї
7320	-10.618304	isto
7321	-10.618348	▁গো
7322	-10.618593	ology
7323	-10.618681	wert
7324	-10.618730	dic
7325	-10.618768	▁विकास
7326	-10.618773	leg
7327	-10.618826	▁industri
7328	-10.619003	▁esto
7329	-10.619083	▁maka
7330	-10.619103	ದೇ
7331	-10.619507	▁persona
7332	-10.619566	▁ಕ್ರಿ
7333	-10.619617	▁superior
7334	-10.619699	kommen
7335	-10.619795	▁vari
7336	-10.619806	vie
7337	-10.620051	▁पड
7338	-10.620350	▁വളരെ
7339	-10.620451	▁pay
7340	-10.620590	▁menos
7341	-10.620592	▁राह
7342	-10.621212	minister
7343	-10.621301	▁disco
7344	-10.621306	▁além
7345	-10.621392	▁ஈ
7346	-10.621859	hor
7347	-10.621937	▁जैसे
7348	-10.621937	▁પંચાયતઘર
7349	-10.621951	حق
7350	-10.622092	ಪು
7351	-10.622093	nova
7352	-10.622186	▁information
7353	-10.622482	ത്താ
7354	-10.622737	▁israel
7355	-10.622847	युक्त
7356	-10.622879	ഷ്ഠ
7357	-10.622925	രീതി
7358	-10.623053	▁অভি
7359	-10.623144	▁turn
7360	-10.623158	ид
7361	-10.623334	▁چھ
7362	-10.623391	▁tough
7363	-10.623439	oro
7364	-10.623458	cus
7365	-10.623528	▁مختلف
7366	-10.623528	▁absolutely
7367	-10.623615	▁چل
7368	-10.623811	▁बस
7369	-10.624052	ಹಾ
7370	-10.624298	ক্ল
7371	-10.624546	▁fru
7372	-10.624868	▁ਦੁ
7373	-10.625120	▁বিশেষ
7374	-10.625194	▁ਕੁਝ
7375	-10.625354	▁करण्यात
7376	-10.625782	py
7377	-10.625956	वंश
7378	-10.625985	▁फिर
7379	-10.626090	▁खो
7380	-10.626628	▁motiv
7381	-10.626794	дер
7382	-10.627072	ła
7383	-10.627210	▁রাজ
7384	-10.627280	▁पै
7385	-10.627300	▁sea
7386	-10.627343	pati
7387	-10.627429	▁صدی
7388	-10.627500	▁ಭಾರತದ
7389	-10.627543	ٹا
7390	-10.628160	ines
7391	-10.628193	ക്രമ
7392	-10.628249	кс
7393	-10.628314	▁yourself
7394	-10.628488	కొండ
7395	-10.628745	▁चाल
7396	-10.628794	▁humari
7397	-10.628826	ड़ा
7398	-10.628837	▁лет
7399	-10.629012	rich
7400	-10.629117	▁అతని
7401	-10.629136	▁शो
7402	-10.629915	▁علاوہ
7403	-10.630170	ಸೂ
7404	-10.630213	▁नव
7405	-10.630297	ong
7406	-10.630411	ಸ್ಥಾನ
7407	-10.630438	▁banda
7408	-10.630446	▁mau
7409	-10.630886	▁mana
7410	-10.630897	رج
7411	-10.630950	▁seja
7412	-10.630964	▁നിർ
7413	-10.631035	▁college
7414	-10.631081	▁ગણ
7415	-10.631082	▁ખાસ
7416	-10.631130	వాడ
7417	-10.631680	▁നട
7418	-10.631688	▁text
7419	-10.631802	krieg
7420	-10.631825	काळ
7421	-10.631997	▁જોવા
7422	-10.632040	▁इसे
7423	-10.632335	▁decision
7424	-10.632345	▁sm
7425	-10.632513	▁ਸਿੱਖ
7426	-10.632730	▁mene
7427	-10.632745	▁ಹೆ
7428	-10.633074	▁drei
7429	-10.633129	▁deutschland
7430	-10.633133	▁ದೊಡ್ಡ
7431	-10.633142	elli
7432	-10.633221	▁learn
7433	-10.633583	ण्यासाठी
7434	-10.633862	സോ
7435	-10.633923	▁કાર્ય
7436	-10.633960	র্ক
7437	-10.634131	▁यु
7438	-10.634221	▁пос
7439	-10.634273	ಕೋ
7440	-10.634642	حد
7441	-10.634722	ेत
7442	-10.634741	▁મળે
7443	-10.635180	▁পি
7444	-10.635364	డా
7445	-10.635457	▁close
7446	-10.635543	▁प्रथम
7447	-10.635871	பட
7448	-10.635878	dica
7449	-10.635880	کھ
7450	-10.635994	▁having
7451	-10.636252	▁regional
7452	-10.636282	▁does
7453	-10.636356	pun
7454	-10.636375	▁secret
7455	-10.636539	રૂપ
7456	-10.636712	▁ਕਾਰਨ
7457	-10.636905	▁பெ
7458	-10.636949	▁deriva
7459	-10.637153	ವರೆಗೆ
7460	-10.637405	▁પુ
7461	-10.637418	tem
7462	-10.637428	ੋਲ
7463	-10.637470	simo
7464	-10.637512	isation
7465	-10.637618	മീ
7466	-10.637816	কের
7467	-10.638053	▁ಪಾತ್ರ
7468	-10.638107	▁semua
7469	-10.638146	કર
7470	-10.638185	ನೋ
7471	-10.638770	ಗಾಗಿ
7472	-10.638783	यों
7473	-10.638804	▁eropa
7474	-10.638858	ಯೋಗ
7475	-10.638916	▁গু
7476	-10.638976	пер
7477	-10.639082	ंची
7478	-10.639119	પો
7479	-10.639151	ாவ
7480	-10.639182	യോഗ
7481	-10.639258	▁பெரு
7482	-10.639338	ിന
7483	-10.639359	وق
7484	-10.639608	▁ఇక్కడ
7485	-10.639750	ней
7486	-10.639789	▁secondo
7487	-10.639960	▁niet
7488	-10.640001	ੜੇ
7489	-10.640092	गर
7490	-10.640173	▁നിയമ
7491	-10.640196	wah
7492	-10.640382	▁ಕರ್ನಾಟಕ
7493	-10.640557	archi
7494	-10.640659	রূপ
7495	-10.640910	▁ಪ್ರಾ
7496	-10.640946	▁सर्वात
7497	-10.641197	ધા
7498	-10.641275	typ
7499	-10.641442	izza
7500	-10.641495	ಳ್ಳ
7501	-10.641498	ೆಯನ್ನು
7502	-10.641548	▁തോ
7503	-10.641552	▁മഹാ
7504	-10.641564	ોર
7505	-10.641661	ോള
7506	-10.641998	win
7507	-10.642002	▁ಬಗ್ಗೆ
7508	-10.642102	ਹੁ
7509	-10.642149	ello
7510	-10.642229	▁ದಿ
7511	-10.642282	cta
7512	-10.642344	જ્ઞા
7513	-10.642740	▁ಸೋ
7514	-10.642753	téri
7515	-10.642806	▁ਲੋਕਾਂ
7516	-10.642813	▁દૂધની
7517	-10.642895	▁१०
7518	-10.643046	▁sy
7519	-10.643390	▁diferentes
7520	-10.643470	handel
7521	-10.643550	▁రాష్ట్రం
7522	-10.643781	▁mulai
7523	-10.644052	▁לא
7524	-10.644274	▁grec
7525	-10.644343	رد
7526	-10.644355	ude
7527	-10.644440	▁শিক্ষা
7528	-10.644517	માર
7529	-10.644559	▁کئی
7530	-10.644588	ಬು
7531	-10.644670	нг
7532	-10.644825	നായി
7533	-10.644993	▁bisa
7534	-10.645012	▁ਕਲਾ
7535	-10.645025	▁mauka
7536	-10.645198	▁contre
7537	-10.645250	▁સવલતો
7538	-10.645563	ਕਾਂ
7539	-10.645668	ഫി
7540	-10.645687	▁umum
7541	-10.645692	▁must
7542	-10.645711	▁vas
7543	-10.645775	▁ચા
7544	-10.645776	▁interesting
7545	-10.646082	▁এলাকা
7546	-10.646176	▁लिये
7547	-10.646330	ರಂದು
7548	-10.646525	▁കാല
7549	-10.646569	ਸਰ
7550	-10.646667	▁concept
7551	-10.646672	▁ஹ
7552	-10.646964	gie
7553	-10.647074	▁север
7554	-10.647082	گی
7555	-10.647630	▁arre
7556	-10.647768	▁problema
7557	-10.647795	▁مار
7558	-10.647937	czy
7559	-10.647967	ാത്ത
7560	-10.648040	ધિ
7561	-10.648098	▁weitere
7562	-10.648114	ßen
7563	-10.648574	ষ্
7564	-10.648723	ஜி
7565	-10.648732	த்தா
7566	-10.648828	ਵੇਂ
7567	-10.649033	▁serve
7568	-10.649235	glie
7569	-10.649297	lim
7570	-10.649344	▁થઇ
7571	-10.649620	▁ਸਾਰੇ
7572	-10.649640	▁साल
7573	-10.649693	રામ
7574	-10.650111	▁common
7575	-10.650226	cz
7576	-10.650772	▁leg
7577	-10.650849	जर
7578	-10.650929	mah
7579	-10.650945	▁दिस
7580	-10.651073	வரும்
7581	-10.651096	▁പറയ
7582	-10.651511	mond
7583	-10.651638	ನಿಂದ
7584	-10.651657	arch
7585	-10.651660	ઓને
7586	-10.651834	ун
7587	-10.652027	வாக
7588	-10.652066	sol
7589	-10.652104	▁hona
7590	-10.652182	பெ
7591	-10.652313	▁ഐ
7592	-10.652330	یات
7593	-10.652597	▁melalui
7594	-10.652629	▁grund
7595	-10.652726	sign
7596	-10.652763	▁hy
7597	-10.652792	ातून
7598	-10.652887	▁visit
7599	-10.652892	▁род
7600	-10.653417	▁россии
7601	-10.653524	▁उपयोग
7602	-10.653586	દો
7603	-10.653696	ڈی
7604	-10.653700	ਆਰ
7605	-10.653778	ாவில்
7606	-10.653837	ತೆಯ
7607	-10.653994	▁प्रा
7608	-10.654068	▁japon
7609	-10.654096	▁natur
7610	-10.654144	েল
7611	-10.654181	nato
7612	-10.654249	▁ಬಹು
7613	-10.654262	▁livre
7614	-10.654305	▁ple
7615	-10.654314	band
7616	-10.654319	ppo
7617	-10.654493	tek
7618	-10.654512	plica
7619	-10.654528	▁ವೈ
7620	-10.654876	ിലൂടെ
7621	-10.654951	▁ਅਸ
7622	-10.655058	▁કંપની
7623	-10.655089	দার
7624	-10.655121	▁خلاف
7625	-10.655263	പോലെ
7626	-10.655472	▁się
7627	-10.655667	▁बीच
7628	-10.655746	ുമായി
7629	-10.655751	ట్టు
7630	-10.655972	▁until
7631	-10.656156	र्ज
7632	-10.656702	▁दिल्ली
7633	-10.656781	▁क्र
7634	-10.656787	▁latin
7635	-10.656962	పర
7636	-10.657056	▁arma
7637	-10.657068	tage
7638	-10.657114	▁દર
7639	-10.657427	ഗു
7640	-10.657668	▁morte
7641	-10.657744	▁مقام
7642	-10.657994	▁beta
7643	-10.658035	▁series
7644	-10.658195	યર
7645	-10.658298	टन
7646	-10.658461	▁dai
7647	-10.658535	▁ಬ್ರ
7648	-10.658645	ಕೊಂಡ
7649	-10.658696	બે
7650	-10.658834	▁रह
7651	-10.658948	ிலும்
7652	-10.658997	iza
7653	-10.659180	▁اردو
7654	-10.659342	▁ibu
7655	-10.659629	боль
7656	-10.659760	gro
7657	-10.659859	kl
7658	-10.659860	vul
7659	-10.659999	▁berbagai
7660	-10.659999	▁língua
7661	-10.659999	▁زيري
7662	-10.660086	▁خود
7663	-10.660106	ండి
7664	-10.660351	▁लोग
7665	-10.660357	▁ಹೆಸರ
7666	-10.660583	ец
7667	-10.660615	▁गेले
7668	-10.660802	▁web
7669	-10.661030	▁süd
7670	-10.661048	ੰਬ
7671	-10.661107	▁века
7672	-10.661171	्व
7673	-10.661238	▁लिया
7674	-10.661257	▁bagi
7675	-10.661493	▁मूल
7676	-10.661704	▁పెద్ద
7677	-10.661730	▁মধ্য
7678	-10.661762	हे
7679	-10.661846	uel
7680	-10.661855	▁bawah
7681	-10.661919	पद
7682	-10.662116	▁call
7683	-10.662373	லு
7684	-10.662375	ੱਦ
7685	-10.662427	ஞ
7686	-10.662478	▁ప్రత్యేక
7687	-10.662629	▁रि
7688	-10.662715	ischer
7689	-10.662856	ਜੇ
7690	-10.662998	ур
7691	-10.663003	▁দিকে
7692	-10.663019	▁ہوتے
7693	-10.663058	اء
7694	-10.663095	দে
7695	-10.663310	▁ਅਨੁਸਾਰ
7696	-10.663358	▁australia
7697	-10.663445	کے
7698	-10.663477	▁பூ
7699	-10.663529	वृत्त
7700	-10.663769	ngga
7701	-10.663796	جہ
7702	-10.663797	ಗಳೂ
7703	-10.663984	ीन
7704	-10.664033	ச்சு
7705	-10.664635	▁king
7706	-10.664699	▁असा
7707	-10.664736	▁carbon
7708	-10.664783	▁anno
7709	-10.664798	▁conserva
7710	-10.664943	▁ابو
7711	-10.664963	wissenschaft
7712	-10.665012	ಿರುತ್ತದೆ
7713	-10.665035	স্
7714	-10.665277	ping
7715	-10.665424	▁ज्या
7716	-10.665698	▁ਅਲ
7717	-10.665733	தால்
7718	-10.665792	আ
7719	-10.665793	▁ધરાવે
7720	-10.666211	▁religion
7721	-10.666588	quart
7722	-10.666630	▁ਸ਼ਬਦ
7723	-10.666751	▁کیے
7724	-10.666878	▁libro
7725	-10.666910	▁చిత్రం
7726	-10.667021	ум
7727	-10.667132	inho
7728	-10.667175	▁karo
7729	-10.667593	▁ਜੇ
7730	-10.667721	▁રચ
7731	-10.668130	ਪੀ
7732	-10.668282	ிடம்
7733	-10.668582	▁इतर
7734	-10.668856	▁dove
7735	-10.668875	ভার
7736	-10.668950	ுடைய
7737	-10.668976	tim
7738	-10.669183	▁चित्र
7739	-10.669235	▁נ
7740	-10.669271	lg
7741	-10.669428	tah
7742	-10.669512	▁respect
7743	-10.669662	ോട്
7744	-10.669703	▁novel
7745	-10.669868	▁ನಿರ್
7746	-10.669975	▁இவ்வ
7747	-10.670294	چھ
7748	-10.670309	phe
7749	-10.670520	ર્થ
7750	-10.670689	cente
7751	-10.671142	▁അംഗ
7752	-10.671306	১৬
7753	-10.671347	▁ਵਿਗਿਆਨ
7754	-10.671431	وٹ
7755	-10.671533	ила
7756	-10.671563	▁કામ
7757	-10.671621	▁correspond
7758	-10.671682	▁habitantes
7759	-10.672145	ис
7760	-10.672449	gung
7761	-10.672457	▁futbolista
7762	-10.672758	ад
7763	-10.673037	▁ਉੱਤਰ
7764	-10.673037	▁ನದಿ
7765	-10.673408	▁soviet
7766	-10.673458	ল্প
7767	-10.673496	▁temperatura
7768	-10.673659	ுள்ள
7769	-10.674037	कुल
7770	-10.674129	ఠ
7771	-10.674130	▁nouvelle
7772	-10.674217	izado
7773	-10.674307	▁लेखक
7774	-10.674612	ಸಂ
7775	-10.674882	hung
7776	-10.674939	▁ದೇವ
7777	-10.674968	▁ಆರಂಭ
7778	-10.674974	▁என்னும்
7779	-10.675110	▁reco
7780	-10.675161	▁season
7781	-10.675358	லம்
7782	-10.675419	вар
7783	-10.675478	unis
7784	-10.675769	фа
7785	-10.675824	▁నీటి
7786	-10.675839	▁कोई
7787	-10.675875	पे
7788	-10.675950	▁remo
7789	-10.676063	మై
7790	-10.676112	▁ओर
7791	-10.676323	dam
7792	-10.676336	▁ಕೋ
7793	-10.676552	▁చెప్ప
7794	-10.676606	പ്പോൾ
7795	-10.676625	▁syn
7796	-10.676929	वीं
7797	-10.676984	సర
7798	-10.677176	तन
7799	-10.677302	ала
7800	-10.677313	▁train
7801	-10.677325	വെ
7802	-10.677915	▁trad
7803	-10.678007	તે
7804	-10.678169	issue
7805	-10.678199	નિક
7806	-10.678209	▁accha
7807	-10.678232	▁बदल
7808	-10.678259	бу
7809	-10.678260	osi
7810	-10.678325	▁актриса
7811	-10.678325	▁ঢাকা
7812	-10.678383	ungan
7813	-10.678452	േറ്റ
7814	-10.678542	సీ
7815	-10.678580	ेश्वर
7816	-10.678839	▁presente
7817	-10.678860	ਲਾਂ
7818	-10.678949	▁జా
7819	-10.679031	▁resp
7820	-10.679075	▁ਸਮਾਜ
7821	-10.679307	ருக்கு
7822	-10.679469	పతి
7823	-10.679573	▁hong
7824	-10.679725	cker
7825	-10.679847	ലേ
7826	-10.680021	▁alguns
7827	-10.680043	एस
7828	-10.680337	ത്യ
7829	-10.680340	▁ચો
7830	-10.680490	ರಾಗಿ
7831	-10.680647	బు
7832	-10.680702	вид
7833	-10.680838	কাল
7834	-10.680913	▁industrial
7835	-10.680923	ശു
7836	-10.680971	▁ಮಧ್ಯ
7837	-10.681007	▁स्थापना
7838	-10.681248	▁santo
7839	-10.681374	ಲೋ
7840	-10.681431	ாட்சி
7841	-10.681579	chten
7842	-10.681626	gado
7843	-10.681644	▁pala
7844	-10.681705	▁города
7845	-10.681833	▁figure
7846	-10.682278	▁programa
7847	-10.682399	ஷ
7848	-10.682467	▁dedica
7849	-10.682537	▁familia
7850	-10.682541	▁sungai
7851	-10.682578	sky
7852	-10.682922	mbu
7853	-10.682944	োর
7854	-10.682978	wasser
7855	-10.683043	നിയ
7856	-10.683074	щи
7857	-10.683099	▁menye
7858	-10.683101	ਾਨ
7859	-10.683179	ब्
7860	-10.683390	▁pehle
7861	-10.683414	ря
7862	-10.683498	asa
7863	-10.683710	cken
7864	-10.683802	రూ
7865	-10.683922	فر
7866	-10.684217	day
7867	-10.684245	▁career
7868	-10.684300	▁capa
7869	-10.684879	vil
7870	-10.684909	nha
7871	-10.684919	▁மாற்ற
7872	-10.684924	थे
7873	-10.684980	▁சம
7874	-10.685051	▁సమ
7875	-10.685073	▁ضلع
7876	-10.685074	▁serikat
7877	-10.685096	▁depois
7878	-10.685173	глав
7879	-10.685242	▁بے
7880	-10.685330	▁site
7881	-10.685442	gebiet
7882	-10.685453	▁सुरू
7883	-10.685728	▁સરકાર
7884	-10.685920	▁ప్రకారం
7885	-10.685922	▁ਫ਼ਿਲਮ
7886	-10.685927	▁रख
7887	-10.685945	▁style
7888	-10.686004	▁kyunki
7889	-10.686333	িকা
7890	-10.686616	lf
7891	-10.686959	पि
7892	-10.687048	પિ
7893	-10.687152	اض
7894	-10.687167	▁promo
7895	-10.687403	▁প্রা
7896	-10.687469	▁invest
7897	-10.687503	െന്ന്
7898	-10.687654	എസ്
7899	-10.687673	തിനാൽ
7900	-10.687705	▁ਪੀ
7901	-10.687812	িয়ার
7902	-10.688023	origine
7903	-10.688167	▁মো
7904	-10.688350	▁ਬੁ
7905	-10.688420	આઇ
7906	-10.688429	شت
7907	-10.688464	▁terletak
7908	-10.688518	▁another
7909	-10.688714	ઝા
7910	-10.688806	ях
7911	-10.688994	▁perse
7912	-10.689404	▁selon
7913	-10.689429	▁ಇವರ
7914	-10.689433	▁torna
7915	-10.689465	ड़ी
7916	-10.690145	ગર
7917	-10.690180	ൂര
7918	-10.690313	▁மூ
7919	-10.690328	▁सन्
7920	-10.690682	ಿರ
7921	-10.690893	લ્સ
7922	-10.691015	▁ग्रंथ
7923	-10.691015	▁राजधानी
7924	-10.691027	کل
7925	-10.691064	एँ
7926	-10.691240	rra
7927	-10.691327	കാലത്ത്
7928	-10.691355	നയ
7929	-10.691737	ೊಂದಿಗೆ
7930	-10.691755	▁તેમાં
7931	-10.691772	▁term
7932	-10.691867	ૉ
7933	-10.691867	▁قائم
7934	-10.691877	▁تعمیر
7935	-10.691889	▁década
7936	-10.692065	▁todas
7937	-10.692094	▁ಜೀವ
7938	-10.692095	బె
7939	-10.692350	▁పేరు
7940	-10.692471	▁deve
7941	-10.692544	empire
7942	-10.692719	▁ਇਤਿਹਾਸ
7943	-10.693239	▁hope
7944	-10.693251	द्ध
7945	-10.693466	ики
7946	-10.693527	▁их
7947	-10.693574	▁kembali
7948	-10.694007	ंनी
7949	-10.694136	enge
7950	-10.694653	ंच्या
7951	-10.694741	দ্
7952	-10.694801	ні
7953	-10.695278	▁zusammen
7954	-10.695281	▁ಸಾಹಿತ್ಯ
7955	-10.695282	टक
7956	-10.695292	▁trois
7957	-10.695580	பொருள
7958	-10.695789	▁વિસ્તાર
7959	-10.695984	ிற்கு
7960	-10.696062	এস
7961	-10.696089	▁diper
7962	-10.696154	▁उन
7963	-10.696329	ਬੋ
7964	-10.696549	ਜ਼ੀ
7965	-10.696616	▁pemb
7966	-10.696628	شا
7967	-10.696702	coli
7968	-10.696836	▁quella
7969	-10.696966	зем
7970	-10.696984	▁நெ
7971	-10.696994	▁similar
7972	-10.697484	गु
7973	-10.697850	▁century
7974	-10.698121	▁manage
7975	-10.698166	▁ਪਿ
7976	-10.698237	▁left
7977	-10.698347	▁humein
7978	-10.698370	▁करना
7979	-10.698511	gl
7980	-10.698520	ത്തില
7981	-10.698708	▁você
7982	-10.698735	▁porto
7983	-10.698971	டிய
7984	-10.699006	america
7985	-10.699009	களைக்
7986	-10.699016	▁ಮೊ
7987	-10.699157	ಗಿನ
7988	-10.699252	সার
7989	-10.699560	ঝ
7990	-10.699570	▁peter
7991	-10.699629	പേ
7992	-10.699788	system
7993	-10.700029	▁normal
7994	-10.700105	াম
7995	-10.700210	మే
7996	-10.700425	▁ਇਨ੍ਹਾਂ
7997	-10.700425	▁പ്രത്യേക
7998	-10.700478	ದಾರ
7999	-10.700768	▁busy
8000	-10.701159	▁জেলা
8001	-10.701286	▁três
8002	-10.701413	▁சே
8003	-10.701512	▁varie
8004	-10.701534	ాయ
8005	-10.701549	ttle
8006	-10.701685	▁contro
8007	-10.701692	▁ರಾಷ್ಟ್ರ
8008	-10.701804	യായ
8009	-10.701871	▁பின்
8010	-10.701983	tha
8011	-10.702034	▁welt
8012	-10.702146	▁système
8013	-10.702146	▁ક્ષેત્ર
8014	-10.702150	mic
8015	-10.702171	ائل
8016	-10.702474	త్య
8017	-10.702612	▁लोगों
8018	-10.702996	▁sau
8019	-10.703118	iel
8020	-10.703346	vam
8021	-10.703869	▁possible
8022	-10.703928	ਹਾਰ
8023	-10.703943	▁etc
8024	-10.703958	▁tengah
8025	-10.703992	▁case
8026	-10.704051	rado
8027	-10.704096	▁ਲੇਖਕ
8028	-10.704171	ਸ਼ਿ
8029	-10.704199	nik
8030	-10.704292	geno
8031	-10.704498	▁എന്നും
8032	-10.704550	ిత
8033	-10.704562	▁spend
8034	-10.704804	▁мест
8035	-10.704900	овой
8036	-10.704904	ભર
8037	-10.704926	▁जि
8038	-10.705036	▁அதன்
8039	-10.705050	ਤਮ
8040	-10.705189	દ્ર
8041	-10.705436	செய்
8042	-10.705780	డే
8043	-10.705917	▁origin
8044	-10.706018	ène
8045	-10.706460	▁ਬਲਾਕ
8046	-10.706481	▁ఇం
8047	-10.706614	geschichte
8048	-10.706670	ney
8049	-10.706684	ides
8050	-10.706698	▁federal
8051	-10.707073	ਤੋ
8052	-10.707077	rios
8053	-10.707528	▁של
8054	-10.707550	▁schl
8055	-10.707682	▁مگر
8056	-10.707683	▁disc
8057	-10.707730	bile
8058	-10.707733	মাল
8059	-10.707854	ут
8060	-10.707984	ासाठी
8061	-10.708075	▁seul
8062	-10.708304	র্ট
8063	-10.708563	▁ಅಪ
8064	-10.708684	▁આપ
8065	-10.708823	asse
8066	-10.709394	енный
8067	-10.709599	లతో
8068	-10.709810	్యం
8069	-10.709855	▁mengu
8070	-10.709917	▁అంత
8071	-10.710114	lip
8072	-10.710193	luk
8073	-10.710469	ਪਰ
8074	-10.710599	ంచి
8075	-10.710723	ioni
8076	-10.710758	ward
8077	-10.710793	▁município
8078	-10.710837	▁ज्ञान
8079	-10.710891	▁participa
8080	-10.711036	▁photo
8081	-10.711465	▁இல
8082	-10.711473	wort
8083	-10.711560	▁centre
8084	-10.711792	образ
8085	-10.711975	▁jahren
8086	-10.712489	▁ಚಿ
8087	-10.712522	تر
8088	-10.712541	▁ਆਦਿ
8089	-10.712591	▁ஆரம்ப
8090	-10.712606	▁ভারতীয়
8091	-10.712611	ौर
8092	-10.712949	▁লাভ
8093	-10.713041	बल
8094	-10.713258	pus
8095	-10.713313	▁వీర
8096	-10.713391	▁indian
8097	-10.713403	▁economic
8098	-10.713538	▁വന്ന
8099	-10.713659	eurs
8100	-10.713660	▁stata
8101	-10.713772	મન
8102	-10.713782	ിയുടെ
8103	-10.713838	▁mode
8104	-10.714024	क्र
8105	-10.714132	ബ്ര
8106	-10.714260	গুলির
8107	-10.714408	▁gibt
8108	-10.714482	vra
8109	-10.714620	००
8110	-10.714625	▁والی
8111	-10.714696	▁گھ
8112	-10.714921	peri
8113	-10.714948	▁zone
8114	-10.715066	▁सम्
8115	-10.715264	ión
8116	-10.715320	ையில்
8117	-10.715406	▁militar
8118	-10.715437	ബാ
8119	-10.715494	ಂಜ
8120	-10.715622	ление
8121	-10.715633	▁বু
8122	-10.715720	▁pelos
8123	-10.715759	дов
8124	-10.715804	ties
8125	-10.715811	സൂ
8126	-10.715829	▁ধর্ম
8127	-10.715849	▁rend
8128	-10.715942	ática
8129	-10.716017	▁ಪ್ರಶಸ್ತಿ
8130	-10.716067	▁இருக்கும்
8131	-10.716109	▁agama
8132	-10.716109	▁ஆட்சி
8133	-10.716289	schen
8134	-10.716295	▁ਆਪ
8135	-10.716311	▁സ്ഥല
8136	-10.716326	mujhe
8137	-10.716432	ಿಯನ್
8138	-10.716435	▁১৭
8139	-10.716500	లె
8140	-10.716666	cana
8141	-10.716748	amp
8142	-10.717029	▁تین
8143	-10.717196	▁projet
8144	-10.717374	▁tentang
8145	-10.717380	▁cli
8146	-10.717391	mus
8147	-10.717417	மின்
8148	-10.717446	ggi
8149	-10.717462	▁comune
8150	-10.717549	ભાવ
8151	-10.717765	▁ਸਕਦਾ
8152	-10.717804	▁light
8153	-10.717859	ત્રી
8154	-10.717946	вол
8155	-10.717990	▁regia
8156	-10.718024	of
8157	-10.718069	cional
8158	-10.718103	▁logon
8159	-10.718119	▁స్వ
8160	-10.718178	नियम
8161	-10.718279	ણે
8162	-10.718376	லிய
8163	-10.718467	▁ప్రతి
8164	-10.718534	ક્ષણ
8165	-10.718629	निक
8166	-10.718638	▁aayega
8167	-10.718650	nternacional
8168	-10.718742	દર્શ
8169	-10.719067	ફર
8170	-10.719130	▁unit
8171	-10.719376	ویں
8172	-10.719557	▁utilizza
8173	-10.719732	kya
8174	-10.719851	ений
8175	-10.719869	ਵਾਲ
8176	-10.720107	▁aos
8177	-10.720117	▁particular
8178	-10.720425	kah
8179	-10.720506	എ
8180	-10.720703	▁પ્રદેશ
8181	-10.720790	▁wait
8182	-10.721002	aient
8183	-10.721085	пре
8184	-10.721268	▁دوسرے
8185	-10.721282	▁انہیں
8186	-10.721308	ലു
8187	-10.722013	బా
8188	-10.722029	▁इसी
8189	-10.722120	ிலிருந்து
8190	-10.722146	▁अमेरिके
8191	-10.722188	പ്പ്
8192	-10.722263	▁சீ
8193	-10.722333	▁பெரிய
8194	-10.722516	▁sci
8195	-10.722603	▁ಒಳ
8196	-10.722767	лась
8197	-10.722839	ಇ
8198	-10.722959	оз
8199	-10.723056	▁concentra
8200	-10.723204	▁tree
8201	-10.723417	ഡോ
8202	-10.723730	▁जग
8203	-10.723825	indo
8204	-10.723900	▁observa
8205	-10.723905	▁british
8206	-10.723905	▁ಬಳಕೆ
8207	-10.724022	क्या
8208	-10.724114	▁вод
8209	-10.724785	▁लगभग
8210	-10.725248	ним
8211	-10.725537	▁alto
8212	-10.725604	స్థాన
8213	-10.725706	▁عمل
8214	-10.725732	ત્ત
8215	-10.725768	▁word
8216	-10.725797	ವಿನ
8217	-10.725930	▁لگ
8218	-10.725986	▁तरह
8219	-10.726005	▁નદી
8220	-10.726022	▁लग
8221	-10.726270	▁saw
8222	-10.726324	ple
8223	-10.726329	▁faz
8224	-10.726359	wahl
8225	-10.726600	▁pusat
8226	-10.726604	શો
8227	-10.726901	▁வடிவ
8228	-10.727064	കഥ
8229	-10.727114	ਕਤ
8230	-10.727549	▁بڑی
8231	-10.727738	હિ
8232	-10.727902	ട്ര
8233	-10.727967	اخ
8234	-10.728004	▁अप
8235	-10.728150	▁போது
8236	-10.728214	৯৭
8237	-10.728286	▁ফলে
8238	-10.728313	▁ਪਹਿਲੀ
8239	-10.728323	▁früh
8240	-10.728328	कडून
8241	-10.728586	bio
8242	-10.728625	▁penga
8243	-10.728650	చార
8244	-10.728698	▁હે
8245	-10.728785	▁epi
8246	-10.729166	▁viele
8247	-10.729208	ਟੋ
8248	-10.729224	▁குறிப்பிட
8249	-10.729233	▁started
8250	-10.729502	▁बोल
8251	-10.729530	வான
8252	-10.729569	jer
8253	-10.729593	ുമ
8254	-10.729718	ದರ
8255	-10.729873	क्षा
8256	-10.730176	ગો
8257	-10.730239	ാപ
8258	-10.730400	ൊരു
8259	-10.730479	pol
8260	-10.730747	▁tend
8261	-10.730795	▁అన్న
8262	-10.730815	یف
8263	-10.730838	▁read
8264	-10.730968	▁پہنچ
8265	-10.730968	▁વિવિધ
8266	-10.731039	tima
8267	-10.731232	▁aplica
8268	-10.731256	▁jusqu
8269	-10.731327	▁erste
8270	-10.731350	ਨੋ
8271	-10.731406	▁صدر
8272	-10.731507	मंत्र
8273	-10.731573	ayenge
8274	-10.731597	‌ನಲ್ಲಿ
8275	-10.731598	liter
8276	-10.731600	दे
8277	-10.731956	സ്സ
8278	-10.732061	▁വഴി
8279	-10.732118	zzo
8280	-10.732141	▁education
8281	-10.732512	▁જાય
8282	-10.732636	ਿਸ
8283	-10.732745	▁manusia
8284	-10.732807	▁ಹೆಚ್ಚಿನ
8285	-10.732892	▁sehr
8286	-10.732932	bahn
8287	-10.733036	ania
8288	-10.733614	ঙ্ক
8289	-10.733618	▁сша
8290	-10.733636	mpi
8291	-10.733676	▁sang
8292	-10.733878	▁खु
8293	-10.734359	യിലും
8294	-10.734393	▁эти
8295	-10.734522	▁shuru
8296	-10.734556	зу
8297	-10.734719	▁meri
8298	-10.734977	▁town
8299	-10.735205	ète
8300	-10.735296	ٹو
8301	-10.735409	▁ಅತ್ಯಂತ
8302	-10.735526	পথ
8303	-10.735632	▁ಸರ್ಕಾರ
8304	-10.735737	ಮೋ
8305	-10.735755	▁அடி
8306	-10.735861	▁അവർ
8307	-10.735868	▁بد
8308	-10.736015	▁mü
8309	-10.736050	▁আস
8310	-10.736180	बे
8311	-10.736300	wirtschaft
8312	-10.736309	▁ચે
8313	-10.736369	rer
8314	-10.736593	ское
8315	-10.737190	▁કેટલાક
8316	-10.737238	▁solar
8317	-10.737296	▁key
8318	-10.737567	мор
8319	-10.737699	ियाँ
8320	-10.738395	ண்டி
8321	-10.738640	▁முக்கிய
8322	-10.738976	▁येथील
8323	-10.739111	lung
8324	-10.739312	▁ಪ್ರಕಾರ
8325	-10.739377	কর্ম
8326	-10.739762	▁critic
8327	-10.739869	▁während
8328	-10.739869	▁ફિલ્મ
8329	-10.739872	▁igreja
8330	-10.739884	ಗಳಿವೆ
8331	-10.740047	టా
8332	-10.740102	ика
8333	-10.740696	гер
8334	-10.740740	tensi
8335	-10.740764	▁exactly
8336	-10.740764	▁portugal
8337	-10.740764	▁república
8338	-10.740764	▁મુજબ
8339	-10.740765	▁تعلیم
8340	-10.740781	قل
8341	-10.741132	ത്തിലും
8342	-10.741659	▁ইসলাম
8343	-10.741670	▁ನಡೆಸ
8344	-10.741684	ੰਮ
8345	-10.741779	▁ಮಾತ್ರ
8346	-10.742119	▁ഇന്ത്യൻ
8347	-10.742249	த்தார்
8348	-10.742268	▁doesn
8349	-10.742291	ור
8350	-10.742556	▁সংখ্যা
8351	-10.742928	▁кол
8352	-10.743052	ਿਨ
8353	-10.743126	▁ਰੁ
8354	-10.743233	▁ਵਾਲਾ
8355	-10.743452	▁সবচেয়ে
8356	-10.743703	pto
8357	-10.743873	મ્પ
8358	-10.743887	▁మే
8359	-10.743937	▁pueden
8360	-10.744480	▁امام
8361	-10.744555	ಸ್ಕ
8362	-10.744573	▁బాల
8363	-10.744630	▁conven
8364	-10.744753	▁ಹೋ
8365	-10.744764	▁اسلام
8366	-10.744847	ஆம்
8367	-10.744893	▁weiter
8368	-10.744971	ുകളിൽ
8369	-10.745154	▁گی
8370	-10.745261	ವಾಯಿತು
8371	-10.745356	▁ਨਾਂ
8372	-10.745448	▁নিজ
8373	-10.745679	▁പൂ
8374	-10.745861	iente
8375	-10.746189	سر
8376	-10.746277	▁ਸਰਕਾਰ
8377	-10.746280	ಶಕ್ತಿ
8378	-10.746306	ска
8379	-10.746584	▁circa
8380	-10.747173	inha
8381	-10.747450	ರಂಗ
8382	-10.747502	▁رکھ
8383	-10.747519	સૂ
8384	-10.747541	करण
8385	-10.747795	ੌਰ
8386	-10.747949	▁পুরস্কার
8387	-10.747951	▁bhool
8388	-10.747951	▁ਪ੍ਰਾਪਤ
8389	-10.748088	▁specie
8390	-10.748482	▁அறிவ
8391	-10.748855	▁progress
8392	-10.748872	▁selain
8393	-10.748919	▁ಸಂಬಂಧ
8394	-10.748929	▁ball
8395	-10.748959	▁james
8396	-10.748965	▁మధ్య
8397	-10.749002	બુ
8398	-10.749225	▁जिल्ह्या
8399	-10.749247	▁страны
8400	-10.749712	стра
8401	-10.749717	stä
8402	-10.749752	▁jayega
8403	-10.749816	раж
8404	-10.750053	نج
8405	-10.750178	▁ਯੂ
8406	-10.750458	▁klein
8407	-10.750761	▁بڑے
8408	-10.751050	ಕ್ಕಾಗಿ
8409	-10.751147	эл
8410	-10.751163	лет
8411	-10.751164	תי
8412	-10.751282	ാട
8413	-10.751556	ى
8414	-10.751560	▁música
8415	-10.751688	▁went
8416	-10.752034	uz
8417	-10.752316	мин
8418	-10.752418	धर
8419	-10.752625	▁பெயர்
8420	-10.752798	posto
8421	-10.752895	দ্র
8422	-10.752930	▁verb
8423	-10.753083	رض
8424	-10.753329	▁ano
8425	-10.753372	▁alcuni
8426	-10.753489	ോട്ട
8427	-10.753654	ತೀ
8428	-10.753668	చే
8429	-10.753707	ેલા
8430	-10.754277	▁только
8431	-10.754572	ਰਤ
8432	-10.754580	న్ని
8433	-10.754677	▁haupt
8434	-10.754688	స్ట
8435	-10.754691	ды
8436	-10.754755	ಕ್ರಮ
8437	-10.754817	مین
8438	-10.754971	▁উদ্
8439	-10.755105	tivas
8440	-10.755193	▁bene
8441	-10.755399	▁ask
8442	-10.755518	▁dinner
8443	-10.755536	ത്തേ
8444	-10.755619	▁bach
8445	-10.755742	ரே
8446	-10.755754	ছিল
8447	-10.755874	ലീ
8448	-10.755889	ত্
8449	-10.756029	▁rapid
8450	-10.756510	▁কারণে
8451	-10.756552	▁പ്രവർത്ത
8452	-10.756838	ാനും
8453	-10.756927	▁१५
8454	-10.757133	ਚੇ
8455	-10.757469	ম্প
8456	-10.757670	িতে
8457	-10.757720	▁friend
8458	-10.757828	▁ഉള്ള
8459	-10.757874	▁away
8460	-10.757886	▁classic
8461	-10.757894	rsi
8462	-10.757915	مز
8463	-10.758105	▁short
8464	-10.758142	▁books
8465	-10.758305	▁તરફ
8466	-10.758385	കരണ
8467	-10.758412	▁सू
8468	-10.758488	▁માત્ર
8469	-10.758822	▁anggota
8470	-10.758823	▁দ্বিতীয়
8471	-10.758829	▁sap
8472	-10.759180	▁اش
8473	-10.759586	काल
8474	-10.759684	bie
8475	-10.759748	▁sakti
8476	-10.759757	ética
8477	-10.759856	▁tale
8478	-10.759877	ീര
8479	-10.759885	tí
8480	-10.759974	▁phir
8481	-10.759983	▁કોઈ
8482	-10.760246	முக
8483	-10.760271	वळ
8484	-10.760332	মাত্র
8485	-10.760628	▁estão
8486	-10.760651	▁président
8487	-10.760688	▁josé
8488	-10.760800	▁кино
8489	-10.760830	▁लगा
8490	-10.761571	▁seconda
8491	-10.761942	▁રાખ
8492	-10.762051	▁آئی
8493	-10.762258	شن
8494	-10.762467	াত
8495	-10.762500	לי
8496	-10.762723	▁christ
8497	-10.763131	▁تم
8498	-10.763389	▁ਤਰ੍ਹਾਂ
8499	-10.763436	рь
8500	-10.763688	▁ਇਹਨਾਂ
8501	-10.763718	தோ
8502	-10.764082	▁மீ
8503	-10.764094	▁год
8504	-10.764305	▁exemplo
8505	-10.764529	voir
8506	-10.764715	్‌
8507	-10.764790	स्त्र
8508	-10.764840	ско
8509	-10.764880	ax
8510	-10.764979	िस
8511	-10.765111	शे
8512	-10.765156	▁grav
8513	-10.765417	▁воз
8514	-10.766143	ès
8515	-10.766229	ल्ला
8516	-10.766332	hui
8517	-10.766368	લ્ડ
8518	-10.766502	▁اگر
8519	-10.766541	▁भो
8520	-10.766806	▁quale
8521	-10.766851	దే
8522	-10.767007	▁monta
8523	-10.767063	influence
8524	-10.767113	▁её
8525	-10.767486	▁negli
8526	-10.767497	ол
8527	-10.767583	▁adopt
8528	-10.767593	ರ್ಮ
8529	-10.767735	ખો
8530	-10.767931	ेर
8531	-10.767964	ळ्या
8532	-10.767976	▁یعنی
8533	-10.767993	▁حال
8534	-10.768065	لک
8535	-10.768191	▁ಪರ
8536	-10.768258	ਗ਼
8537	-10.768298	▁memba
8538	-10.768615	ಹೋಗ
8539	-10.768647	সর
8540	-10.768650	▁gab
8541	-10.768749	▁друг
8542	-10.768783	▁علیہ
8543	-10.768915	ccia
8544	-10.768957	▁ਨਾਵਲ
8545	-10.769418	ಫಿ
8546	-10.769504	ਕਾਲ
8547	-10.769518	ೊಂದ
8548	-10.769641	ತ್ರಿ
8549	-10.769759	▁पण
8550	-10.770086	▁menge
8551	-10.770247	▁produz
8552	-10.770473	▁bina
8553	-10.770512	ിലും
8554	-10.770543	schrift
8555	-10.770628	▁martin
8556	-10.770739	▁zindagi
8557	-10.770739	▁पाकिस्तान
8558	-10.770741	▁ശേഷം
8559	-10.770741	▁segunda
8560	-10.770756	▁album
8561	-10.770864	कु
8562	-10.770947	ಕೇ
8563	-10.771661	ಕ್ಷೇತ್ರ
8564	-10.771661	▁കൂടുതൽ
8565	-10.771761	بح
8566	-10.771850	ੀਅਨ
8567	-10.771955	ático
8568	-10.771974	ੱਗ
8569	-10.772104	▁cell
8570	-10.772300	sha
8571	-10.772375	ுகின்றன
8572	-10.772516	gil
8573	-10.772607	▁jerman
8574	-10.772610	▁దీని
8575	-10.772611	мат
8576	-10.773098	ffe
8577	-10.773509	▁movimento
8578	-10.773517	▁પોતાના
8579	-10.773520	▁complex
8580	-10.773629	autre
8581	-10.773639	▁ਵੱਲ
8582	-10.773672	tá
8583	-10.773789	માણ
8584	-10.773881	ുകളും
8585	-10.773921	▁pale
8586	-10.773947	▁మంది
8587	-10.773975	चंद्र
8588	-10.774330	ினர்
8589	-10.774467	цы
8590	-10.774556	▁தலை
8591	-10.774567	▁تھیں
8592	-10.774615	நாட்ட
8593	-10.774632	ર્મ
8594	-10.774898	তম
8595	-10.775068	વન
8596	-10.775074	ിക്കുന്നത്
8597	-10.775360	▁परंतु
8598	-10.775363	▁terdiri
8599	-10.775393	порт
8600	-10.775408	▁manda
8601	-10.775501	ਨੂੰ
8602	-10.775505	▁favorite
8603	-10.775566	ല്പ
8604	-10.775571	общ
8605	-10.775737	ൊന്ന
8606	-10.775800	teurs
8607	-10.775871	গু
8608	-10.776389	▁division
8609	-10.776514	▁br
8610	-10.776680	पट
8611	-10.776812	ਖ਼
8612	-10.776976	த்திய
8613	-10.776991	च्छ
8614	-10.777143	চ্ছ
8615	-10.777177	ગત
8616	-10.777220	▁ਮਨ
8617	-10.777378	ంటే
8618	-10.777384	▁balance
8619	-10.777416	iana
8620	-10.777497	fall
8621	-10.777835	wood
8622	-10.777865	▁cuando
8623	-10.777920	ल्ल
8624	-10.777955	▁ভারতের
8625	-10.778131	▁ಕ್ಯಾ
8626	-10.778296	ಿಲ್ಲ
8627	-10.778695	▁means
8628	-10.779081	लों
8629	-10.779414	ரியா
8630	-10.779535	▁अधिकार
8631	-10.779660	▁ಅಲ್ಲಿ
8632	-10.779701	cula
8633	-10.779727	▁kecil
8634	-10.779902	ಿಕೆಯ
8635	-10.780074	▁dello
8636	-10.780155	▁त्याच्या
8637	-10.780581	ಪೆ
8638	-10.780603	ര്യ
8639	-10.781272	▁tanah
8640	-10.781706	▁ಹೆಚ್ಚ
8641	-10.781721	pit
8642	-10.781785	board
8643	-10.781940	्री
8644	-10.782036	▁religi
8645	-10.782082	▁fut
8646	-10.782141	▁ಹೆಸರು
8647	-10.782193	జ్
8648	-10.782199	▁தர
8649	-10.782207	ierung
8650	-10.782239	ುತ್ತಾನೆ
8651	-10.782282	cke
8652	-10.782743	▁mobil
8653	-10.782810	▁भगवान
8654	-10.783167	▁compre
8655	-10.783355	▁chr
8656	-10.783381	▁dentro
8657	-10.784003	▁گر
8658	-10.784107	স্থ
8659	-10.784213	মো
8660	-10.784414	▁লোক
8661	-10.784669	▁budget
8662	-10.785276	ിച്ചത്
8663	-10.785541	ਪੇ
8664	-10.785687	uda
8665	-10.785728	ుడి
8666	-10.785769	ിരിക്കുന്നു
8667	-10.785868	▁celle
8668	-10.785876	গ্রহ
8669	-10.785890	ைத்
8670	-10.785920	వ్
8671	-10.785927	ഭൂമി
8672	-10.785942	ല്
8673	-10.786092	yar
8674	-10.786239	▁año
8675	-10.786304	▁गाव
8676	-10.786538	▁جبکہ
8677	-10.786889	▁bem
8678	-10.787020	தன்
8679	-10.787103	രോഗ
8680	-10.787208	ున్న
8681	-10.787214	▁stop
8682	-10.787298	▁ফি
8683	-10.787300	ಟ್ಟಿ
8684	-10.787317	▁bell
8685	-10.787393	▁व्यक्ति
8686	-10.787395	▁novo
8687	-10.787460	స్వామి
8688	-10.787483	▁কলেজ
8689	-10.787555	▁چو
8690	-10.787848	▁sup
8691	-10.788203	ઓની
8692	-10.788299	ణం
8693	-10.788315	мон
8694	-10.788341	▁गाय
8695	-10.788351	ಪತ್ರ
8696	-10.788414	▁character
8697	-10.788414	▁ریاست
8698	-10.788416	മേഖല
8699	-10.788494	▁સહ
8700	-10.788524	lief
8701	-10.788527	▁دوران
8702	-10.788532	▁ইউ
8703	-10.788705	ਬੇ
8704	-10.789155	▁albert
8705	-10.789167	ização
8706	-10.789203	mine
8707	-10.789353	▁ਰਚਨਾ
8708	-10.789655	दृ
8709	-10.790046	ంధ
8710	-10.790271	▁ਘਰ
8711	-10.790315	▁தன்
8712	-10.790469	sper
8713	-10.790636	ਣੇ
8714	-10.790679	ഫോ
8715	-10.790744	слав
8716	-10.790756	ಭಾವ
8717	-10.790854	গঞ্জ
8718	-10.791052	களால்
8719	-10.791057	pé
8720	-10.791100	▁ऑफ
8721	-10.791440	▁neue
8722	-10.791471	ಪೂ
8723	-10.791511	લેન્ડ
8724	-10.791583	ಮುಖ
8725	-10.791812	జన
8726	-10.792036	▁six
8727	-10.792379	ਤਾਰ
8728	-10.792432	્રો
8729	-10.792680	ुक
8730	-10.792849	மன்
8731	-10.792872	homme
8732	-10.792875	पूर्वी
8733	-10.793089	ических
8734	-10.793219	▁અનુ
8735	-10.793288	▁ново
8736	-10.793291	vous
8737	-10.793534	▁ఓ
8738	-10.793549	ೆಂದರೆ
8739	-10.793899	బో
8740	-10.794061	▁option
8741	-10.794064	▁جہاں
8742	-10.794419	▁late
8743	-10.794451	ோர்
8744	-10.794840	▁river
8745	-10.794857	▁ਤੁ
8746	-10.794881	istes
8747	-10.795005	▁ఉత్పత్తి
8748	-10.795021	▁several
8749	-10.795097	▁royal
8750	-10.795280	icamente
8751	-10.795367	▁لوگوں
8752	-10.795527	صر
8753	-10.795565	ству
8754	-10.795618	▁khushi
8755	-10.795902	cara
8756	-10.795950	▁ਕਹਾਣੀ
8757	-10.795951	▁environment
8758	-10.795952	▁menurut
8759	-10.795954	▁época
8760	-10.795964	નાર
8761	-10.796104	స్తు
8762	-10.796450	▁musik
8763	-10.796471	స్తుంది
8764	-10.796518	तम
8765	-10.796825	rada
8766	-10.796880	▁পদ
8767	-10.796903	▁૧૮
8768	-10.796904	▁berasal
8769	-10.796928	▁drink
8770	-10.796975	▁сил
8771	-10.797235	cin
8772	-10.797238	സീ
8773	-10.797262	ாகும்
8774	-10.797629	▁ಮೈ
8775	-10.797698	ினால்
8776	-10.797706	tado
8777	-10.797748	সী
8778	-10.797750	రామ
8779	-10.797773	▁isn
8780	-10.797843	▁ekonomi
8781	-10.797986	▁ಮೂ
8782	-10.798103	gono
8783	-10.798131	▁सिंह
8784	-10.798210	▁ਜਾਂਦੇ
8785	-10.798253	▁später
8786	-10.798388	бл
8787	-10.798521	▁feder
8788	-10.798544	agem
8789	-10.798549	▁दोनों
8790	-10.798574	క్రమ
8791	-10.798598	▁día
8792	-10.798766	▁સ્વ
8793	-10.798918	▁ઘણી
8794	-10.799219	aki
8795	-10.799392	▁کرنا
8796	-10.799479	▁trend
8797	-10.799580	uro
8798	-10.799730	▁ഗോ
8799	-10.799740	▁हिंदी
8800	-10.799794	▁చాలా
8801	-10.799873	▁તેમજ
8802	-10.799889	▁production
8803	-10.799987	ித்த
8804	-10.800111	നിര
8805	-10.800131	ধি
8806	-10.800249	કુ
8807	-10.800340	▁francia
8808	-10.800377	ण्याची
8809	-10.800423	▁இடை
8810	-10.800480	▁hurt
8811	-10.800516	ತಿಯ
8812	-10.800690	▁крупн
8813	-10.800730	▁anderen
8814	-10.800778	▁schi
8815	-10.800937	▁relativ
8816	-10.800937	▁বড়
8817	-10.801090	వార
8818	-10.801305	क्षण
8819	-10.801489	▁समा
8820	-10.801600	▁report
8821	-10.802135	▁বলা
8822	-10.802222	▁ஆர்
8823	-10.802275	▁cru
8824	-10.802470	മാക്കി
8825	-10.802573	spor
8826	-10.802608	▁કપાસ
8827	-10.802636	ической
8828	-10.802691	lik
8829	-10.802746	▁cual
8830	-10.802862	▁level
8831	-10.802890	▁പെ
8832	-10.803057	र्स
8833	-10.803395	▁itna
8834	-10.803421	▁பாட
8835	-10.803469	▁மக்கள
8836	-10.803513	organ
8837	-10.803542	▁altre
8838	-10.803543	▁దర్శకత్వం
8839	-10.803544	▁இத்திரைப்பட
8840	-10.803582	▁états
8841	-10.803799	சன்
8842	-10.803980	setzt
8843	-10.804080	ಚ್
8844	-10.804081	rand
8845	-10.804132	▁apple
8846	-10.804313	ذا
8847	-10.804341	ിംഗ്
8848	-10.804497	▁प्रत्येक
8849	-10.804628	▁انسان
8850	-10.804737	ੇਟ
8851	-10.804756	▁ਸਿਰ
8852	-10.804758	രക്ഷ
8853	-10.805125	africa
8854	-10.805216	нь
8855	-10.805421	রাষ্ট্র
8856	-10.805522	▁completa
8857	-10.805560	▁eat
8858	-10.805636	▁escritor
8859	-10.805666	▁সব
8860	-10.805680	вет
8861	-10.805749	ел
8862	-10.805836	झा
8863	-10.805857	र्म
8864	-10.805918	organisation
8865	-10.806131	▁tim
8866	-10.806223	▁así
8867	-10.806275	▁award
8868	-10.806350	ನನ್ನು
8869	-10.806353	▁பிற
8870	-10.806461	▁ઉપર
8871	-10.806486	▁chu
8872	-10.806562	▁blue
8873	-10.806831	सु
8874	-10.806966	▁ਜੀਵਨ
8875	-10.806971	▁१६
8876	-10.807112	నూ
8877	-10.807149	▁général
8878	-10.807175	ща
8879	-10.807202	лож
8880	-10.807217	పడ
8881	-10.807363	kelompok
8882	-10.807409	▁near
8883	-10.807458	▁kitab
8884	-10.807539	▁periodo
8885	-10.807634	▁ڈی
8886	-10.807693	▁ideas
8887	-10.807745	വായ
8888	-10.807826	యో
8889	-10.807853	чер
8890	-10.807865	▁quali
8891	-10.807968	parti
8892	-10.808020	गम
8893	-10.808030	bian
8894	-10.808238	chan
8895	-10.808319	▁seluruh
8896	-10.808386	ंचे
8897	-10.808408	▁નિર્
8898	-10.808751	તાં
8899	-10.809278	▁ਪਾਕਿਸਤਾਨ
8900	-10.809355	▁যেমন
8901	-10.809404	▁divers
8902	-10.809470	dici
8903	-10.809668	त्री
8904	-10.809689	לה
8905	-10.809750	ూర్
8906	-10.809853	apan
8907	-10.810035	पु
8908	-10.810120	▁pont
8909	-10.810139	▁heute
8910	-10.810205	aksi
8911	-10.810211	▁partido
8912	-10.810264	▁chiesa
8913	-10.810569	രൂപ
8914	-10.810769	ర్మ
8915	-10.810792	▁رہی
8916	-10.811027	▁romano
8917	-10.811043	▁сер
8918	-10.811052	মের
8919	-10.811163	வர்கள்
8920	-10.811225	ेश
8921	-10.811284	▁எதிர்
8922	-10.811734	▁ersten
8923	-10.811819	ವೀ
8924	-10.812074	ಂಡ್
8925	-10.812156	▁समुद्र
8926	-10.812168	▁bentuk
8927	-10.812181	▁ready
8928	-10.812201	▁இரண்டு
8929	-10.812292	ರೈ
8930	-10.812303	शिया
8931	-10.812367	ങ്ങളിലും
8932	-10.812449	െന്ന
8933	-10.812670	ngkat
8934	-10.812687	zeug
8935	-10.812713	iden
8936	-10.812741	▁court
8937	-10.812980	ído
8938	-10.813012	وک
8939	-10.813096	ético
8940	-10.813503	cept
8941	-10.813655	തര
8942	-10.813684	▁ಚಾ
8943	-10.813773	ഠ
8944	-10.814032	সাম
8945	-10.814060	▁അട
8946	-10.814080	▁జనగణన
8947	-10.814083	▁ਵਲੋਂ
8948	-10.814084	▁candidat
8949	-10.814094	▁waktu
8950	-10.814120	कों
8951	-10.814247	вен
8952	-10.814283	▁कहते
8953	-10.814327	▁সেই
8954	-10.814328	ഗണ
8955	-10.814397	▁museum
8956	-10.814589	▁distribu
8957	-10.814653	▁नाग
8958	-10.814694	قا
8959	-10.814787	ుంది
8960	-10.815046	▁ਸਕੂਲ
8961	-10.815236	jur
8962	-10.815413	وال
8963	-10.815659	▁américa
8964	-10.815707	▁ഉപയോഗിച്ച
8965	-10.815803	১২
8966	-10.816117	▁अन
8967	-10.816120	assembl
8968	-10.816194	▁পাওয়া
8969	-10.816634	ેડ
8970	-10.816755	ਂਡ
8971	-10.816974	▁último
8972	-10.817029	വരെ
8973	-10.817105	ड्या
8974	-10.817484	কালে
8975	-10.817561	્રિ
8976	-10.817622	யம்
8977	-10.817799	ij
8978	-10.817903	interno
8979	-10.817941	ости
8980	-10.817993	ggio
8981	-10.818055	▁ಅವ
8982	-10.818100	ीने
8983	-10.818152	▁bekannt
8984	-10.818723	വൻ
8985	-10.818732	ંત
8986	-10.818878	ਰਮ
8987	-10.818879	کش
8988	-10.818904	rück
8989	-10.819140	accord
8990	-10.819598	ந்தி
8991	-10.819643	▁ఆయన
8992	-10.819906	ಚಾರ
8993	-10.819930	jak
8994	-10.820296	ിക്കുകയും
8995	-10.820374	▁साम्राज्य
8996	-10.820447	fran
8997	-10.820685	▁बनी
8998	-10.820736	▁touch
8999	-10.820844	۔
9000	-10.820943	ுள்
9001	-10.820957	▁jepang
9002	-10.821002	▁effet
9003	-10.821212	▁ਵਰਗ
9004	-10.821226	image
9005	-10.821259	▁studio
9006	-10.821342	ുകള
9007	-10.821403	состоя
9008	-10.821628	▁કારણ
9009	-10.821704	ਚੁ
9010	-10.821815	▁nouveau
9011	-10.821892	▁গ্রাম
9012	-10.822302	با
9013	-10.822310	ছা
9014	-10.822375	graf
9015	-10.822736	ത്തിയ
9016	-10.822794	▁യുദ്ധ
9017	-10.822928	▁damit
9018	-10.822963	▁క్ర
9019	-10.823003	ï
9020	-10.823187	తే
9021	-10.823548	ख़
9022	-10.823553	कारी
9023	-10.823633	▁ગુજરાતી
9024	-10.823772	▁água
9025	-10.823792	ਧੀ
9026	-10.823842	સં
9027	-10.823906	টার
9028	-10.824062	гов
9029	-10.824197	੍ਹ
9030	-10.824344	ਗਲ
9031	-10.824410	ुल
9032	-10.824468	рак
9033	-10.824502	histoire
9034	-10.824625	stell
9035	-10.824729	▁ചരിത്ര
9036	-10.824732	▁author
9037	-10.825026	▁sedangkan
9038	-10.825171	lock
9039	-10.825341	▁unka
9040	-10.825710	▁रचना
9041	-10.825712	દ્
9042	-10.825748	▁دونوں
9043	-10.825752	▁بچ
9044	-10.825928	▁വിള
9045	-10.826025	▁francese
9046	-10.826187	ரும்
9047	-10.826291	മുഖ
9048	-10.826677	▁ஆனால்
9049	-10.826734	▁encore
9050	-10.826784	स्व
9051	-10.826930	▁complete
9052	-10.826947	▁जात
9053	-10.827004	▁peu
9054	-10.827119	ક્ટ
9055	-10.827125	చేసి
9056	-10.827171	▁gla
9057	-10.827211	ose
9058	-10.827318	▁पास
9059	-10.827410	పెట్ట
9060	-10.827488	ച്
9061	-10.827550	લ્લ
9062	-10.827655	▁legisla
9063	-10.827671	▁code
9064	-10.827819	மோ
9065	-10.827826	▁source
9066	-10.827936	▁marzo
9067	-10.827990	भाग
9068	-10.828008	▁مج
9069	-10.828054	▁कॉ
9070	-10.828085	▁ಕೆಲಸ
9071	-10.828268	▁someone
9072	-10.828282	▁anak
9073	-10.828357	inde
9074	-10.828411	ул
9075	-10.828649	▁nothing
9076	-10.828774	▁selbst
9077	-10.829109	ক্ষা
9078	-10.829224	▁దేవ
9079	-10.829281	▁happened
9080	-10.829404	ંધ
9081	-10.829607	struktur
9082	-10.829615	▁enough
9083	-10.829693	यी
9084	-10.829719	ప్పుడు
9085	-10.829730	பை
9086	-10.829918	फि
9087	-10.829992	тель
9088	-10.830079	хи
9089	-10.830174	फल
9090	-10.830268	▁ಭಾರತ
9091	-10.830294	દાર
9092	-10.830332	ಕೊಡ
9093	-10.830442	یب
9094	-10.830547	▁ટકા
9095	-10.830586	▁church
9096	-10.830728	గొ
9097	-10.830821	лив
9098	-10.831032	▁પ્રો
9099	-10.831209	▁especial
9100	-10.831535	möglich
9101	-10.831561	ème
9102	-10.831565	▁pubblica
9103	-10.831565	▁ಸಂಗೀತ
9104	-10.831916	ामध्ये
9105	-10.832014	ಬೀ
9106	-10.832369	▁mondiale
9107	-10.832527	▁sala
9108	-10.832583	ടുത്ത
9109	-10.832630	▁अब
9110	-10.832905	பொருட்
9111	-10.832996	▁தூ
9112	-10.833126	रिक
9113	-10.833449	ont
9114	-10.833472	ళ్ల
9115	-10.833646	▁माना
9116	-10.833752	▁pessoas
9117	-10.833771	مو
9118	-10.834186	▁povo
9119	-10.834258	عی
9120	-10.834276	হু
9121	-10.834509	विज्ञान
9122	-10.834613	ಿಂದ
9123	-10.834816	पुरा
9124	-10.834949	ван
9125	-10.835045	▁अपना
9126	-10.835133	▁ઓળખ
9127	-10.835137	ദ്ധ്യ
9128	-10.835177	▁planet
9129	-10.835210	▁droit
9130	-10.835345	ੂਰ
9131	-10.835373	▁karti
9132	-10.835685	స్థ
9133	-10.835929	▁ಆಫ್
9134	-10.835962	▁обще
9135	-10.836143	▁garden
9136	-10.836594	gle
9137	-10.836650	▁afrika
9138	-10.836812	etti
9139	-10.836952	▁nobel
9140	-10.837104	மாகும்
9141	-10.837410	▁eleva
9142	-10.837512	िनी
9143	-10.837538	mbr
9144	-10.837543	▁ਫਿਰ
9145	-10.837584	మని
9146	-10.837681	▁ਬਾਰੇ
9147	-10.837738	▁christian
9148	-10.837833	పూర్
9149	-10.837885	▁só
9150	-10.837999	▁ਖੁ
9151	-10.838266	▁संख्या
9152	-10.838448	▁myself
9153	-10.838468	▁सैन्य
9154	-10.838926	▁hé
9155	-10.839200	فت
9156	-10.839403	ीच्या
9157	-10.839436	▁ఆఫీసు
9158	-10.839551	▁असलेल्या
9159	-10.840322	plu
9160	-10.840326	▁మండల
9161	-10.840426	▁ਫਿਲਮ
9162	-10.840472	▁japan
9163	-10.840528	▁उच्च
9164	-10.840681	▁जिस
9165	-10.840725	▁ਇਸਨੂੰ
9166	-10.840727	ળો
9167	-10.840764	fel
9168	-10.840765	▁वर्ग
9169	-10.840999	▁teoria
9170	-10.841049	▁भारताच्या
9171	-10.841072	▁actor
9172	-10.841311	ಕಾಲ
9173	-10.841727	ಿಗಳ
9174	-10.841781	пла
9175	-10.841915	ാണു
9176	-10.842090	▁ausge
9177	-10.842117	▁систем
9178	-10.842185	▁green
9179	-10.842199	▁força
9180	-10.842585	বী
9181	-10.842753	సే
9182	-10.842818	धान
9183	-10.842982	נו
9184	-10.843076	ान्त
9185	-10.843080	▁त्याने
9186	-10.843205	வில்லை
9187	-10.843450	▁ਰਹੇ
9188	-10.843554	ஷ்
9189	-10.843669	▁ഇത
9190	-10.844017	ಎಸ್
9191	-10.844213	एं
9192	-10.844336	▁momento
9193	-10.844421	ाल
9194	-10.844744	போ
9195	-10.844917	▁individu
9196	-10.844973	ार्थ
9197	-10.845055	▁আম
9198	-10.845279	வல
9199	-10.845327	અ
9200	-10.845397	▁chance
9201	-10.845535	दान
9202	-10.845782	illo
9203	-10.845843	लेली
9204	-10.845927	સ્ક
9205	-10.846114	▁जु
9206	-10.846217	▁jaise
9207	-10.846278	ಸೀ
9208	-10.846373	▁افراد
9209	-10.846373	▁ਯੂਨੀਵਰਸਿਟੀ
9210	-10.846432	nant
9211	-10.847164	▁konnte
9212	-10.847215	isola
9213	-10.847368	▁história
9214	-10.847368	▁ব্রিটিশ
9215	-10.847426	▁full
9216	-10.847556	▁utilisé
9217	-10.847648	▁বিষয়
9218	-10.847713	நா
9219	-10.848063	▁काळात
9220	-10.848348	▁ಸ್ಪ
9221	-10.848364	▁علاقے
9222	-10.848389	▁சேர்ந்த
9223	-10.848543	aggio
9224	-10.848557	▁sob
9225	-10.848642	ദ്യ
9226	-10.848738	ಂಟು
9227	-10.848876	▁cá
9228	-10.849021	▁took
9229	-10.849140	opera
9230	-10.849148	gol
9231	-10.849244	വിൽ
9232	-10.849276	க்கள்
9233	-10.849705	ാനുള്ള
9234	-10.849904	▁ಇವರು
9235	-10.849913	нер
9236	-10.850210	▁though
9237	-10.850227	வாய்
9238	-10.850358	ë
9239	-10.850374	న్నాయి
9240	-10.850383	ങ്ങൾക്ക്
9241	-10.850489	گل
9242	-10.850687	ंना
9243	-10.850699	▁tai
9244	-10.850778	▁पुत्र
9245	-10.850794	▁تص
9246	-10.850815	mont
9247	-10.850903	fach
9248	-10.851174	▁scar
9249	-10.851206	▁invi
9250	-10.851274	spiel
9251	-10.851358	▁ব্যবস্থা
9252	-10.851383	gruppe
9253	-10.851669	▁volume
9254	-10.851756	ట్ల
9255	-10.851796	сы
9256	-10.851839	▁தமிழ
9257	-10.851905	лич
9258	-10.852244	▁coloni
9259	-10.852345	▁sudah
9260	-10.852358	▁terbesar
9261	-10.852359	▁ಹಲವು
9262	-10.852706	णारे
9263	-10.852840	fil
9264	-10.853047	ેસ
9265	-10.853148	চিত্র
9266	-10.853518	▁ठेव
9267	-10.853536	▁വടക്ക
9268	-10.853591	▁termo
9269	-10.853628	গান
9270	-10.853642	નુ
9271	-10.853948	▁commun
9272	-10.854283	▁பெயர
9273	-10.854414	ável
9274	-10.854499	▁વ્યક્તિ
9275	-10.854570	मुख
9276	-10.854734	▁পু
9277	-10.854820	चि
9278	-10.854960	ился
9279	-10.855040	▁ilha
9280	-10.855089	▁maioria
9281	-10.855151	ادی
9282	-10.855158	ಂದಿ
9283	-10.855182	▁desa
9284	-10.855246	ੈਸ
9285	-10.855375	▁ਦਿੱਤੀ
9286	-10.855387	▁adapt
9287	-10.855489	ому
9288	-10.855522	െന്നും
9289	-10.855544	▁கருத
9290	-10.855563	▁finally
9291	-10.855619	भाष
9292	-10.855622	tici
9293	-10.855777	▁mad
9294	-10.856057	▁вос
9295	-10.856578	▁stesso
9296	-10.856887	രെ
9297	-10.856924	▁ఉండ
9298	-10.856967	▁jour
9299	-10.857018	punkt
9300	-10.857046	▁recent
9301	-10.857161	▁orden
9302	-10.857232	ár
9303	-10.857290	▁deutschen
9304	-10.857858	▁classifica
9305	-10.857899	▁कह
9306	-10.857925	бр
9307	-10.857967	▁ફા
9308	-10.858193	पन
9309	-10.858195	ങ്ങളില
9310	-10.858380	▁അവസാന
9311	-10.858392	ઉત્પાદન
9312	-10.858397	▁ઉપરાંત
9313	-10.858440	ಬೇಕು
9314	-10.858473	▁बांध
9315	-10.858593	▁aveva
9316	-10.858660	italia
9317	-10.858665	ക്കോ
9318	-10.858809	ക്ഷി
9319	-10.859147	▁villa
9320	-10.859386	▁españa
9321	-10.859404	▁മല
9322	-10.859433	▁ഭൂ
9323	-10.859561	▁என்றும்
9324	-10.859958	voca
9325	-10.859972	▁લખ
9326	-10.860011	▁tutti
9327	-10.860061	رم
9328	-10.860143	xo
9329	-10.860221	فا
9330	-10.860286	खर
9331	-10.860394	▁सदस्य
9332	-10.860427	▁return
9333	-10.860542	▁мая
9334	-10.860581	▁советский
9335	-10.861018	зе
9336	-10.861236	कट
9337	-10.861403	▁sendiri
9338	-10.861412	▁toute
9339	-10.861462	▁നടന്ന
9340	-10.861467	▁bangsa
9341	-10.861634	ാക
9342	-10.861656	▁കേന്ദ്ര
9343	-10.862048	▁चीन
9344	-10.862114	راج
9345	-10.862184	dang
9346	-10.862427	▁दिवस
9347	-10.862612	లేదు
9348	-10.862832	▁वाढ
9349	-10.863326	ுவத
9350	-10.863333	▁মত
9351	-10.863343	തായി
9352	-10.863506	▁പേര
9353	-10.863762	rà
9354	-10.863894	▁ਕਵੀ
9355	-10.863993	▁constant
9356	-10.864238	▁দেয়
9357	-10.864297	▁erst
9358	-10.864307	ниц
9359	-10.864489	▁primi
9360	-10.864525	lice
9361	-10.864581	▁einige
9362	-10.864774	▁step
9363	-10.865038	▁drive
9364	-10.865052	▁కె
9365	-10.865184	തിൽ
9366	-10.865187	▁soon
9367	-10.865426	நி
9368	-10.865449	ੈਕਟ
9369	-10.865460	ppi
9370	-10.865715	hof
9371	-10.865790	టర్
9372	-10.866115	▁leurs
9373	-10.866310	▁humano
9374	-10.866464	▁ejemplo
9375	-10.866549	బడింది
9376	-10.866564	▁بڑا
9377	-10.866613	▁बढ़
9378	-10.866654	▁move
9379	-10.866771	▁അഭി
9380	-10.866857	▁стол
9381	-10.867019	▁write
9382	-10.867076	लेले
9383	-10.867229	▁suku
9384	-10.867255	▁avant
9385	-10.867279	▁ਵਧ
9386	-10.867763	▁ಇಲ್ಲ
9387	-10.867984	கிறது
9388	-10.868065	द्
9389	-10.868101	തന്നെ
9390	-10.868205	क्क
9391	-10.868252	യേ
9392	-10.868376	tail
9393	-10.868585	▁ಧರ್ಮ
9394	-10.868694	▁resist
9395	-10.868715	ம்பு
9396	-10.868763	મણ
9397	-10.868793	▁revi
9398	-10.868819	▁fix
9399	-10.868947	वत
9400	-10.869039	▁road
9401	-10.869043	vide
9402	-10.869226	▁ভারত
9403	-10.869240	োল
9404	-10.869265	ത്വ
9405	-10.869426	onne
9406	-10.869518	ಯೆ
9407	-10.869538	▁appear
9408	-10.869549	▁aunque
9409	-10.869659	खी
9410	-10.869709	▁ప్రా
9411	-10.870372	bud
9412	-10.870570	ന്മാർ
9413	-10.870617	▁quello
9414	-10.870645	▁hitler
9415	-10.870790	▁আইন
9416	-10.870816	▁महाराज
9417	-10.871046	▁cin
9418	-10.871094	▁tecn
9419	-10.871168	ಿಸುತ್ತದೆ
9420	-10.871196	िम
9421	-10.871385	▁ਬੋਲ
9422	-10.871390	▁importantes
9423	-10.871506	▁toda
9424	-10.871552	▁درمیان
9425	-10.871563	▁ఇతర
9426	-10.871671	▁conclu
9427	-10.871986	ью
9428	-10.872260	▁न्यू
9429	-10.872268	ડિયા
9430	-10.872514	ജന
9431	-10.872695	▁ಪಡೆಯ
9432	-10.872749	astro
9433	-10.872753	ನ್ಯಾ
9434	-10.872764	▁utili
9435	-10.872826	▁بات
9436	-10.872972	para
9437	-10.873126	▁উপজেলার
9438	-10.873226	▁extrem
9439	-10.873239	মন
9440	-10.873254	णारा
9441	-10.873292	ville
9442	-10.873443	મત
9443	-10.873526	psi
9444	-10.873540	▁കൂട്ട
9445	-10.873541	▁mc
9446	-10.873592	▁technology
9447	-10.873592	▁મહત્વ
9448	-10.873610	utan
9449	-10.873878	▁continua
9450	-10.873888	ਸਲ
9451	-10.873917	▁ਕਰਕੇ
9452	-10.873988	ਵਾਈ
9453	-10.874002	▁முன்
9454	-10.874013	সু
9455	-10.874298	సె
9456	-10.874389	▁ஒன்று
9457	-10.874400	weg
9458	-10.874555	▁jam
9459	-10.874635	ാറുണ്ട്
9460	-10.874764	▁ਅੰਗਰੇਜ਼ੀ
9461	-10.874778	ভূ
9462	-10.874837	ுள்ளது
9463	-10.874846	ఒ
9464	-10.875505	gram
9465	-10.875733	ghi
9466	-10.875842	कुमार
9467	-10.875962	▁interna
9468	-10.876029	▁tiga
9469	-10.876048	слов
9470	-10.876051	نہ
9471	-10.876064	▁гор
9472	-10.876393	▁जून
9473	-10.876406	▁bereits
9474	-10.876438	▁വെള്ള
9475	-10.876591	▁hace
9476	-10.876638	▁অন্য
9477	-10.876664	▁thomas
9478	-10.876889	▁হে
9479	-10.877247	मार्ग
9480	-10.877296	▁taking
9481	-10.877343	▁fire
9482	-10.877425	ವಿದೆ
9483	-10.877503	▁num
9484	-10.877687	▁medio
9485	-10.877689	▁شخص
9486	-10.877693	▁argentina
9487	-10.877735	nah
9488	-10.877866	▁થયેલી
9489	-10.877984	نز
9490	-10.878016	ован
9491	-10.878017	▁ನೋಡ
9492	-10.878185	ਦੂ
9493	-10.878337	வேண்டும்
9494	-10.878442	৯৫
9495	-10.878541	lho
9496	-10.878662	నె
9497	-10.878890	▁learning
9498	-10.878904	▁frank
9499	-10.878963	них
9500	-10.879532	▁glo
9501	-10.879743	▁windows
9502	-10.879757	▁sarah
9503	-10.879861	யின
9504	-10.879893	বস
9505	-10.880232	ওয়ে
9506	-10.880291	ಚೆ
9507	-10.880410	▁जातो
9508	-10.880592	اً
9509	-10.880671	▁confi
9510	-10.880813	িয়ান
9511	-10.881171	ರೂಪ
9512	-10.881180	म्प
9513	-10.881490	ਸਿ
9514	-10.881691	▁ihr
9515	-10.881714	স্প
9516	-10.882126	▁против
9517	-10.882190	ccio
9518	-10.882369	ize
9519	-10.882388	చంద్ర
9520	-10.882483	gger
9521	-10.882497	▁அந்த
9522	-10.882664	▁coup
9523	-10.882677	▁माल
9524	-10.882692	▁matter
9525	-10.882780	ಕ್ಕೂ
9526	-10.882784	тин
9527	-10.882822	▁talking
9528	-10.882839	▁negeri
9529	-10.882923	સ્ટ્ર
9530	-10.882950	▁இங்கு
9531	-10.882987	ఫ్
9532	-10.883000	economia
9533	-10.883029	▁domini
9534	-10.883125	▁стар
9535	-10.883326	▁sound
9536	-10.883361	▁ਮੌਤ
9537	-10.883500	▁ಅವನ
9538	-10.884108	▁કહે
9539	-10.884134	ுதல்
9540	-10.884238	வரை
9541	-10.884261	▁що
9542	-10.884454	ਚਿ
9543	-10.884529	istic
9544	-10.884655	eng
9545	-10.884833	বু
9546	-10.885339	▁story
9547	-10.885375	لام
9548	-10.885392	▁تع
9549	-10.886293	▁rede
9550	-10.886304	चित
9551	-10.886489	রাম
9552	-10.886610	▁lit
9553	-10.886755	▁donde
9554	-10.886783	▁libre
9555	-10.886904	▁planeta
9556	-10.886968	▁రచయిత
9557	-10.886991	министр
9558	-10.887005	▁જન્મ
9559	-10.887111	▁இயக்க
9560	-10.887156	▁seni
9561	-10.887177	usa
9562	-10.887410	ெய்
9563	-10.887432	служ
9564	-10.887547	ול
9565	-10.887635	gó
9566	-10.887755	्रा
9567	-10.887783	্যু
9568	-10.888020	করণ
9569	-10.888088	ময়
9570	-10.888103	ம்பி
9571	-10.888144	ট্র
9572	-10.888228	▁جاتے
9573	-10.888422	▁xvi
9574	-10.888724	ismus
9575	-10.888920	▁दुर्
9576	-10.888933	▁دن
9577	-10.889032	▁fau
9578	-10.889255	▁কাছে
9579	-10.889309	கே
9580	-10.889346	▁பாடல்
9581	-10.889404	▁temps
9582	-10.889580	▁sering
9583	-10.889610	▁luas
9584	-10.889691	dak
9585	-10.889809	▁affi
9586	-10.889889	െടുത്ത
9587	-10.890063	ശേഷം
9588	-10.890079	▁ಬಹಳ
9589	-10.890104	عد
9590	-10.890194	▁están
9591	-10.890214	مت
9592	-10.890273	▁ਕੰ
9593	-10.890475	জু
9594	-10.890506	▁dance
9595	-10.890519	нию
9596	-10.890526	запад
9597	-10.890542	цию
9598	-10.890795	ാൾ
9599	-10.890912	▁formal
9600	-10.890967	▁juan
9601	-10.891067	▁ત્રણ
9602	-10.891073	ద్ధ
9603	-10.891118	▁ਦੌਰਾਨ
9604	-10.891126	▁challenge
9605	-10.891571	▁સ્થળ
9606	-10.891635	▁मानव
9607	-10.891729	изм
9608	-10.891730	lauf
9609	-10.891934	orient
9610	-10.891983	▁لوگ
9611	-10.892023	▁tous
9612	-10.892179	▁வேறு
9613	-10.892200	गल
9614	-10.892391	▁chiama
9615	-10.892522	▁wahan
9616	-10.892776	▁இசை
9617	-10.892787	▁সর্ব
9618	-10.893056	બ્ર
9619	-10.893203	▁wrong
9620	-10.893211	▁ലഭിച്ച
9621	-10.893250	▁союз
9622	-10.893390	▁ಕಂಡು
9623	-10.893401	▁अशा
9624	-10.893457	ത്തിലുള്ള
9625	-10.893504	▁costru
9626	-10.893915	place
9627	-10.893944	▁জীবন
9628	-10.893967	kom
9629	-10.893978	‌ನ
9630	-10.893985	▁कमी
9631	-10.894243	▁जिसमें
9632	-10.894243	▁ब्रिटिश
9633	-10.894251	▁தொடங்க
9634	-10.894394	▁follow
9635	-10.894502	ഞ്ഞു
9636	-10.894523	▁wir
9637	-10.894526	▁ਜਿਹ
9638	-10.894858	▁వ్యవసాయ
9639	-10.895004	▁పొంద
9640	-10.895226	цк
9641	-10.895239	▁अंत
9642	-10.895288	▁ಪೂರ್ವ
9643	-10.895304	ਲ੍ਹ
9644	-10.895400	ಕರು
9645	-10.895400	▁બદલ
9646	-10.895528	▁clar
9647	-10.895688	hold
9648	-10.895951	ਰਜ
9649	-10.896203	ਿਊ
9650	-10.896321	അ
9651	-10.896338	▁ਕੀਤੇ
9652	-10.896354	ડિ
9653	-10.896480	▁பேர்
9654	-10.896500	▁অর্থ
9655	-10.896502	▁కేంద్రంలో
9656	-10.896777	▁கண
9657	-10.897133	▁مک
9658	-10.897419	▁coming
9659	-10.897447	▁થયા
9660	-10.897499	കൊണ്ടു
9661	-10.897950	▁offer
9662	-10.897962	ढ़
9663	-10.897996	ಪೋ
9664	-10.898187	ант
9665	-10.898210	wand
9666	-10.898274	▁month
9667	-10.898280	ੱਚ
9668	-10.898306	બ્લ
9669	-10.898425	▁এখানে
9670	-10.898426	▁zijn
9671	-10.898684	▁death
9672	-10.898768	▁furono
9673	-10.898970	তর
9674	-10.899121	▁گھر
9675	-10.899339	▁عبد
9676	-10.899434	▁express
9677	-10.899454	▁কেন্দ্র
9678	-10.899473	ದರ್ಶನ
9679	-10.899473	▁নতুন
9680	-10.899473	▁થયું
9681	-10.899487	▁league
9682	-10.899716	ации
9683	-10.899866	న్‌
9684	-10.899921	▁இவை
9685	-10.900026	▁born
9686	-10.900271	സു
9687	-10.900348	▁erfolg
9688	-10.900504	वादी
9689	-10.900523	▁پہلی
9690	-10.900525	▁sementara
9691	-10.900749	ej
9692	-10.900853	▁destaca
9693	-10.901259	▁oriental
9694	-10.901388	miento
9695	-10.901406	▁orbit
9696	-10.901436	tron
9697	-10.901436	தன
9698	-10.901573	▁उपलब्ध
9699	-10.901573	▁ఇద్దరు
9700	-10.901592	▁example
9701	-10.901670	▁പൊതു
9702	-10.901709	▁certains
9703	-10.901974	ుకున్న
9704	-10.901986	ಜನ
9705	-10.902514	äu
9706	-10.902530	ским
9707	-10.902669	▁ત્યાં
9708	-10.902828	well
9709	-10.902878	కుడు
9710	-10.903165	೨೦೦
9711	-10.903362	▁sí
9712	-10.903379	кур
9713	-10.903413	gestellt
9714	-10.903580	ർത്ഥ
9715	-10.903652	▁ಸ್ಥಳ
9716	-10.903677	▁structure
9717	-10.903677	▁território
9718	-10.903684	▁explore
9719	-10.903737	ധ്യ
9720	-10.903780	▁police
9721	-10.903915	isce
9722	-10.904086	ví
9723	-10.904095	äl
9724	-10.904152	ರ್ಥ
9725	-10.904329	ಂಧ
9726	-10.904418	▁thing
9727	-10.904474	מה
9728	-10.904518	це
9729	-10.904534	▁നൂറ്റാണ്ട
9730	-10.904547	ரண
9731	-10.904681	▁agree
9732	-10.904736	▁bersama
9733	-10.904779	▁sac
9734	-10.904837	▁কবি
9735	-10.904964	க்கை
9736	-10.905048	▁పాట
9737	-10.905239	▁ചു
9738	-10.905253	▁તેનો
9739	-10.905457	दु
9740	-10.905698	એન
9741	-10.905746	▁લાગ
9742	-10.905787	▁tiempo
9743	-10.905788	▁enquanto
9744	-10.906015	பர்
9745	-10.906016	▁combat
9746	-10.906052	ളം
9747	-10.906091	▁സഹ
9748	-10.906239	▁தமிழ்த்
9749	-10.906314	نو
9750	-10.906368	▁gö
9751	-10.906470	etto
9752	-10.906527	dou
9753	-10.906629	▁comprend
9754	-10.906654	▁সাল
9755	-10.906664	ત્ય
9756	-10.906733	▁પરિ
9757	-10.906847	▁football
9758	-10.906856	▁июля
9759	-10.906898	кон
9760	-10.906914	ಾನ್
9761	-10.906984	▁మొదటి
9762	-10.907163	ক্ট
9763	-10.907277	▁groupe
9764	-10.907470	rí
9765	-10.907584	▁আব
9766	-10.907653	ator
9767	-10.907677	▁کہتے
9768	-10.907900	▁tôi
9769	-10.907905	▁seguito
9770	-10.907907	পাল
9771	-10.907907	▁અલગ
9772	-10.908075	لینڈ
9773	-10.908142	▁सेवा
9774	-10.908490	સ્થ
9775	-10.908691	घाट
9776	-10.908748	ಗ್ಗ
9777	-10.908757	ਵਲ
9778	-10.908929	തൃ
9779	-10.908949	▁resto
9780	-10.908958	▁زندگی
9781	-10.908961	▁fonction
9782	-10.909150	▁சட்ட
9783	-10.909161	▁विभाग
9784	-10.909528	бо
9785	-10.910016	▁difficult
9786	-10.910018	lier
9787	-10.910103	▁জন্ম
9788	-10.910105	▁ocupa
9789	-10.910227	ર્ગ
9790	-10.910267	▁development
9791	-10.910279	▁കേ
9792	-10.910543	▁آر
9793	-10.910706	ள்ளி
9794	-10.910820	gul
9795	-10.911077	▁através
9796	-10.911095	స్తా
9797	-10.911327	▁માર્
9798	-10.911355	ários
9799	-10.911493	தான
9800	-10.911736	ોએ
9801	-10.911786	ത്തിന
9802	-10.911949	▁remain
9803	-10.912017	جھ
9804	-10.912352	ghe
9805	-10.912617	wie
9806	-10.912632	ಾಲಯ
9807	-10.913112	ുന്നതിനു
9808	-10.913213	▁alter
9809	-10.913291	▁sejarah
9810	-10.913343	▁musical
9811	-10.913465	▁leave
9812	-10.913611	तून
9813	-10.913680	ക്കാൻ
9814	-10.914121	ద్య
9815	-10.914272	▁improve
9816	-10.914381	▁richard
9817	-10.915330	▁сентября
9818	-10.915330	▁نظام
9819	-10.915336	▁conquista
9820	-10.915401	▁children
9821	-10.915414	ística
9822	-10.915447	azioni
9823	-10.915569	▁norma
9824	-10.915815	ಧಾರ
9825	-10.916066	off
9826	-10.916212	lumin
9827	-10.916396	▁వస్తువులు
9828	-10.916423	▁म्हणतात
9829	-10.916445	દાન
9830	-10.916494	ಿಯನ್ನು
9831	-10.916809	ਬੂ
9832	-10.916814	▁tir
9833	-10.916879	▁നിറ
9834	-10.916892	രാജ
9835	-10.917232	ڈر
9836	-10.917233	ರ್ವ
9837	-10.917478	▁former
9838	-10.917531	▁louis
9839	-10.917558	▁विषय
9840	-10.917604	्वा
9841	-10.917850	▁పాత్ర
9842	-10.917950	вин
9843	-10.917977	ланд
9844	-10.918214	১৩
9845	-10.918255	▁petit
9846	-10.918377	▁habe
9847	-10.918428	▁ਸਦੀ
9848	-10.918678	▁சொ
9849	-10.918697	▁ਹੁਣ
9850	-10.919016	ರಾಜ
9851	-10.919029	▁poco
9852	-10.919235	▁groß
9853	-10.919559	▁khana
9854	-10.919601	్రాథమికోన్నత
9855	-10.919601	▁commercial
9856	-10.919721	ന്മാര
9857	-10.919724	मल
9858	-10.919755	▁serious
9859	-10.919781	▁então
9860	-10.920012	▁proto
9861	-10.920033	▁രണ്ടു
9862	-10.920143	ستان
9863	-10.920254	gü
9864	-10.920289	▁கூட்ட
9865	-10.920375	▁فوج
9866	-10.920396	▁série
9867	-10.920672	эконом
9868	-10.920774	▁غیر
9869	-10.920816	ುವುದಿಲ್ಲ
9870	-10.920857	▁ogni
9871	-10.921142	ங்கா
9872	-10.921278	wh
9873	-10.921307	▁тем
9874	-10.921362	▁मार
9875	-10.921422	రూప
9876	-10.921536	пол
9877	-10.921679	ાંત
9878	-10.921725	▁அக
9879	-10.921743	▁января
9880	-10.921865	▁austria
9881	-10.921867	▁లోపు
9882	-10.921988	श्व
9883	-10.922012	ਨਿ
9884	-10.922103	▁மெ
9885	-10.922352	▁actually
9886	-10.922416	ப்பட்டு
9887	-10.922433	▁বর্তমানে
9888	-10.922461	▁रही
9889	-10.922640	▁minute
9890	-10.922817	▁शामिल
9891	-10.922825	▁ਵਿਸ਼ਵ
9892	-10.923085	kur
9893	-10.923153	മ്പ്
9894	-10.923248	పల్లి
9895	-10.923254	▁planning
9896	-10.923433	ાઓ
9897	-10.923726	लेला
9898	-10.923808	ਤਰੀ
9899	-10.923902	▁سکتا
9900	-10.923972	▁શરૂ
9901	-10.924033	వ్వ
9902	-10.924325	ట్లు
9903	-10.924417	▁ਗੁਰ
9904	-10.924422	મ્
9905	-10.924560	▁foto
9906	-10.924738	ierten
9907	-10.924966	കൃഷ്ണ
9908	-10.925053	▁ધર્મ
9909	-10.925076	▁ஆண்டில்
9910	-10.925139	ੱਧ
9911	-10.925259	വേദ
9912	-10.925264	മുണ്ട്
9913	-10.925447	▁ವಸ್ತು
9914	-10.925643	idi
9915	-10.925771	▁அரு
9916	-10.925930	ается
9917	-10.926043	▁около
9918	-10.926043	▁मार्च
9919	-10.926078	▁neben
9920	-10.926089	ٰ
9921	-10.926103	▁शिक्षण
9922	-10.926214	യ്ക്കു
9923	-10.926826	ાળ
9924	-10.926902	▁center
9925	-10.926972	न्त
9926	-10.927120	दरम्यान
9927	-10.927120	▁ઘઉં
9928	-10.927128	▁setiap
9929	-10.927185	▁બીજા
9930	-10.927257	પૂ
9931	-10.927395	▁vir
9932	-10.927878	ਾਏ
9933	-10.928024	ên
9934	-10.928038	ലം
9935	-10.928046	cata
9936	-10.928199	▁novembre
9937	-10.928266	▁زمین
9938	-10.928267	▁યુદ્ધ
9939	-10.928269	jun
9940	-10.928383	ог
9941	-10.928608	രംഗ
9942	-10.928691	▁alam
9943	-10.929110	ены
9944	-10.929139	▁چار
9945	-10.929162	лы
9946	-10.929170	▁maa
9947	-10.929191	sprache
9948	-10.929279	▁género
9949	-10.929280	▁coffee
9950	-10.929417	ത്രി
9951	-10.929505	पेक्षा
9952	-10.929578	▁bumi
9953	-10.929585	argent
9954	-10.929617	وز
9955	-10.929680	▁കരുത
9956	-10.929739	▁rom
9957	-10.930107	▁player
9958	-10.930305	ములో
9959	-10.930360	▁इसमें
9960	-10.930360	▁జాతీయ
9961	-10.930360	▁ಸಾಮಾನ್ಯವಾಗಿ
9962	-10.930361	▁souvent
9963	-10.930500	▁inicia
9964	-10.930545	▁hill
9965	-10.930609	leb
9966	-10.930706	▁create
9967	-10.930713	ಂಥ
9968	-10.930733	▁ਮਹਿ
9969	-10.930886	યોગ
9970	-10.931132	▁করেছেন
9971	-10.931228	▁duas
9972	-10.931442	▁سلطنت
9973	-10.931793	▁கலை
9974	-10.932240	▁reforma
9975	-10.932526	▁oktober
9976	-10.932526	▁మాధ్యమిక
9977	-10.932606	▁date
9978	-10.932783	ಿಂಗ್
9979	-10.933103	പ്പെടുന്ന
9980	-10.933141	▁baik
9981	-10.933149	▁muitos
9982	-10.933370	▁chile
9983	-10.933388	ڑی
9984	-10.933572	▁நட
9985	-10.933593	ऐ
9986	-10.933610	▁তখন
9987	-10.933714	▁ठर
9988	-10.933807	പാട
9989	-10.933907	при
9990	-10.933928	uso
9991	-10.934069	▁memper
9992	-10.934093	▁শিল্প
9993	-10.934156	quo
9994	-10.934348	બ્
9995	-10.934630	▁check
9996	-10.934689	▁பெண்
9997	-10.934704	▁ਧਰਮ
9998	-10.934775	енных
9999	-10.934858	▁tingkat
10000	-10.934902	▁bot
10001	-10.935048	▁rein
10002	-10.935212	funk
10003	-10.935350	ாமல்
10004	-10.935375	करी
10005	-10.935612	ലക്ഷ
10006	-10.935719	▁সম্
10007	-10.935783	▁différent
10008	-10.935783	▁फ़िल्म
10009	-10.935786	▁قدیم
10010	-10.935840	▁ക്രി
10011	-10.935856	زم
10012	-10.935885	▁त्यांचे
10013	-10.935889	▁કેન્દ્ર
10014	-10.936131	▁permet
10015	-10.936164	▁పొ
10016	-10.936185	zug
10017	-10.936269	▁musim
10018	-10.936872	▁posterior
10019	-10.936872	▁conjunto
10020	-10.936913	ल्ड
10021	-10.936914	▁janeiro
10022	-10.936961	▁ಬೆಳೆ
10023	-10.937078	ंध
10024	-10.937416	▁ಭೂ
10025	-10.937549	▁ابن
10026	-10.937769	rad
10027	-10.937826	ದ್ಯ
10028	-10.937958	▁دل
10029	-10.937961	▁berdasarkan
10030	-10.937961	▁апреля
10031	-10.937961	▁ಪ್ರಾರಂಭ
10032	-10.938040	▁خاص
10033	-10.938099	▁impact
10034	-10.938114	▁aku
10035	-10.938148	▁सेना
10036	-10.938183	▁situation
10037	-10.938239	▁consiste
10038	-10.938417	▁தாக்க
10039	-10.938431	க்கப்பட்டது
10040	-10.938457	ਕਾਰੀ
10041	-10.938525	▁тре
10042	-10.938691	зо
10043	-10.938707	ோடு
10044	-10.938738	धार
10045	-10.938990	▁مست
10046	-10.939051	▁सुरुवात
10047	-10.939118	ായിരുന്ന
10048	-10.939214	▁quindi
10049	-10.939246	ಕರಣ
10050	-10.939286	ించే
10051	-10.939656	দেব
10052	-10.939716	kirche
10053	-10.939832	▁menor
10054	-10.939881	жен
10055	-10.940143	▁rappresenta
10056	-10.940173	ধু
10057	-10.940319	▁ઘટ
10058	-10.940399	ಧ್ಯ
10059	-10.940587	▁travail
10060	-10.940715	▁estos
10061	-10.940764	▁கண்ட
10062	-10.941241	ுகிறார்
10063	-10.941248	▁નવ
10064	-10.941369	എം
10065	-10.941574	▁१२
10066	-10.941813	ालय
10067	-10.941870	ائر
10068	-10.942444	ально
10069	-10.942572	▁rima
10070	-10.942608	ికి
10071	-10.942698	గల
10072	-10.942951	জী
10073	-10.942954	▁table
10074	-10.943001	▁ജല
10075	-10.943108	▁boy
10076	-10.943435	▁ਵਿਆਹ
10077	-10.943624	రుగు
10078	-10.943640	▁wenn
10079	-10.944251	െയ്
10080	-10.944412	▁महत्त्व
10081	-10.944414	▁faire
10082	-10.944524	▁называ
10083	-10.944586	આર
10084	-10.944747	اص
10085	-10.944754	ப்பகுதி
10086	-10.944936	సూ
10087	-10.945296	▁പൊ
10088	-10.945410	ਰਿ
10089	-10.945687	▁دیگر
10090	-10.945764	ർക്ക്
10091	-10.945846	রিয়া
10092	-10.946092	ಂಡಿ
10093	-10.946132	▁начал
10094	-10.946321	मर
10095	-10.946353	▁accept
10096	-10.946512	▁جانے
10097	-10.946712	culo
10098	-10.946736	▁così
10099	-10.946779	▁करती
10100	-10.947245	મ્બ
10101	-10.947269	▁ट्र
10102	-10.947818	ư
10103	-10.947818	▁francisco
10104	-10.947822	▁ਤਿੰਨ
10105	-10.947824	▁stelle
10106	-10.947827	▁זה
10107	-10.947862	▁lost
10108	-10.948002	ટલ
10109	-10.948112	കൾക്ക്
10110	-10.948287	ಲಿನ
10111	-10.948412	▁assist
10112	-10.948511	യാണ്‌
10113	-10.948559	▁body
10114	-10.948603	▁सूर्य
10115	-10.948679	ിക്കാൻ
10116	-10.948920	▁શબ્દ
10117	-10.949123	▁असतात
10118	-10.949131	দী
10119	-10.949147	▁menschen
10120	-10.949472	atlant
10121	-10.949604	▁wy
10122	-10.949822	▁विमान
10123	-10.950022	▁ہزار
10124	-10.950255	▁उत्
10125	-10.950272	▁deutsche
10126	-10.950322	▁અર્થ
10127	-10.950417	▁ಕೆಲ
10128	-10.950477	▁xix
10129	-10.950519	лит
10130	-10.950741	▁valle
10131	-10.950850	चर
10132	-10.950888	ические
10133	-10.950957	ക്കുന്നു
10134	-10.951139	▁شاعر
10135	-10.951181	▁street
10136	-10.951307	ыми
10137	-10.951311	ание
10138	-10.951316	▁prove
10139	-10.951319	gian
10140	-10.951592	گا
10141	-10.951683	▁tenta
10142	-10.951958	▁risk
10143	-10.952072	▁provide
10144	-10.952106	lek
10145	-10.952240	ಡೆಯ
10146	-10.952294	কল
10147	-10.952341	िता
10148	-10.952385	▁లక్ష
10149	-10.952445	▁ترین
10150	-10.952472	র্থ
10151	-10.952630	ુક
10152	-10.952716	▁பொது
10153	-10.952938	ਪਾਲ
10154	-10.953158	▁જીવન
10155	-10.953185	▁કોઇ
10156	-10.953248	ಚರ
10157	-10.953290	ിട്ടുള്ള
10158	-10.953337	▁однако
10159	-10.953362	▁மனித
10160	-10.953506	euse
10161	-10.953528	▁juni
10162	-10.953568	▁પાસે
10163	-10.953757	▁બની
10164	-10.953895	▁પ્રા
10165	-10.954355	feld
10166	-10.954368	▁સ્થાન
10167	-10.954445	▁sweet
10168	-10.954473	▁شمار
10169	-10.954919	اتی
10170	-10.955029	બન
10171	-10.955102	▁आली
10172	-10.955115	▁sir
10173	-10.955243	▁mot
10174	-10.955245	▁african
10175	-10.955553	▁ಹಲವಾರು
10176	-10.955556	▁ਪ੍ਰਭਾਵ
10177	-10.955675	▁community
10178	-10.955799	▁connect
10179	-10.956055	য়ী
10180	-10.956219	тон
10181	-10.956766	▁banana
10182	-10.956856	ിക്കപ്പെട്ട
10183	-10.956946	▁concern
10184	-10.957032	рос
10185	-10.957103	riz
10186	-10.957168	ेन
10187	-10.957217	ീകരിക്ക
10188	-10.957324	ída
10189	-10.957608	▁cult
10190	-10.957671	திய
10191	-10.957816	▁എന്നാണ്
10192	-10.957820	▁మొ
10193	-10.957834	▁विजय
10194	-10.957886	جی
10195	-10.957996	▁उनका
10196	-10.957999	बू
10197	-10.958137	ലിയ
10198	-10.958210	тан
10199	-10.958219	▁закон
10200	-10.958253	ക്ത
10201	-10.958275	નર
10202	-10.958281	▁बह
10203	-10.958861	▁बात
10204	-10.958875	ников
10205	-10.958886	▁esempio
10206	-10.958886	▁সদস্য
10207	-10.958891	▁యొక్క
10208	-10.959039	druck
10209	-10.959073	▁ਉਸਨੂੰ
10210	-10.959123	ठी
10211	-10.959276	▁muitas
10212	-10.959479	ವರ್ತ
10213	-10.959790	প্ল
10214	-10.960000	▁تعلق
10215	-10.960001	▁exemple
10216	-10.960028	▁स्वतंत्र
10217	-10.960041	▁média
10218	-10.960071	нес
10219	-10.960660	▁নিউ
10220	-10.960837	বের
10221	-10.960952	ellen
10222	-10.961095	ящ
10223	-10.961116	▁possui
10224	-10.961123	▁೧೮
10225	-10.961141	▁oltre
10226	-10.961143	▁pierre
10227	-10.961279	▁mismo
10228	-10.961282	भर
10229	-10.961615	িস
10230	-10.961643	ംബ
10231	-10.961720	▁meio
10232	-10.962069	രും
10233	-10.962231	▁mountain
10234	-10.962231	▁הוא
10235	-10.962242	lö
10236	-10.962270	▁hukum
10237	-10.962391	ವಿಜ್ಞಾನ
10238	-10.962411	▁allo
10239	-10.962534	బడ
10240	-10.962720	cil
10241	-10.962743	భాగ
10242	-10.963044	ष्ठ
10243	-10.963346	ਸ਼ੇ
10244	-10.963348	▁декабря
10245	-10.963348	▁అవుతున్నాయి
10246	-10.963356	▁embora
10247	-10.963555	బ్బ
10248	-10.963567	ിരുന്നത്
10249	-10.963590	▁বিভাগ
10250	-10.963593	▁ਪਿਤਾ
10251	-10.963645	▁début
10252	-10.963929	▁tratta
10253	-10.964261	ಜ್ಞ
10254	-10.964272	masing
10255	-10.964287	מו
10256	-10.964332	крат
10257	-10.964431	్యూ
10258	-10.964467	▁ವಿಶೇಷ
10259	-10.964705	▁घेत
10260	-10.964814	אי
10261	-10.964922	trice
10262	-10.965359	పే
10263	-10.965803	▁conte
10264	-10.966054	▁karta
10265	-10.966214	▁market
10266	-10.966253	nahme
10267	-10.966445	▁suoi
10268	-10.966570	▁தொடர்
10269	-10.966679	ப்போ
10270	-10.966708	▁সঙ্গে
10271	-10.966708	▁વસ્તી
10272	-10.966836	▁शासन
10273	-10.966988	▁марта
10274	-10.967284	tasi
10275	-10.967317	यन
10276	-10.967643	ਊ
10277	-10.967716	▁following
10278	-10.967717	▁grupos
10279	-10.967728	▁કલા
10280	-10.967732	чу
10281	-10.967830	▁സാധാരണ
10282	-10.967831	▁michael
10283	-10.967832	▁भूमिका
10284	-10.967838	স্ট্র
10285	-10.967945	▁ನಡೆಯ
10286	-10.967961	▁everyone
10287	-10.967983	ਸਨ
10288	-10.968077	▁ਭਰ
10289	-10.968194	▁rule
10290	-10.968266	▁popul
10291	-10.968305	dina
10292	-10.968560	▁ಜೀವನ
10293	-10.968603	gramm
10294	-10.968706	गाव
10295	-10.968783	▁sex
10296	-10.968907	▁ಆದ
10297	-10.969115	▁hit
10298	-10.969122	▁estava
10299	-10.969189	ਰਥ
10300	-10.969522	▁ತಂಡ
10301	-10.969888	ром
10302	-10.970000	युग
10303	-10.970041	र्व
10304	-10.970078	▁prancis
10305	-10.970087	▁остров
10306	-10.970119	▁dabei
10307	-10.970227	കൃത
10308	-10.970292	▁dalle
10309	-10.970303	▁empresa
10310	-10.970389	▁fresh
10311	-10.970428	निया
10312	-10.970696	રાવ
10313	-10.970770	രാജാവ
10314	-10.970775	ولی
10315	-10.970886	▁ಬ್ಯಾ
10316	-10.971016	▁అన
10317	-10.971134	▁experiment
10318	-10.971205	▁beautiful
10319	-10.971210	▁hidup
10320	-10.971213	▁قریب
10321	-10.971845	ঙ্গা
10322	-10.971848	கின்றன
10323	-10.971928	guard
10324	-10.972006	▁দল
10325	-10.972299	ণ্ড
10326	-10.972408	▁jiwa
10327	-10.972453	aceae
10328	-10.972737	gouvernement
10329	-10.972841	ाब
10330	-10.972980	▁ಒಂದ
10331	-10.973093	▁produk
10332	-10.973374	ானது
10333	-10.973423	far
10334	-10.973544	ল্যান্ড
10335	-10.973577	▁existen
10336	-10.973675	▁خل
10337	-10.973866	▁часть
10338	-10.974214	സിന്റെ
10339	-10.974247	த்துக்கு
10340	-10.974248	aktiv
10341	-10.974471	posição
10342	-10.974498	ੱਠ
10343	-10.974581	क़
10344	-10.974590	സാഹിത്യ
10345	-10.974590	▁മനുഷ്യ
10346	-10.974696	▁become
10347	-10.974737	▁transforma
10348	-10.974920	▁bezeichnet
10349	-10.974984	டர்
10350	-10.974989	▁без
10351	-10.975054	▁વિસ્તારમાં
10352	-10.975115	▁viel
10353	-10.975230	▁socha
10354	-10.975482	▁trust
10355	-10.975535	▁governa
10356	-10.975577	▁ਅਰਥ
10357	-10.975586	ਵਾਦ
10358	-10.975610	▁effect
10359	-10.975612	▁సంగీత
10360	-10.975722	▁ছোট
10361	-10.975733	▁ہندوستان
10362	-10.975777	വന
10363	-10.975806	▁অঞ্চল
10364	-10.975894	▁sach
10365	-10.975921	رات
10366	-10.976002	▁otras
10367	-10.976032	ియన్
10368	-10.976119	▁yet
10369	-10.976172	નના
10370	-10.976391	▁నిర్మ
10371	-10.976525	ہن
10372	-10.976670	▁குறை
10373	-10.976858	▁alright
10374	-10.976994	▁vila
10375	-10.977217	వంత
10376	-10.977261	قر
10377	-10.977274	▁جل
10378	-10.977639	▁method
10379	-10.977880	בי
10380	-10.977964	wu
10381	-10.977988	▁technique
10382	-10.977988	▁പുതിയ
10383	-10.977998	▁సంస్థ
10384	-10.978006	▁నుంచి
10385	-10.978114	மூல
10386	-10.978138	▁சிவ
10387	-10.978148	▁modelo
10388	-10.978420	भक्त
10389	-10.978699	ਵਾਨ
10390	-10.978757	ита
10391	-10.978823	▁certain
10392	-10.979001	పేట
10393	-10.979123	▁कंपनी
10394	-10.979123	▁পাকিস্তান
10395	-10.979124	▁possono
10396	-10.979131	▁rapport
10397	-10.979159	যুক্তরাষ্ট্র
10398	-10.979198	શુ
10399	-10.979488	лод
10400	-10.979890	▁moins
10401	-10.979932	▁eram
10402	-10.980259	▁ਮਨੁੱਖ
10403	-10.980304	▁ਜਿਵੇਂ
10404	-10.980342	ശ്രമ
10405	-10.980366	▁beginn
10406	-10.980378	নিক
10407	-10.980449	ਵਾਦੀ
10408	-10.980464	अलग
10409	-10.980474	▁rumah
10410	-10.980524	ಬರ್
10411	-10.980565	▁fact
10412	-10.980849	▁pensa
10413	-10.980879	▁प्रो
10414	-10.980947	adores
10415	-10.981080	raum
10416	-10.981172	ದಲ್ಲಿರುವ
10417	-10.981210	▁command
10418	-10.981394	α
10419	-10.981397	▁ব্যক্তি
10420	-10.981420	▁pouvoir
10421	-10.981591	dora
10422	-10.981594	ചാര
10423	-10.981874	▁pou
10424	-10.982090	أ
10425	-10.982142	ములు
10426	-10.982534	ਔ
10427	-10.982536	▁society
10428	-10.982563	മൂല
10429	-10.982867	▁मौ
10430	-10.983027	▁hone
10431	-10.983088	▁ਦੂਰ
10432	-10.983112	▁bord
10433	-10.983281	änder
10434	-10.983335	ья
10435	-10.983344	cap
10436	-10.983375	▁ਵਰਤ
10437	-10.983618	स्ता
10438	-10.983626	ాలకు
10439	-10.983652	ਚਲ
10440	-10.983676	▁ইউনিয়ন
10441	-10.983704	▁مسجد
10442	-10.984163	▁శివ
10443	-10.984276	▁along
10444	-10.984318	stante
10445	-10.984413	▁ఆలయం
10446	-10.984415	دو
10447	-10.984483	▁dispos
10448	-10.984499	সন
10449	-10.984815	▁hindu
10450	-10.984816	▁ಮಾಡಿದ
10451	-10.984818	▁октября
10452	-10.984834	▁تعداد
10453	-10.984890	âm
10454	-10.985071	▁ਰਹੀ
10455	-10.985076	▁నటించ
10456	-10.985148	▁রাজা
10457	-10.985219	straße
10458	-10.985234	క్త
10459	-10.985269	▁demand
10460	-10.985782	ией
10461	-10.985961	ಕೃಷ್ಣ
10462	-10.985961	▁membuat
10463	-10.985961	다
10464	-10.986006	പ്പെട
10465	-10.986272	▁নির্
10466	-10.986354	ங்களின்
10467	-10.986492	▁individual
10468	-10.986694	west
10469	-10.987104	▁دوسری
10470	-10.987115	ಸ್ಥಿತಿ
10471	-10.987188	एम
10472	-10.987408	▁astronom
10473	-10.987516	ਤਨ
10474	-10.987720	▁آف
10475	-10.987774	▁bac
10476	-10.988023	▁luar
10477	-10.988219	▁لکھ
10478	-10.988251	▁apresenta
10479	-10.988251	▁جگہ
10480	-10.988252	▁algunos
10481	-10.988253	পশ্চিম
10482	-10.988301	▁easy
10483	-10.988402	ਗੇ
10484	-10.988902	▁في
10485	-10.988973	▁verso
10486	-10.988978	▁wish
10487	-10.989096	▁motor
10488	-10.989181	हित
10489	-10.989283	ण्याचा
10490	-10.989383	▁স্বাধীনতা
10491	-10.989397	▁writing
10492	-10.989397	▁ಮುಂತಾದ
10493	-10.989423	▁ನಡೆದ
10494	-10.989540	▁têm
10495	-10.989744	ುತ್ತಿರುವ
10496	-10.989775	তের
10497	-10.989875	▁prince
10498	-10.989905	▁पं
10499	-10.990336	షా
10500	-10.990479	▁ઘણા
10501	-10.990545	▁पृथ्वी
10502	-10.990545	▁ఫోన్
10503	-10.990547	▁سمجھ
10504	-10.990569	▁acordo
10505	-10.990711	ಕಥೆ
10506	-10.991069	▁territori
10507	-10.991084	ugu
10508	-10.991155	▁add
10509	-10.991179	▁আগে
10510	-10.991182	▁तब
10511	-10.991205	पो
10512	-10.991270	кой
10513	-10.991272	പ്രാ
10514	-10.991692	ನೂ
10515	-10.991728	▁ہاتھ
10516	-10.991831	▁शतक
10517	-10.991887	▁मैं
10518	-10.991937	▁vive
10519	-10.992292	▁корол
10520	-10.992824	ોનો
10521	-10.992859	▁fase
10522	-10.992874	ிலேயே
10523	-10.992877	▁là
10524	-10.992902	ीकरण
10525	-10.992929	tivamente
10526	-10.993090	kle
10527	-10.993093	▁صح
10528	-10.993109	जित
10529	-10.993142	▁wat
10530	-10.993461	ੜ੍ਹ
10531	-10.993525	тен
10532	-10.993664	▁ಈಗ
10533	-10.993698	▁personne
10534	-10.993998	കുടുംബ
10535	-10.993998	▁verwendet
10536	-10.993999	▁tumhare
10537	-10.994065	াদ
10538	-10.994105	▁kre
10539	-10.994283	rina
10540	-10.994304	▁গোল
10541	-10.994470	▁చిన్న
10542	-10.994499	▁indo
10543	-10.994518	ਿਅ
10544	-10.994850	▁bada
10545	-10.994926	াগ
10546	-10.994992	വിശ്വാസ
10547	-10.995226	▁બહાર
10548	-10.995337	année
10549	-10.995389	ઠા
10550	-10.995425	▁mun
10551	-10.995434	ക്കിയ
10552	-10.995448	ുണ്ടായ
10553	-10.995718	പ്രവർത്തന
10554	-10.995739	▁உருவ
10555	-10.996109	ிருக்க
10556	-10.996117	izada
10557	-10.996170	▁ہوں
10558	-10.996306	▁వనరుల
10559	-10.996312	▁fé
10560	-10.996540	ಸೈ
10561	-10.996778	▁કરતાં
10562	-10.996858	ению
10563	-10.996921	ਐ
10564	-10.997064	tisch
10565	-10.997366	▁habla
10566	-10.997430	ਖੇ
10567	-10.997461	▁dilakukan
10568	-10.997510	▁ಭಾರತೀಯ
10569	-10.997515	ಷ್ಠ
10570	-10.997581	rier
10571	-10.997873	▁اول
10572	-10.997980	▁સદી
10573	-10.998235	വള
10574	-10.998424	லில்
10575	-10.998553	கல்
10576	-10.998619	▁વગેરે
10577	-10.998621	isé
10578	-10.998640	ਿਸ਼
10579	-10.998667	ാന്ത
10580	-10.998709	ছেন
10581	-10.998718	ಾಂಗ
10582	-10.998816	▁ਸ਼ਾਹ
10583	-10.998865	▁করেছিল
10584	-10.998865	▁ਅਰ
10585	-10.999485	ोप
10586	-10.999650	ಗಳಾಗಿ
10587	-10.999705	ভূমি
10588	-10.999718	sprach
10589	-10.999777	▁நிகழ்
10590	-10.999778	▁melakukan
10591	-10.999788	▁может
10592	-10.999810	▁estudio
10593	-10.999866	▁त्याला
10594	-10.999941	▁membro
10595	-11.000112	▁donc
10596	-11.000431	lett
10597	-11.000452	▁ಆರ್
10598	-11.000456	▁parla
10599	-11.000595	hari
10600	-11.000773	▁શક
10601	-11.000892	tero
10602	-11.001034	▁विविध
10603	-11.001225	▁મળી
10604	-11.001287	పురం
10605	-11.001342	اگ
10606	-11.001415	వ్యవసాయానికి
10607	-11.001443	▁ആയി
10608	-11.001628	▁gall
10609	-11.001720	цев
10610	-11.001957	ੱਡ
10611	-11.002007	कल्प
10612	-11.002160	پھ
10613	-11.002207	ണ്ട്
10614	-11.002403	▁होत
10615	-11.002493	ર્જ
10616	-11.002493	▁torre
10617	-11.002735	ക്കാല
10618	-11.002817	раз
10619	-11.002896	▁hidro
10620	-11.003198	▁कॅ
10621	-11.003263	▁waqt
10622	-11.003303	▁кра
10623	-11.003357	▁trata
10624	-11.003515	▁clima
10625	-11.003523	▁কথা
10626	-11.003587	▁ملا
10627	-11.003711	▁interpreta
10628	-11.004004	▁শব্দ
10629	-11.004058	programm
10630	-11.004143	▁legge
10631	-11.004219	സ്ഥിതി
10632	-11.004342	iones
10633	-11.004411	रूप
10634	-11.004422	ఐ
10635	-11.004426	▁encuentra
10636	-11.004429	▁nuclear
10637	-11.004443	கால
10638	-11.004480	▁wenig
10639	-11.004539	▁અવ
10640	-11.004647	ിപ്പിക്ക
10641	-11.004732	னம்
10642	-11.004872	▁cole
10643	-11.005095	▁occidental
10644	-11.005132	▁schw
10645	-11.005133	▁hak
10646	-11.005378	▁ಎನ್ನ
10647	-11.005383	ডা
10648	-11.005401	சன
10649	-11.005591	envolvimento
10650	-11.005591	▁которые
10651	-11.005591	▁ਇੱਥੇ
10652	-11.005591	▁ఆంధ్ర
10653	-11.005598	▁celui
10654	-11.005615	▁عالم
10655	-11.005775	bildung
10656	-11.005785	▁vários
10657	-11.005865	ಣಾ
10658	-11.005879	ਿਰ
10659	-11.005931	▁cup
10660	-11.006040	▁राज्यातील
10661	-11.006289	ਡਾ
10662	-11.006954	▁residen
10663	-11.007165	▁они
10664	-11.007175	ਕੁ
10665	-11.007427	ಚು
10666	-11.007642	cano
10667	-11.007675	xa
10668	-11.007694	▁sla
10669	-11.007928	▁feature
10670	-11.007957	▁ਕੋਲ
10671	-11.007959	▁ancora
10672	-11.008006	▁पड़
10673	-11.008016	▁weekend
10674	-11.008102	ापासून
10675	-11.008132	▁અભિ
10676	-11.008215	ಪಾದ
10677	-11.008252	▁white
10678	-11.008558	जि
10679	-11.008561	▁आर्
10680	-11.008642	▁જોડ
10681	-11.008712	▁ಅವು
10682	-11.008714	্‌
10683	-11.008948	ைச்
10684	-11.009023	ध्या
10685	-11.009096	▁પોતાની
10686	-11.009165	খে
10687	-11.009389	inform
10688	-11.009416	chim
10689	-11.009739	▁மாவட்ட
10690	-11.010237	▁માર્ગ
10691	-11.010302	▁enter
10692	-11.010372	ण्यास
10693	-11.010415	▁plantas
10694	-11.010488	നിൽ
10695	-11.010565	cimento
10696	-11.010579	▁فلم
10697	-11.010650	▁क्ल
10698	-11.010760	જો
10699	-11.010807	▁آج
10700	-11.011085	tile
10701	-11.011241	cular
10702	-11.011439	▁علاقہ
10703	-11.011440	▁गांधी
10704	-11.011641	भूत
10705	-11.011950	களைப்
10706	-11.012009	mio
10707	-11.012027	িল
10708	-11.012100	▁बाल
10709	-11.012161	▁scha
10710	-11.012197	▁ಇದೆ
10711	-11.012273	▁इसकी
10712	-11.012543	tiche
10713	-11.012583	ेला
10714	-11.012599	▁suite
10715	-11.012603	▁രണ്ട്
10716	-11.012613	ઃ
10717	-11.012616	▁worry
10718	-11.012654	వాడు
10719	-11.012660	▁ilmu
10720	-11.012734	▁സംസ്ഥാന
10721	-11.012771	▁நீர்
10722	-11.012779	▁पार
10723	-11.012781	▁августа
10724	-11.012848	▁उसकी
10725	-11.012857	ген
10726	-11.012861	▁સર્વ
10727	-11.012897	▁maggio
10728	-11.012952	वर्त
10729	-11.013284	▁দেন
10730	-11.013493	▁होतो
10731	-11.013621	दास
10732	-11.013730	▁સેવા
10733	-11.013872	▁nombreux
10734	-11.013878	▁devido
10735	-11.014281	प्ल
10736	-11.014565	auf
10737	-11.014637	▁создан
10738	-11.014891	ateur
10739	-11.014965	▁વધારે
10740	-11.015002	યે
10741	-11.015014	▁સ્વા
10742	-11.015068	охран
10743	-11.015209	▁diverse
10744	-11.015225	▁karenge
10745	-11.015894	▁cir
10746	-11.016144	▁حسین
10747	-11.016352	▁elektron
10748	-11.016495	സിൽ
10749	-11.016501	ക്സ
10750	-11.016834	ড়ে
10751	-11.016853	ঙ
10752	-11.017070	▁కేంద్ర
10753	-11.017290	ിരിക്ക
10754	-11.017323	▁ધરાવતા
10755	-11.017332	▁июня
10756	-11.017338	▁execut
10757	-11.017358	▁بھارت
10758	-11.017375	▁télé
10759	-11.017393	▁electro
10760	-11.017492	fü
10761	-11.017498	بت
10762	-11.017535	▁один
10763	-11.017536	▁અપ
10764	-11.017756	▁आला
10765	-11.018020	ത്‌
10766	-11.018338	▁सात
10767	-11.018501	▁vezes
10768	-11.018503	▁શરૂઆત
10769	-11.018534	જિ
10770	-11.018560	▁நடித்த
10771	-11.018582	hara
10772	-11.018694	сн
10773	-11.018713	▁rama
10774	-11.018758	фер
10775	-11.018869	▁મૂળ
10776	-11.018968	▁value
10777	-11.019002	বর্ত
10778	-11.019177	ಟು
10779	-11.019317	ಬೆ
10780	-11.019386	▁ਪੇਸ਼
10781	-11.019434	▁ober
10782	-11.019661	בו
10783	-11.019667	nggu
10784	-11.019685	▁జరుగుతోంది
10785	-11.019815	▁looks
10786	-11.020069	నాడు
10787	-11.020155	▁mineral
10788	-11.020158	▁जान
10789	-11.020231	▁quelle
10790	-11.020591	ാസ്
10791	-11.020600	дей
10792	-11.020661	▁aisa
10793	-11.020749	▁fatto
10794	-11.020781	வம்
10795	-11.020901	▁பேரரச
10796	-11.020965	▁ಕಾರ್
10797	-11.021000	ક્ષા
10798	-11.021084	▁शरीर
10799	-11.021091	▁પાંચ
10800	-11.021099	ುತ್ತಾ
10801	-11.021106	▁над
10802	-11.021250	рам
10803	-11.021381	പാദ
10804	-11.021422	▁father
10805	-11.021564	ਮੂਲ
10806	-11.022054	▁inoltre
10807	-11.022077	▁অন্যতম
10808	-11.022138	▁produto
10809	-11.022203	▁nueva
10810	-11.022243	▁maine
10811	-11.022474	▁harus
10812	-11.022483	дом
10813	-11.022647	зов
10814	-11.022933	▁કર્યા
10815	-11.022987	சர்
10816	-11.023079	▁మన
10817	-11.023096	▁células
10818	-11.023147	▁rey
10819	-11.023219	▁तरी
10820	-11.023248	▁మూడు
10821	-11.023258	ੱਬ
10822	-11.023309	▁കാര്യ
10823	-11.023399	ણો
10824	-11.023459	खाली
10825	-11.023465	ਯੋਗ
10826	-11.023557	▁editor
10827	-11.023767	▁ಇರುವ
10828	-11.023890	▁روز
10829	-11.024137	▁झाल्या
10830	-11.024152	્રી
10831	-11.024240	▁نما
10832	-11.024271	చ్చి
10833	-11.024379	▁ocorre
10834	-11.024605	▁russia
10835	-11.024668	▁अल
10836	-11.024674	ింగ్
10837	-11.024698	▁corte
10838	-11.024863	▁symbol
10839	-11.025256	કાળ
10840	-11.025313	▁große
10841	-11.025616	▁ਅਮਰੀਕਾ
10842	-11.026269	വിട
10843	-11.026284	▁બોલ
10844	-11.026316	▁fail
10845	-11.026521	েশন
10846	-11.026679	ುವಂತೆ
10847	-11.026704	▁roll
10848	-11.026807	▁conhecido
10849	-11.026807	▁философ
10850	-11.026807	▁ইতিহাস
10851	-11.027044	▁rakhna
10852	-11.027087	höhe
10853	-11.027151	ుతున్న
10854	-11.027171	▁soit
10855	-11.027561	▁molti
10856	-11.027568	ட்டா
10857	-11.027617	▁wil
10858	-11.027663	▁warna
10859	-11.027828	▁ਉੱ
10860	-11.027839	▁প্রকাশ
10861	-11.028049	▁moyen
10862	-11.028099	▁ਵਿਖੇ
10863	-11.028166	▁книг
10864	-11.028245	wal
10865	-11.028788	போது
10866	-11.028864	▁ಕರೆಯ
10867	-11.029009	ವೃ
10868	-11.029097	ями
10869	-11.029185	тей
10870	-11.029194	▁network
10871	-11.029202	▁পদার্থ
10872	-11.029302	▁ಒಬ್ಬ
10873	-11.029751	گر
10874	-11.029803	aggi
10875	-11.029838	പുര
10876	-11.030299	தும்
10877	-11.030391	▁দেওয়া
10878	-11.030484	▁ಎಂದ
10879	-11.030521	▁director
10880	-11.030653	▁میٹر
10881	-11.030721	▁நிறுவன
10882	-11.030865	▁હતાં
10883	-11.031203	▁ಕೊನೆ
10884	-11.031583	▁algumas
10885	-11.031604	▁গ্রহণ
10886	-11.031693	ಆ
10887	-11.031701	itud
10888	-11.031721	association
10889	-11.031724	মিল
10890	-11.031734	वीर
10891	-11.032046	▁hall
10892	-11.032226	leng
10893	-11.032269	▁intel
10894	-11.032326	▁sebelum
10895	-11.032495	▁ਨਿਰ
10896	-11.032516	▁अशी
10897	-11.032547	க்கம்
10898	-11.032627	▁план
10899	-11.032697	▁tinha
10900	-11.032708	৫০
10901	-11.032712	zel
10902	-11.032770	deutsch
10903	-11.032797	▁ਨਾਟਕ
10904	-11.032798	▁ટેક
10905	-11.032957	ın
10906	-11.033080	ർപ്പ
10907	-11.033129	bun
10908	-11.033915	▁ਕਰਨਾ
10909	-11.033979	▁ноября
10910	-11.033980	▁అతను
10911	-11.033987	▁ਸਥਾਨ
10912	-11.034407	▁resultado
10913	-11.034451	▁வெற்றி
10914	-11.034708	▁св
10915	-11.034953	ografi
10916	-11.035304	taire
10917	-11.035333	ಗುಣ
10918	-11.035527	gur
10919	-11.035588	▁சேர்
10920	-11.035667	▁mix
10921	-11.035720	पती
10922	-11.035723	▁ಮೂರು
10923	-11.035806	▁этом
10924	-11.036016	वले
10925	-11.036185	ಎಂ
10926	-11.036349	▁ਅੰਤ
10927	-11.036363	ദിവസ
10928	-11.036382	▁shopping
10929	-11.036383	▁अथवा
10930	-11.036383	▁കിഴക്ക
10931	-11.036586	▁alterna
10932	-11.036753	▁flores
10933	-11.036768	construction
10934	-11.036939	పీ
10935	-11.037119	▁student
10936	-11.037126	ło
10937	-11.037158	▁ਸੱ
10938	-11.037237	▁erano
10939	-11.037502	▁پاس
10940	-11.037585	▁california
10941	-11.037599	▁president
10942	-11.037617	box
10943	-11.037796	ക്യ
10944	-11.037803	ਹੇ
10945	-11.037808	rig
10946	-11.037982	аг
10947	-11.038223	▁bola
10948	-11.038537	рат
10949	-11.038552	യായിരുന്നു
10950	-11.038621	தர்
10951	-11.038631	ಚಲ
10952	-11.038678	▁estima
10953	-11.038754	फी
10954	-11.038790	സര
10955	-11.038816	▁ਸੰਬੰਧ
10956	-11.038821	▁കലാ
10957	-11.038834	▁diversi
10958	-11.038857	گری
10959	-11.038928	ંટ
10960	-11.039120	▁sull
10961	-11.039403	ٹری
10962	-11.039503	▁humara
10963	-11.039598	▁जास्त
10964	-11.039610	तल
10965	-11.039639	थो
10966	-11.039849	ಲ್ಲದೆ
10967	-11.039979	ಪಟ್ಟ
10968	-11.039996	▁который
10969	-11.039996	▁ஐக்கிய
10970	-11.040015	വാസ
10971	-11.040017	மர்
10972	-11.040036	▁వరకు
10973	-11.040315	▁using
10974	-11.040333	▁ಮನೆ
10975	-11.040552	கின்ற
10976	-11.040616	ged
10977	-11.040890	விட்ட
10978	-11.040901	ёр
10979	-11.040967	▁مصر
10980	-11.041081	ability
10981	-11.041100	▁drama
10982	-11.041204	▁trabalho
10983	-11.041211	▁teatro
10984	-11.041231	▁ਉਮਰ
10985	-11.041268	▁есть
10986	-11.041293	▁ihn
10987	-11.041412	▁instrument
10988	-11.041533	गार
10989	-11.041537	త్తు
10990	-11.041831	زر
10991	-11.041851	▁organiza
10992	-11.041945	ций
10993	-11.041960	वाल
10994	-11.042118	വല
10995	-11.042123	eiros
10996	-11.042224	invent
10997	-11.042242	▁winter
10998	-11.042413	▁населения
10999	-11.042417	তত্ত্ব
11000	-11.042460	▁invece
11001	-11.042485	▁allow
11002	-11.042577	▁lead
11003	-11.042762	▁zurück
11004	-11.042768	рей
11005	-11.042768	▁രണ്ട
11006	-11.042924	▁હોવા
11007	-11.042935	થો
11008	-11.043026	तू
11009	-11.043216	▁આપવામાં
11010	-11.043465	▁tard
11011	-11.043624	▁امریکا
11012	-11.043628	▁könig
11013	-11.043628	▁ਸ਼ਾਮਲ
11014	-11.043649	▁ਲਗ
11015	-11.043753	টন
11016	-11.043927	ഹ്
11017	-11.044143	▁देवी
11018	-11.044174	jud
11019	-11.044580	ങ്ങളാണ്
11020	-11.044821	ನೀ
11021	-11.044836	▁espécie
11022	-11.044836	▁welcome
11023	-11.044896	▁അറിയപ്പെട
11024	-11.044941	▁ਵੱਧ
11025	-11.045287	ફી
11026	-11.045362	▁కాగా
11027	-11.045616	isten
11028	-11.045715	ائیں
11029	-11.045915	ിലേക്ക്
11030	-11.046015	fon
11031	-11.046051	▁प्रवेश
11032	-11.046054	▁तयार
11033	-11.046062	▁ஆங்கில
11034	-11.046062	▁വിജയ
11035	-11.046375	ರಾಯ
11036	-11.046504	▁escola
11037	-11.046506	▁মোট
11038	-11.046835	▁universal
11039	-11.047096	ാതെ
11040	-11.047266	▁sekolah
11041	-11.047268	▁berbeda
11042	-11.047332	▁япон
11043	-11.047361	ían
11044	-11.047505	ക്കൾ
11045	-11.047754	▁দেশের
11046	-11.048032	pone
11047	-11.048154	▁partai
11048	-11.048164	▁objeto
11049	-11.048271	শো
11050	-11.048390	▁beim
11051	-11.048416	પૂર્ણ
11052	-11.048504	▁విడుదలైన
11053	-11.048627	▁ಏಕ
11054	-11.048761	നാമ
11055	-11.048765	▁আসে
11056	-11.048854	▁regular
11057	-11.048939	▁ਡਿ
11058	-11.049103	cum
11059	-11.049210	ઓના
11060	-11.049450	▁करा
11061	-11.049461	رام
11062	-11.049532	▁மாநில
11063	-11.049700	▁войны
11064	-11.049701	▁duniya
11065	-11.049796	boli
11066	-11.049845	▁ശിവ
11067	-11.050016	▁கட்சி
11068	-11.050053	▁seekh
11069	-11.050503	ांवर
11070	-11.050719	ಿಗೂ
11071	-11.050875	▁اسلامی
11072	-11.050919	▁તમામ
11073	-11.050965	▁seinen
11074	-11.050988	മന
11075	-11.050998	ంటారు
11076	-11.051155	▁जय
11077	-11.051167	ਿੱ
11078	-11.051168	▁તેણે
11079	-11.051493	▁chef
11080	-11.051686	ವಾಸ
11081	-11.052139	▁आवश्यक
11082	-11.052139	▁किलोमीटर
11083	-11.052146	▁superficie
11084	-11.052191	▁бел
11085	-11.052379	▁facili
11086	-11.052394	▁वाली
11087	-11.052534	▁tax
11088	-11.052599	ूट
11089	-11.052622	▁gift
11090	-11.052636	ప్రాంత
11091	-11.052720	ফি
11092	-11.052942	ந்தது
11093	-11.053362	▁یورپ
11094	-11.053363	▁excited
11095	-11.053364	▁व्यापार
11096	-11.053403	▁కలిగి
11097	-11.053452	▁மற்ற
11098	-11.053641	ള്ളി
11099	-11.053702	undang
11100	-11.053962	▁wall
11101	-11.054052	পু
11102	-11.054138	▁font
11103	-11.054849	▁junto
11104	-11.054892	▁महिला
11105	-11.054910	▁संस्था
11106	-11.055067	પ્ત
11107	-11.055355	باد
11108	-11.055491	ന്ധ
11109	-11.055812	▁milhões
11110	-11.055888	പഠന
11111	-11.056080	ચર
11112	-11.056172	▁انگریزی
11113	-11.056188	ঞ্চ
11114	-11.056257	ಪದ
11115	-11.056379	▁आण
11116	-11.056695	▁নয়
11117	-11.056850	టం
11118	-11.056877	ಹಾಕ
11119	-11.057031	সাহিত্য
11120	-11.057038	▁счита
11121	-11.057038	▁ಅಮೆರಿಕ
11122	-11.057368	רו
11123	-11.057406	▁resmi
11124	-11.057409	gir
11125	-11.057423	zan
11126	-11.057872	લાઇ
11127	-11.057959	▁બને
11128	-11.058135	ત્વ
11129	-11.058167	▁restaurant
11130	-11.058233	cí
11131	-11.058236	पणे
11132	-11.058311	ধ্য
11133	-11.058434	▁trouve
11134	-11.058473	▁especies
11135	-11.058937	▁ਖੇਡ
11136	-11.059170	ಮ್‌
11137	-11.059180	ശ്ര
11138	-11.059399	▁française
11139	-11.059492	▁अधि
11140	-11.059658	▁বহু
11141	-11.059704	കാർ
11142	-11.059763	▁असतो
11143	-11.059774	▁શ્રી
11144	-11.059797	ੀਅਰ
11145	-11.059798	பரப்ப
11146	-11.059890	▁building
11147	-11.060021	ക്സ്
11148	-11.060171	ограф
11149	-11.060397	ించింది
11150	-11.060729	▁февраля
11151	-11.060749	▁ছবি
11152	-11.060773	▁ಯಾವುದೇ
11153	-11.060911	ಟೋ
11154	-11.061053	▁ജീവ
11155	-11.061681	મર
11156	-11.061725	വയ
11157	-11.061780	▁किमी
11158	-11.061781	пар
11159	-11.061826	▁எழுத
11160	-11.061856	▁ઉત્
11161	-11.061906	ന്റ്
11162	-11.061952	▁করেছে
11163	-11.061961	▁meskipun
11164	-11.061961	▁జూనియర్
11165	-11.061962	▁alexander
11166	-11.062111	▁தென்
11167	-11.062134	▁smart
11168	-11.062257	pér
11169	-11.062268	▁immer
11170	-11.062386	ியல்
11171	-11.062394	▁ಅರ್ಥ
11172	-11.063012	▁passe
11173	-11.063196	ಲ್ಲೇ
11174	-11.063229	▁ముఖ్య
11175	-11.063379	ક્રમ
11176	-11.063422	പക്ഷ
11177	-11.063441	▁jalan
11178	-11.063545	▁role
11179	-11.063546	भार
11180	-11.063739	▁ವರ್ಷಗಳ
11181	-11.063848	▁ਹੋਵੇ
11182	-11.063941	ाबाद
11183	-11.063999	ರಿಸ
11184	-11.064017	ીના
11185	-11.064111	੍ਹਾ
11186	-11.064173	▁allem
11187	-11.064432	▁portuguesa
11188	-11.064435	ensemble
11189	-11.064537	షి
11190	-11.064913	ೂರು
11191	-11.065085	▁दिले
11192	-11.065144	▁self
11193	-11.065378	ോൺ
11194	-11.065389	rique
11195	-11.065417	ফু
11196	-11.065424	дав
11197	-11.065458	బి
11198	-11.065473	cía
11199	-11.065547	▁ಸುತ್ತ
11200	-11.065577	▁ਪਹਿਲਾ
11201	-11.065583	त्स
11202	-11.065670	▁украин
11203	-11.065671	▁khusus
11204	-11.065671	▁ਕਵਿਤਾ
11205	-11.065883	ాప
11206	-11.066378	ಸಾರ
11207	-11.066656	▁संप
11208	-11.066710	ಾಗಿದ್ದ
11209	-11.066910	द्वीप
11210	-11.066911	▁sleep
11211	-11.066952	▁துறை
11212	-11.067019	ಚಂದ್ರ
11213	-11.067130	த்துக்
11214	-11.067141	क्रिया
11215	-11.067293	▁پڑ
11216	-11.067334	▁educa
11217	-11.067415	யாகும்
11218	-11.067444	uli
11219	-11.067677	▁watch
11220	-11.067966	ವೆಂದು
11221	-11.068080	▁tutto
11222	-11.068150	▁ओळख
11223	-11.068150	▁ಚಲನಚಿತ್ರ
11224	-11.068466	nelle
11225	-11.068769	ಷಿ
11226	-11.068839	ক্রম
11227	-11.068915	torio
11228	-11.068916	▁investiga
11229	-11.069016	▁kra
11230	-11.069041	▁પૂર
11231	-11.069271	▁ਮੰ
11232	-11.069396	▁российский
11233	-11.069419	▁ದೇವಾಲಯ
11234	-11.069835	рес
11235	-11.069881	কান
11236	-11.069927	▁ಜೋ
11237	-11.070122	▁വ്യാപ
11238	-11.070534	▁questi
11239	-11.070725	▁জো
11240	-11.070763	▁тома
11241	-11.070846	▁आधार
11242	-11.071019	ன்று
11243	-11.071084	▁oficial
11244	-11.071177	▁প্রভাব
11245	-11.071440	ಬಂಧ
11246	-11.071535	ल्स
11247	-11.071774	бре
11248	-11.071782	ического
11249	-11.071881	▁después
11250	-11.071882	▁kawasan
11251	-11.072155	आर
11252	-11.072356	وان
11253	-11.072439	▁است
11254	-11.072634	uw
11255	-11.072783	▁positive
11256	-11.072948	क्ट
11257	-11.073101	▁rahega
11258	-11.073140	▁करतात
11259	-11.073161	ника
11260	-11.073280	▁stark
11261	-11.073408	ರೊ
11262	-11.073565	ंगे
11263	-11.073703	griff
11264	-11.073712	▁పట్టణ
11265	-11.073804	वण
11266	-11.073935	ીયા
11267	-11.074000	pra
11268	-11.074169	ర్థ
11269	-11.074182	▁republic
11270	-11.074216	ುತ್ತಿದ್ದರು
11271	-11.074376	ഗ്രന്ഥ
11272	-11.074388	▁pasukan
11273	-11.074391	▁stella
11274	-11.074394	टल
11275	-11.074540	ڑے
11276	-11.074876	▁tienen
11277	-11.075144	ಟೀ
11278	-11.075165	▁அது
11279	-11.075177	પુરા
11280	-11.075230	▁grego
11281	-11.075233	लिंग
11282	-11.075568	▁export
11283	-11.075626	û
11284	-11.075634	▁ಸೇವೆ
11285	-11.075715	ਡਰ
11286	-11.075924	றிய
11287	-11.076050	▁ecc
11288	-11.076177	▁प्रमाण
11289	-11.076332	▁meet
11290	-11.076443	మర్
11291	-11.076484	пор
11292	-11.076877	خر
11293	-11.076878	▁গঠিত
11294	-11.076887	▁وزیر
11295	-11.076901	▁மூன்று
11296	-11.077093	▁luna
11297	-11.077096	аз
11298	-11.077147	▁localiza
11299	-11.077211	▁والا
11300	-11.077326	ക്കുകയും
11301	-11.077365	▁ڈال
11302	-11.077644	▁সময়ে
11303	-11.077706	▁boss
11304	-11.077775	▁વખત
11305	-11.077790	▁biologi
11306	-11.077904	izzazione
11307	-11.077978	ож
11308	-11.078125	▁بیان
11309	-11.078137	പ്രകാരം
11310	-11.078185	▁बै
11311	-11.078234	пут
11312	-11.078487	▁দুটি
11313	-11.078753	▁люб
11314	-11.078924	▁sense
11315	-11.079170	▁single
11316	-11.079179	iendo
11317	-11.079245	▁ફિ
11318	-11.079259	▁impress
11319	-11.079377	ட்ச
11320	-11.079391	▁várias
11321	-11.079401	▁livro
11322	-11.079418	▁união
11323	-11.079478	અં
11324	-11.079497	ternationale
11325	-11.079659	انا
11326	-11.079700	old
11327	-11.079920	સ્પ
11328	-11.080031	ಖಾ
11329	-11.080281	ನಿಗೆ
11330	-11.080352	ിലേക്കു
11331	-11.080370	▁pilot
11332	-11.080502	ਕੂ
11333	-11.080519	ارت
11334	-11.080642	▁период
11335	-11.080642	▁ਪਰਿਵਾਰ
11336	-11.080710	எ
11337	-11.080867	ganti
11338	-11.080965	puesto
11339	-11.081007	▁गुण
11340	-11.081010	மணி
11341	-11.081100	படுத்த
11342	-11.081283	▁leader
11343	-11.081500	атель
11344	-11.081600	ర్‌
11345	-11.081634	▁ferro
11346	-11.081821	mona
11347	-11.081934	ieron
11348	-11.081964	మార్
11349	-11.081985	▁आता
11350	-11.082031	த்தது
11351	-11.082516	▁ಬೇರೆ
11352	-11.082534	▁തിരിച്ച
11353	-11.082721	णारी
11354	-11.082746	ుకో
11355	-11.082758	▁പുറ
11356	-11.082986	റ്റു
11357	-11.083109	▁जाना
11358	-11.083535	جد
11359	-11.083714	▁once
11360	-11.083776	ôn
11361	-11.083798	▁మీద
11362	-11.083828	ക്കൽ
11363	-11.084061	నాటి
11364	-11.084105	ением
11365	-11.084275	▁pain
11366	-11.084321	டோ
11367	-11.084420	▁సిబ్బందీ
11368	-11.084421	▁además
11369	-11.084477	ശക്തി
11370	-11.084496	यान
11371	-11.084618	▁طب
11372	-11.084761	▁ihrer
11373	-11.084816	cida
11374	-11.084949	ception
11375	-11.085032	ಪರ್
11376	-11.085171	▁gradua
11377	-11.085289	પણ
11378	-11.085408	▁آس
11379	-11.085444	▁অধি
11380	-11.085533	▁открыт
11381	-11.085606	ಜೀ
11382	-11.085624	▁inizia
11383	-11.085772	▁vale
11384	-11.085801	▁five
11385	-11.086005	ੱਛ
11386	-11.086452	▁grow
11387	-11.086645	фон
11388	-11.086835	▁wind
11389	-11.086953	▁province
11390	-11.086963	ચ્છ
11391	-11.086977	▁उद्योग
11392	-11.087030	▁cinema
11393	-11.087423	ಿನಿಂದ
11394	-11.087652	▁આપે
11395	-11.087749	kota
11396	-11.087765	▁ਪ੍ਰਤੀ
11397	-11.087926	▁велик
11398	-11.087941	▁केवल
11399	-11.088041	роб
11400	-11.088213	▁لفظ
11401	-11.088258	▁जिन
11402	-11.088264	▁earth
11403	-11.088295	యోగ
11404	-11.088452	ಿಗ
11405	-11.088549	▁கொடு
11406	-11.088659	▁இன
11407	-11.088686	▁свои
11408	-11.088708	ங்களும்
11409	-11.088733	ઘા
11410	-11.088793	▁tendo
11411	-11.088828	▁மாத
11412	-11.088947	▁fasci
11413	-11.089046	▁fight
11414	-11.089118	হো
11415	-11.089204	▁beispiel
11416	-11.089416	▁menj
11417	-11.089480	▁principais
11418	-11.089480	▁remember
11419	-11.089480	▁société
11420	-11.089496	▁территории
11421	-11.089587	▁ಸಾಧ್ಯ
11422	-11.090211	ণা
11423	-11.090265	ಬರ
11424	-11.090440	▁modifica
11425	-11.090750	▁کلومیٹر
11426	-11.090977	زن
11427	-11.090980	సమీప
11428	-11.091144	ñ
11429	-11.091147	ಹ್
11430	-11.091224	▁mou
11431	-11.091253	bai
11432	-11.091602	ера
11433	-11.091660	लंब
11434	-11.091726	▁இருக்க
11435	-11.091962	पूर्ण
11436	-11.092083	▁పట్టణమైన
11437	-11.092095	▁listen
11438	-11.092141	corri
11439	-11.092172	ർണ
11440	-11.092203	▁суд
11441	-11.092224	▁இயக்கத்தில்
11442	-11.092229	ಿಸಿತು
11443	-11.092248	teria
11444	-11.092467	▁khush
11445	-11.092480	ঠা
11446	-11.092710	езд
11447	-11.092754	▁અસર
11448	-11.092788	பார்
11449	-11.092929	▁blanc
11450	-11.092971	▁ক্ষেত্রে
11451	-11.093075	trin
11452	-11.093134	ಮು
11453	-11.093181	▁jenis
11454	-11.093285	৩০
11455	-11.093287	▁мне
11456	-11.093292	▁según
11457	-11.093297	▁practice
11458	-11.093416	▁शिक्षा
11459	-11.093480	താര
11460	-11.093514	▁biasanya
11461	-11.093515	kata
11462	-11.093621	स्ट्र
11463	-11.093632	▁মতো
11464	-11.093705	▁जिले
11465	-11.093713	▁karl
11466	-11.093872	ими
11467	-11.094093	▁specific
11468	-11.094446	ಗೋ
11469	-11.094500	ਾਵ
11470	-11.094566	▁విస్తరించి
11471	-11.094567	▁بھر
11472	-11.094610	ológico
11473	-11.094797	▁esco
11474	-11.094944	উই
11475	-11.095303	▁mid
11476	-11.095377	رق
11477	-11.095400	ੁਲ
11478	-11.095469	правительств
11479	-11.095618	▁televisi
11480	-11.095681	স্ব
11481	-11.095721	ನ್ಸ್
11482	-11.095816	pian
11483	-11.095841	▁মৃত্যু
11484	-11.095842	▁pendidikan
11485	-11.095922	▁اپنا
11486	-11.095951	▁११
11487	-11.096082	▁الب
11488	-11.096170	▁vista
11489	-11.096300	▁among
11490	-11.096415	▁prefer
11491	-11.096872	стер
11492	-11.096911	्मा
11493	-11.096974	ப்பட்டுள்ளது
11494	-11.097097	▁mema
11495	-11.097119	▁આદિવાસી
11496	-11.097138	▁army
11497	-11.097191	▁सामान्य
11498	-11.097397	લુ
11499	-11.097437	▁உயர்
11500	-11.097643	▁భావ
11501	-11.097706	▁খেলা
11502	-11.098224	▁longo
11503	-11.098230	sehen
11504	-11.098403	▁nuevo
11505	-11.098418	▁brand
11506	-11.098419	▁पर्वत
11507	-11.098526	ुन
11508	-11.098583	స్తారు
11509	-11.098683	স্থা
11510	-11.098701	▁генерал
11511	-11.098757	être
11512	-11.098822	ানো
11513	-11.098829	▁മാത്രമ
11514	-11.098899	ucci
11515	-11.098979	▁ગયા
11516	-11.099020	▁അടുത്ത
11517	-11.099121	ிலுள்ள
11518	-11.099266	▁मात्र
11519	-11.099269	മെ
11520	-11.099375	bereich
11521	-11.099399	▁समझ
11522	-11.099424	جو
11523	-11.099441	▁sultan
11524	-11.099446	нет
11525	-11.099469	▁সাধারণ
11526	-11.099724	▁આવેલ
11527	-11.099730	▁செயல்
11528	-11.100224	▁cool
11529	-11.100259	द्द
11530	-11.100499	negativ
11531	-11.100595	▁consider
11532	-11.100771	ટ્સ
11533	-11.100960	ъ
11534	-11.100967	▁budaya
11535	-11.100999	ிக்
11536	-11.101107	▁వంటి
11537	-11.101152	▁হবে
11538	-11.101286	జయ
11539	-11.101494	mä
11540	-11.101521	овых
11541	-11.101575	▁fantas
11542	-11.101872	zzi
11543	-11.101926	ആ
11544	-11.102208	ológica
11545	-11.102243	▁ಪರಿಣಾಮ
11546	-11.102244	▁ఎక్కువ
11547	-11.102283	▁ആയിരുന്നു
11548	-11.102288	ины
11549	-11.102304	اعت
11550	-11.102372	▁بڑھ
11551	-11.102376	▁fair
11552	-11.102469	ਲੂ
11553	-11.102620	িয়াম
11554	-11.102668	ಸರ್
11555	-11.102735	▁cinco
11556	-11.102791	▁início
11557	-11.102872	▁link
11558	-11.103144	শ্ববিদ্যালয়
11559	-11.103374	റും
11560	-11.103534	▁احمد
11561	-11.103571	▁young
11562	-11.103609	▁monument
11563	-11.103664	पूर्व
11564	-11.103680	ಿಸಿಕೊಂಡ
11565	-11.103753	▁त्यामुळे
11566	-11.103950	०००
11567	-11.103993	ாள்
11568	-11.104069	ാക്കി
11569	-11.104129	ाइन
11570	-11.104394	его
11571	-11.104486	▁storia
11572	-11.104566	рон
11573	-11.104648	ві
11574	-11.104815	▁ಸಂಖ್ಯೆ
11575	-11.104816	▁প্রাচীন
11576	-11.104816	▁হচ্ছে
11577	-11.104843	▁మొదలైన
11578	-11.104967	▁hans
11579	-11.105135	லக
11580	-11.105331	▁già
11581	-11.105443	▁cours
11582	-11.105494	stone
11583	-11.105539	شہ
11584	-11.105605	ગ્ર
11585	-11.105627	mara
11586	-11.105712	▁теле
11587	-11.105759	uff
11588	-11.105764	ਚਰ
11589	-11.105917	ших
11590	-11.106105	▁विभिन्न
11591	-11.106193	ают
11592	-11.106529	rmi
11593	-11.106606	▁usado
11594	-11.106652	igkeit
11595	-11.106768	ਰੀਆ
11596	-11.106858	ులను
11597	-11.106954	সমা
11598	-11.107395	▁امریکی
11599	-11.107396	▁ਸੰਗੀਤ
11600	-11.107411	वली
11601	-11.107430	ത്തിനും
11602	-11.107547	negara
11603	-11.107589	כל
11604	-11.107625	iyor
11605	-11.107850	ण्याचे
11606	-11.107890	дель
11607	-11.107894	ಭಾಗ
11608	-11.107965	▁students
11609	-11.108057	داد
11610	-11.108582	▁franco
11611	-11.108687	▁जिल्हा
11612	-11.108687	▁વિકાસ
11613	-11.108769	▁തുടർന്ന്
11614	-11.108803	▁promise
11615	-11.108844	गृह
11616	-11.109023	ுவது
11617	-11.109093	ਲਾਈ
11618	-11.109255	▁আর্
11619	-11.109285	▁played
11620	-11.109327	▁humne
11621	-11.109371	▁संत
11622	-11.109817	▁பேர
11623	-11.109981	బ్రహ్మ
11624	-11.109981	▁electric
11625	-11.109981	▁تاہم
11626	-11.109981	▁रेल्वे
11627	-11.109981	▁અભ્યાસ
11628	-11.109982	▁современн
11629	-11.109983	▁sekarang
11630	-11.110091	ഭാഷ
11631	-11.110434	▁living
11632	-11.110435	ഷണ
11633	-11.110534	▁karya
11634	-11.110601	ভু
11635	-11.110746	০০০
11636	-11.110896	ांतर
11637	-11.110935	വിന്റെ
11638	-11.110937	▁pose
11639	-11.111064	▁مسلم
11640	-11.111185	▁இருப்ப
11641	-11.111251	ива
11642	-11.111403	▁निवड
11643	-11.111494	▁vend
11644	-11.111989	▁लाख
11645	-11.112247	print
11646	-11.112263	igung
11647	-11.112280	തിനെ
11648	-11.112440	এম
11649	-11.112444	▁programme
11650	-11.112573	▁কলকাতা
11651	-11.112574	▁सामाजिक
11652	-11.112576	▁सकते
11653	-11.112597	ப்படி
11654	-11.112619	▁taraf
11655	-11.112864	▁આવેલી
11656	-11.112891	گو
11657	-11.112947	▁മുന്ന
11658	-11.113033	▁elementos
11659	-11.113100	étude
11660	-11.113110	▁teori
11661	-11.113140	দান
11662	-11.113180	▁فن
11663	-11.113682	ഭാവ
11664	-11.113724	ವಿದ್ಯ
11665	-11.113765	വിധ
11666	-11.113805	ബർ
11667	-11.113856	અલ
11668	-11.113869	▁જાહેર
11669	-11.113872	▁عظیم
11670	-11.113978	▁moral
11671	-11.113997	▁mondo
11672	-11.114027	▁عہد
11673	-11.114148	▁ಶಿವ
11674	-11.114164	клю
11675	-11.114252	ગ્રી
11676	-11.114310	▁ഹൈ
11677	-11.114809	▁நோக்க
11678	-11.114956	▁જાણ
11679	-11.115154	реш
11680	-11.115172	▁પહોંચ
11681	-11.115234	ವಹಿಸ
11682	-11.115310	પ્લ
11683	-11.115446	mail
11684	-11.115448	▁عرب
11685	-11.115557	raz
11686	-11.115709	யார்
11687	-11.115787	ाइट
11688	-11.115817	ਪਲ
11689	-11.115849	▁част
11690	-11.115966	▁juta
11691	-11.116414	▁marca
11692	-11.116474	মন্ত্রী
11693	-11.116475	zähl
11694	-11.116475	▁части
11695	-11.116570	ੱਜ
11696	-11.116597	क्षित
11697	-11.116624	▁प्राण
11698	-11.116667	▁francés
11699	-11.116702	నో
11700	-11.116714	▁ಗುರು
11701	-11.116935	▁തുടങ്ങി
11702	-11.116972	ರಾದ
11703	-11.117114	▁એન્ડ
11704	-11.117188	రియ
11705	-11.117528	appel
11706	-11.117782	▁teacher
11707	-11.117783	ием
11708	-11.117833	▁सिद्ध
11709	-11.118354	ವಾಗಿತ್ತು
11710	-11.118424	ங்களுக்கு
11711	-11.118775	ancien
11712	-11.118894	▁penting
11713	-11.119029	▁figura
11714	-11.119066	रम
11715	-11.119093	▁nuova
11716	-11.119102	▁கூ
11717	-11.119123	▁જેને
11718	-11.119145	abili
11719	-11.119155	ുമ്പോൾ
11720	-11.119160	▁മരണ
11721	-11.119183	▁ചെറു
11722	-11.119190	▁साधारण
11723	-11.119238	▁प्रेम
11724	-11.119293	▁militer
11725	-11.119405	കളിലും
11726	-11.119576	▁त्रि
11727	-11.119879	▁continue
11728	-11.120026	▁જિલ્લાના
11729	-11.120029	াইল
11730	-11.120031	બળ
11731	-11.120053	▁compara
11732	-11.120277	▁রাজ্য
11733	-11.120308	▁michel
11734	-11.120971	গ্রা
11735	-11.121126	▁సంవత్సర
11736	-11.121173	▁services
11737	-11.121245	லும்
11738	-11.121499	ೋರ್
11739	-11.121550	kro
11740	-11.121757	cito
11741	-11.121782	▁ਪੰ
11742	-11.122079	ਸੂ
11743	-11.122097	▁bring
11744	-11.122307	یشن
11745	-11.122393	ന്ത്ര
11746	-11.122510	▁جسے
11747	-11.122542	▁ഉണ്ടായ
11748	-11.122607	ટ્ટ
11749	-11.122691	▁funciona
11750	-11.122788	र्न
11751	-11.123011	▁núcleo
11752	-11.123012	▁rakyat
11753	-11.123081	గణ
11754	-11.123223	▁लक्ष
11755	-11.123399	ુર
11756	-11.123449	▁१४
11757	-11.123469	jah
11758	-11.123590	▁ತಿಂಗಳ
11759	-11.123768	ಳೆಯ
11760	-11.124086	ющих
11761	-11.124154	▁ਜੈ
11762	-11.124288	ಶು
11763	-11.124329	▁universitas
11764	-11.124347	мед
11765	-11.124391	గ్ర
11766	-11.124457	▁pedro
11767	-11.124519	વિદ
11768	-11.124532	book
11769	-11.124661	▁zaman
11770	-11.124820	രായ
11771	-11.124979	രിച്ച
11772	-11.125253	عت
11773	-11.125266	ость
11774	-11.125566	വേഷ
11775	-11.125637	▁بعض
11776	-11.125640	▁madrid
11777	-11.125645	▁રહ્યા
11778	-11.125662	લું
11779	-11.125721	▁школ
11780	-11.125743	▁ചെറിയ
11781	-11.125764	ணர்
11782	-11.125937	▁outro
11783	-11.126024	▁ਜੰਗ
11784	-11.126155	▁penye
11785	-11.126296	▁match
11786	-11.126444	ਹਰ
11787	-11.126524	▁homo
11788	-11.126606	▁காரணமாக
11789	-11.126620	▁થવા
11790	-11.126904	▁கூட
11791	-11.126953	দ্বীপ
11792	-11.127344	▁clean
11793	-11.127529	ટન
11794	-11.127602	ístico
11795	-11.127660	वान
11796	-11.127684	▁काढ
11797	-11.127693	વ્યા
11798	-11.127788	bund
11799	-11.127997	লাই
11800	-11.128014	▁ਸਭਾ
11801	-11.128090	ுக்
11802	-11.128093	▁स्वा
11803	-11.128154	▁నిర్మించ
11804	-11.128270	▁although
11805	-11.128270	▁creativity
11806	-11.128270	▁области
11807	-11.128270	▁പ്രശസ്ത
11808	-11.128271	▁mouvement
11809	-11.128456	▁ಹೊಂದಿದೆ
11810	-11.128506	▁मुक्त
11811	-11.128571	భవ
11812	-11.128585	▁minor
11813	-11.128673	چی
11814	-11.128698	ified
11815	-11.128724	hur
11816	-11.128745	▁gesch
11817	-11.128803	ాల్లో
11818	-11.128932	জার
11819	-11.128958	ंतरराष्ट्रीय
11820	-11.129028	ਕਿਰ
11821	-11.129051	qa
11822	-11.129183	▁akhir
11823	-11.129225	▁സംഘ
11824	-11.129335	వారి
11825	-11.129356	▁মূল
11826	-11.129574	પે
11827	-11.129637	▁উৎস
11828	-11.129642	قہ
11829	-11.129835	െല്ലാം
11830	-11.129837	▁नामक
11831	-11.130408	▁கட்டு
11832	-11.130592	ிருக்கும்
11833	-11.130775	ತೆಗೆ
11834	-11.130911	gráfica
11835	-11.130911	▁تقریباً
11836	-11.130911	▁ধরনের
11837	-11.130912	▁skills
11838	-11.130914	▁ದೊರೆ
11839	-11.130915	▁خاندان
11840	-11.131004	метр
11841	-11.131129	ഭ്യ
11842	-11.131132	▁संयुक्त
11843	-11.131200	▁мира
11844	-11.131214	▁lieu
11845	-11.131448	▁guy
11846	-11.131646	▁vent
11847	-11.131693	ਬਾਦ
11848	-11.131708	▁ഡെ
11849	-11.131880	ভাষ
11850	-11.131922	कू
11851	-11.131927	▁কারণ
11852	-11.132092	లుగా
11853	-11.132233	إ
11854	-11.132235	▁luglio
11855	-11.132235	▁tornou
11856	-11.132235	▁அனைத்து
11857	-11.132288	▁છતાં
11858	-11.132308	▁doctor
11859	-11.132339	સન
11860	-11.132492	▁அரசு
11861	-11.132511	نک
11862	-11.132704	▁dekhna
11863	-11.132731	ಗೊಳ್ಳ
11864	-11.132849	▁card
11865	-11.132977	▁convert
11866	-11.133003	▁italian
11867	-11.133178	▁वाट
11868	-11.133327	बाई
11869	-11.133474	র্জ
11870	-11.133518	▁ilhas
11871	-11.133559	▁ಪಂದ್ಯ
11872	-11.133792	▁орган
11873	-11.133861	▁interior
11874	-11.133903	▁వద్ద
11875	-11.133984	ਫਰ
11876	-11.134286	▁mostra
11877	-11.134484	▁കളി
11878	-11.134733	ഇ
11879	-11.134890	▁وسلم
11880	-11.134930	▁बुद्ध
11881	-11.134968	വിദ്യ
11882	-11.135028	сп
11883	-11.135100	વાસ
11884	-11.135226	▁estudo
11885	-11.135532	versa
11886	-11.135619	▁बहु
11887	-11.135908	மானது
11888	-11.136094	out
11889	-11.136212	▁जानेवारी
11890	-11.136213	▁район
11891	-11.136265	▁والد
11892	-11.136281	▁udara
11893	-11.136291	▁உட்
11894	-11.136294	▁johann
11895	-11.136331	▁நூல்
11896	-11.136395	છા
11897	-11.136537	ശാ
11898	-11.136571	▁ರಚಿಸ
11899	-11.136652	wing
11900	-11.136860	▁hanging
11901	-11.136872	lassen
11902	-11.136987	টের
11903	-11.137079	▁হলে
11904	-11.137107	ಲ್ಲಾ
11905	-11.137328	ಲಾದ
11906	-11.137542	▁आधुनिक
11907	-11.137645	▁christmas
11908	-11.137672	ധന
11909	-11.137746	▁നടത്തിയ
11910	-11.138038	र्द
11911	-11.138112	சே
11912	-11.138188	יש
11913	-11.138198	ਕਿ
11914	-11.138435	িম
11915	-11.138618	সং
11916	-11.138806	уд
11917	-11.138831	ంటి
11918	-11.138865	हू
11919	-11.138866	▁italiana
11920	-11.138873	ಃ
11921	-11.138873	▁కుటుంబ
11922	-11.138879	occasion
11923	-11.139000	ುವಿಕೆ
11924	-11.139088	▁देता
11925	-11.139090	organismo
11926	-11.139132	bour
11927	-11.139161	▁bzw
11928	-11.139179	amiento
11929	-11.139280	ಕೊಳ್ಳ
11930	-11.139324	▁verde
11931	-11.139338	ചര
11932	-11.139511	▁western
11933	-11.139614	▁आठ
11934	-11.140117	ப்பை
11935	-11.140137	দর্শ
11936	-11.140206	▁público
11937	-11.140330	▁current
11938	-11.140471	১১
11939	-11.140674	ధ్య
11940	-11.140916	▁hasil
11941	-11.140993	▁રંગ
11942	-11.141231	▁کرتی
11943	-11.141242	िये
11944	-11.141514	▁ક્લ
11945	-11.141603	▁comunica
11946	-11.141756	▁canada
11947	-11.141852	▁ਪੈਦਾ
11948	-11.141973	নিয়া
11949	-11.142233	ਮਲ
11950	-11.142285	dido
11951	-11.142303	્મ
11952	-11.142340	ીત
11953	-11.142379	▁xii
11954	-11.142720	ങ്ങൾക്കു
11955	-11.142751	▁dort
11956	-11.142770	తులు
11957	-11.142789	▁simbol
11958	-11.142879	œuvre
11959	-11.142879	▁terutama
11960	-11.143003	рок
11961	-11.143025	▁lima
11962	-11.143069	▁worth
11963	-11.143085	వ్యా
11964	-11.143164	દર
11965	-11.143494	য়ো
11966	-11.143738	ır
11967	-11.143775	▁बॉ
11968	-11.143785	▁હાલ
11969	-11.144028	industrie
11970	-11.144068	யில
11971	-11.144126	▁incon
11972	-11.144186	נה
11973	-11.144202	ಗೊ
11974	-11.144217	▁ਵੱਡਾ
11975	-11.144289	শক্তি
11976	-11.144307	ക്കാർ
11977	-11.144526	chter
11978	-11.144662	▁februar
11979	-11.144786	வோ
11980	-11.145085	▁આપી
11981	-11.145482	পূর্ণ
11982	-11.145557	▁cependant
11983	-11.145622	ಕ್ಕಿಂತ
11984	-11.145706	▁ધો
11985	-11.145875	ಗೂ
11986	-11.145920	▁jack
11987	-11.145970	இல்
11988	-11.146173	ూరి
11989	-11.146296	ീന
11990	-11.146379	▁വിവര
11991	-11.146478	સાર
11992	-11.146489	െടുക്ക
11993	-11.146632	চু
11994	-11.146686	பாட்ட
11995	-11.146775	▁बंद
11996	-11.146900	▁already
11997	-11.146932	▁cantante
11998	-11.146971	▁ആയ
11999	-11.147010	ল্ড
12000	-11.147289	▁usually
12001	-11.147350	▁विवाह
12002	-11.147388	▁reste
12003	-11.147617	▁பணி
12004	-11.147618	િયો
12005	-11.147650	▁fosse
12006	-11.147732	▁pena
12007	-11.147743	▁ಪಕ್ಷ
12008	-11.147847	▁menteri
12009	-11.147917	নগর
12010	-11.148192	▁aumenta
12011	-11.148193	▁mehrere
12012	-11.148210	ಣೆಯ
12013	-11.148224	▁بند
12014	-11.148235	േണ്ട
12015	-11.148244	▁લગભગ
12016	-11.148245	▁ವ್ಯಕ್ತಿ
12017	-11.148347	▁conseil
12018	-11.148384	▁melhor
12019	-11.148418	▁સંબંધ
12020	-11.148443	ाध्यक्ष
12021	-11.148505	▁pressure
12022	-11.148571	▁مسلمانوں
12023	-11.148578	نوں
12024	-11.148779	ഭവ
12025	-11.148840	జు
12026	-11.148923	▁പുറത്ത
12027	-11.149024	dollar
12028	-11.149087	बि
12029	-11.149235	டெ
12030	-11.149320	પૂર્વ
12031	-11.149590	പടിഞ്ഞാറ
12032	-11.149781	▁premio
12033	-11.150128	ദിന
12034	-11.150405	рк
12035	-11.150414	▁habit
12036	-11.150452	▁prior
12037	-11.150704	▁jogo
12038	-11.150837	▁women
12039	-11.150938	▁અમેરિકા
12040	-11.150953	▁argument
12041	-11.151029	▁ਸਪ
12042	-11.151064	▁കേരളത്തിലെ
12043	-11.151255	▁stuff
12044	-11.151534	hard
12045	-11.151629	ார்கள்
12046	-11.151657	நகர
12047	-11.151759	▁پانی
12048	-11.151909	▁casi
12049	-11.151936	▁அமைந்துள்ள
12050	-11.152286	രാഷ്ട്ര
12051	-11.152308	▁ಯುದ್ಧ
12052	-11.152397	▁दर्शन
12053	-11.152424	▁તેનું
12054	-11.152428	▁condition
12055	-11.152461	▁প্রদান
12056	-11.152575	▁status
12057	-11.152678	વૈ
12058	-11.152788	ઝી
12059	-11.152966	এন
12060	-11.153158	க்கால
12061	-11.153338	ಕ್ಕಿ
12062	-11.153639	▁física
12063	-11.153639	▁مذہب
12064	-11.153664	▁circo
12065	-11.153680	लिक
12066	-11.153823	▁શોધ
12067	-11.153903	ிருப்ப
12068	-11.154046	▁disso
12069	-11.154104	▁ihm
12070	-11.154154	▁അതു
12071	-11.154187	gou
12072	-11.154263	ಲಿಲ್ಲ
12073	-11.154269	ന്നി
12074	-11.154297	▁हु
12075	-11.154361	shed
12076	-11.154432	▁చేసిన
12077	-11.154466	▁municipal
12078	-11.154565	regierung
12079	-11.154993	▁concelho
12080	-11.155009	▁ಅಧಿಕಾರ
12081	-11.155029	époque
12082	-11.155087	▁ವಿಧಾನ
12083	-11.155113	ంటు
12084	-11.155241	বাড়ি
12085	-11.155257	▁pouco
12086	-11.155533	▁стро
12087	-11.155552	ोन
12088	-11.155728	പോ
12089	-11.155848	руж
12090	-11.155920	head
12091	-11.156014	pac
12092	-11.156154	▁catal
12093	-11.156215	▁ഉൾ
12094	-11.156346	entwicklung
12095	-11.156346	▁اختیار
12096	-11.156347	▁ఆర్ట్స్
12097	-11.156349	গ্রন্থ
12098	-11.156384	▁ہا
12099	-11.156547	ਮਨ
12100	-11.156774	▁wild
12101	-11.156841	▁പട്ട
12102	-11.157002	▁ਮੰਨਿਆ
12103	-11.157134	ീസ്
12104	-11.157408	isasi
12105	-11.157478	माण
12106	-11.157703	▁আন্তর্জাতিক
12107	-11.157704	▁শতাব্দী
12108	-11.157704	▁దక్షిణ
12109	-11.158061	▁একই
12110	-11.158105	▁aller
12111	-11.158252	ொரு
12112	-11.158260	ಲೈ
12113	-11.158459	வார்
12114	-11.158581	ുടെ
12115	-11.158684	▁regno
12116	-11.158756	ड़े
12117	-11.158863	slav
12118	-11.158922	ತೋ
12119	-11.159038	▁રાજા
12120	-11.159062	▁gennaio
12121	-11.159064	▁દરેક
12122	-11.159065	టె
12123	-11.159069	▁ਘੱਟ
12124	-11.159106	▁nomina
12125	-11.159181	ؤ
12126	-11.159208	▁જોકે
12127	-11.159315	▁kaiser
12128	-11.159328	▁अल्
12129	-11.159521	▁சங்க
12130	-11.159541	пад
12131	-11.159749	öl
12132	-11.160051	▁മൂ
12133	-11.160088	зы
12134	-11.160364	ేంద్ర
12135	-11.160368	instal
12136	-11.160383	গো
12137	-11.160422	▁গবেষণা
12138	-11.160423	▁जुलै
12139	-11.160425	▁hrsg
12140	-11.160435	समूह
12141	-11.160504	▁других
12142	-11.160565	▁quest
12143	-11.160674	స్తాడు
12144	-11.160677	▁இருந்தது
12145	-11.160826	ാലയ
12146	-11.161126	▁introduc
12147	-11.161177	्ल
12148	-11.161432	াইট
12149	-11.161519	న్నా
12150	-11.161725	పోత
12151	-11.161785	▁যখন
12152	-11.161785	▁যেখানে
12153	-11.161785	▁இரண்டாம்
12154	-11.161786	▁अध्यक्ष
12155	-11.161787	▁ಅದನ್ನು
12156	-11.161788	▁اکثر
12157	-11.161862	▁according
12158	-11.161931	▁അതിന്റെ
12159	-11.162004	▁spesso
12160	-11.162141	▁beat
12161	-11.162192	മാക
12162	-11.162347	▁वो
12163	-11.162359	▁agua
12164	-11.162816	েক
12165	-11.162838	▁carta
12166	-11.162875	▁within
12167	-11.162888	್ಯೂ
12168	-11.162914	ੰਸ
12169	-11.162986	ல்லி
12170	-11.162997	ਮੋ
12171	-11.163172	ಯ್ಯ
12172	-11.163188	nternasional
12173	-11.163282	ਸ਼ਰ
12174	-11.163287	▁ഓഫ്
12175	-11.163330	▁bintang
12176	-11.163345	▁parents
12177	-11.163465	▁الع
12178	-11.163740	▁operation
12179	-11.163745	চন্দ্র
12180	-11.163783	▁ಬರೆದ
12181	-11.163807	rze
12182	-11.163826	▁जिसे
12183	-11.163985	▁natal
12184	-11.164068	▁migra
12185	-11.164173	চা
12186	-11.164214	▁தலைமை
12187	-11.164515	œ
12188	-11.164516	▁période
12189	-11.164517	▁achieve
12190	-11.164540	▁england
12191	-11.164567	▁అయిన
12192	-11.164636	▁ജോ
12193	-11.164680	ंडी
12194	-11.164699	constitution
12195	-11.164708	imiento
12196	-11.164709	రువు
12197	-11.164747	▁چند
12198	-11.164845	ائن
12199	-11.164941	નિયમ
12200	-11.165013	ளா
12201	-11.165036	▁этого
12202	-11.165077	▁ಕಟ್ಟ
12203	-11.165098	వచ్చు
12204	-11.165124	▁vice
12205	-11.165864	▁financial
12206	-11.165884	▁فیصد
12207	-11.165884	▁ఉంటుంది
12208	-11.165914	▁बंगाल
12209	-11.165921	▁ਅੰਦਰ
12210	-11.165961	▁yanni
12211	-11.166136	▁journal
12212	-11.166231	▁മൈ
12213	-11.166247	લાલ
12214	-11.166567	▁முழு
12215	-11.166605	▁વધ
12216	-11.166956	বিজ্ঞানী
12217	-11.166985	മാര
12218	-11.167253	▁मोठ्या
12219	-11.167279	▁আরও
12220	-11.167336	▁अंतर
12221	-11.167356	▁fish
12222	-11.167475	રાજ
12223	-11.167505	▁entanto
12224	-11.167737	eign
12225	-11.167747	▁termina
12226	-11.167790	েড
12227	-11.167861	▁basic
12228	-11.168035	▁చేర
12229	-11.168037	ಧಾ
12230	-11.168093	▁view
12231	-11.168097	▁оста
12232	-11.168195	િટ
12233	-11.168263	લ્ટ
12234	-11.168278	▁dasar
12235	-11.168281	уз
12236	-11.168445	▁anterior
12237	-11.168538	சாலை
12238	-11.168617	নাথ
12239	-11.168771	stern
12240	-11.168822	▁clear
12241	-11.168837	നാണ്
12242	-11.168891	▁बड़ा
12243	-11.168938	મેન્ટ
12244	-11.168954	▁statt
12245	-11.169011	▁కులాల
12246	-11.169061	ೆಲ್ಲ
12247	-11.169326	ಲ್ಪಟ್ಟ
12248	-11.169603	ೆಂಬ
12249	-11.169654	સ્થા
12250	-11.169660	▁quasi
12251	-11.169999	▁ಆಡಳಿತ
12252	-11.170074	▁englisch
12253	-11.170185	▁tierra
12254	-11.170188	પદ
12255	-11.170211	▁നടത്ത
12256	-11.170269	▁ਰੰਗ
12257	-11.170290	▁آیا
12258	-11.170393	ization
12259	-11.170460	મેન
12260	-11.170531	ীদের
12261	-11.170532	▁ಎಲ್ಲಾ
12262	-11.170677	प्रमाणे
12263	-11.170712	अर
12264	-11.170886	▁המ
12265	-11.171083	ந்தார்
12266	-11.171210	ध्य
12267	-11.171258	▁lengua
12268	-11.171365	▁samjha
12269	-11.171374	▁پنجاب
12270	-11.171412	hö
12271	-11.171417	▁ঘটে
12272	-11.171535	▁theory
12273	-11.171607	▁રહી
12274	-11.171643	▁सब
12275	-11.171989	ಫಾ
12276	-11.172059	▁نق
12277	-11.172067	▁transfer
12278	-11.172090	venir
12279	-11.172373	▁اصل
12280	-11.172379	ణా
12281	-11.172552	стве
12282	-11.172626	hid
12283	-11.172751	▁ਕੇਂਦਰ
12284	-11.172804	лем
12285	-11.172807	▁ವಿಷಯ
12286	-11.172944	▁دان
12287	-11.173133	فار
12288	-11.173586	वय
12289	-11.173649	▁tren
12290	-11.173903	ಾಗುವ
12291	-11.173903	▁senza
12292	-11.173903	ക്ട
12293	-11.173973	ಕಾರಿ
12294	-11.174032	▁bukan
12295	-11.174092	حص
12296	-11.174130	▁મહિના
12297	-11.174131	▁district
12298	-11.174131	▁हिंदू
12299	-11.174257	▁mental
12300	-11.174418	пит
12301	-11.174422	নীতি
12302	-11.174591	▁regel
12303	-11.174612	ंडा
12304	-11.174800	व्हा
12305	-11.174834	ತೆಯನ್ನು
12306	-11.174908	▁welche
12307	-11.175512	gesellschaft
12308	-11.175512	▁جیسے
12309	-11.175515	ेशन
12310	-11.175580	▁ਵਰਤੋਂ
12311	-11.175597	▁ਸਮਝ
12312	-11.175651	setzung
12313	-11.175707	▁قسم
12314	-11.175962	▁பழ
12315	-11.175964	▁raya
12316	-11.175982	நோ
12317	-11.175994	▁சிறு
12318	-11.176020	américain
12319	-11.176096	ిస్తాడు
12320	-11.176558	తుల
12321	-11.176579	▁assum
12322	-11.176658	ация
12323	-11.176683	▁পূর্বে
12324	-11.176712	▁prec
12325	-11.176720	ಾರ್ಥ
12326	-11.176875	वड
12327	-11.176895	▁प्रकाशित
12328	-11.176895	▁இராணுவ
12329	-11.176910	▁sondern
12330	-11.177061	ದಂತೆ
12331	-11.177132	▁ਕਰਦੀ
12332	-11.177672	▁represent
12333	-11.177827	ത്തിലാണ്
12334	-11.177995	५०
12335	-11.178212	वरील
12336	-11.178281	▁अमेरिकन
12337	-11.178322	నారాయణ
12338	-11.178794	শন
12339	-11.178865	▁અનેક
12340	-11.179225	ന്തി
12341	-11.179667	▁दौरान
12342	-11.179667	▁பிரித்தானிய
12343	-11.179705	▁తెగల
12344	-11.179718	ात्मक
12345	-11.179773	▁hoch
12346	-11.179954	സൈ
12347	-11.180155	▁सौ
12348	-11.180217	▁perché
12349	-11.180304	▁દૂર
12350	-11.180593	▁நடத்த
12351	-11.180665	▁ohne
12352	-11.180675	▁इन्
12353	-11.180709	ખી
12354	-11.180769	▁seinem
12355	-11.180846	▁नस
12356	-11.180957	പ്പെടുത്ത
12357	-11.181056	▁méxico
12358	-11.181057	▁imagine
12359	-11.181069	▁பொருள்
12360	-11.181131	▁ترقی
12361	-11.181135	களிலும்
12362	-11.181160	▁দুর্
12363	-11.181387	ೀಕರಣ
12364	-11.181437	ભાઈ
12365	-11.181520	tiques
12366	-11.181612	हून
12367	-11.181666	▁machine
12368	-11.181943	▁૧૦
12369	-11.182177	▁мене
12370	-11.182447	▁friedrich
12371	-11.182447	▁ખૂબ
12372	-11.182447	▁ಪಶ್ಚಿಮ
12373	-11.182489	▁मोठे
12374	-11.182504	▁أن
12375	-11.182533	▁மிகவும்
12376	-11.182565	▁ਪਾਣੀ
12377	-11.182777	▁само
12378	-11.182989	▁এমন
12379	-11.183120	▁cycl
12380	-11.183290	▁ਮੌ
12381	-11.183464	▁இந்
12382	-11.183473	▁pernah
12383	-11.183475	▁авто
12384	-11.183528	▁meeting
12385	-11.183571	ಾಯ್
12386	-11.183677	acqua
12387	-11.183846	▁addition
12388	-11.183860	lı
12389	-11.183862	▁método
12390	-11.183943	కులు
12391	-11.184022	▁linea
12392	-11.184114	áveis
12393	-11.184272	▁কোনো
12394	-11.184352	ాలి
12395	-11.184874	മാൻ
12396	-11.184887	▁ರೋಗ
12397	-11.184932	▁जर्मनी
12398	-11.185060	овые
12399	-11.185071	ностью
12400	-11.185173	▁மார்
12401	-11.185235	▁ਰਾਹੀਂ
12402	-11.185243	▁актёр
12403	-11.185270	инд
12404	-11.185383	ब्ल
12405	-11.185454	▁ಪ್ರಭಾವ
12406	-11.185486	thy
12407	-11.185488	▁sole
12408	-11.185489	▁மாற
12409	-11.185692	▁anyone
12410	-11.185744	film
12411	-11.185800	тар
12412	-11.186131	▁chah
12413	-11.186631	▁repubblica
12414	-11.186631	▁বাহিনী
12415	-11.186632	▁அவரது
12416	-11.186633	▁embargo
12417	-11.186664	▁అభివృద్ధి
12418	-11.186701	тельно
12419	-11.186812	ено
12420	-11.186882	ಿಕೊಂಡು
12421	-11.186883	ലും
12422	-11.187304	▁ಮ್ಯಾ
12423	-11.187450	▁கோயில்
12424	-11.187584	சம்
12425	-11.187831	തിരി
12426	-11.187895	▁అమ్మ
12427	-11.187948	▁ದೇಶದ
12428	-11.188030	▁settembre
12429	-11.188030	▁territoire
12430	-11.188030	▁ਹਿੰਦੀ
12431	-11.188082	▁ponto
12432	-11.188383	ಿಯಾಗಿ
12433	-11.188520	▁જૂન
12434	-11.188942	ೀಕರಿಸ
12435	-11.189211	ండు
12436	-11.189383	ਬਰਾ
12437	-11.189424	▁generale
12438	-11.189430	▁hospital
12439	-11.189430	▁பல்வேறு
12440	-11.189431	▁सम्राट
12441	-11.189952	▁ہند
12442	-11.190059	▁മൂന്ന
12443	-11.190483	▁પક્ષ
12444	-11.190741	एल
12445	-11.190771	▁उद्
12446	-11.190833	▁बौद्ध
12447	-11.190866	рем
12448	-11.190869	▁carlos
12449	-11.190880	▁ধরে
12450	-11.190926	വംശ
12451	-11.191150	▁получил
12452	-11.191166	▁ਕਾਲਜ
12453	-11.191248	▁mill
12454	-11.191519	પુ
12455	-11.191835	▁comuni
12456	-11.191867	гар
12457	-11.191882	▁சீன
12458	-11.191917	ਸ਼ਕ
12459	-11.192014	тр
12460	-11.192238	▁জনসংখ্যা
12461	-11.192238	▁గణాంకాల
12462	-11.192239	▁لاہور
12463	-11.192296	നാട
12464	-11.192328	▁european
12465	-11.192356	▁الح
12466	-11.192468	лия
12467	-11.192624	ੰਟ
12468	-11.192717	▁ಬಳಿ
12469	-11.192796	▁பால
12470	-11.192814	േഷൻ
12471	-11.192969	▁పని
12472	-11.193018	િયમ
12473	-11.193118	▁connu
12474	-11.193756	▁નવા
12475	-11.193830	വശ
12476	-11.193857	▁eco
12477	-11.194271	▁شمال
12478	-11.194421	ंबर
12479	-11.194907	führung
12480	-11.194953	सू
12481	-11.194976	▁playing
12482	-11.195054	▁નજીક
12483	-11.195056	▁કહેવાય
12484	-11.195143	▁പറഞ്ഞ
12485	-11.195165	▁official
12486	-11.195189	ഫ്ര
12487	-11.195600	ились
12488	-11.195620	цен
12489	-11.195628	מי
12490	-11.195879	изма
12491	-11.195949	▁место
12492	-11.196060	▁chaque
12493	-11.196103	▁યોજ
12494	-11.196241	اپ
12495	-11.196315	ામાં
12496	-11.196464	▁ప్రపంచ
12497	-11.196471	▁produit
12498	-11.196472	▁bernama
12499	-11.196492	▁ప్రేమ
12500	-11.196950	ادر
12501	-11.196986	▁لگا
12502	-11.197097	વાન
12503	-11.197145	▁registra
12504	-11.197165	থি
12505	-11.197201	▁ಕೆಳ
12506	-11.197494	▁اے
12507	-11.197694	৯০
12508	-11.197717	ية
12509	-11.197875	▁ਦਿੱਲੀ
12510	-11.198063	▁день
12511	-11.198090	ന്യ
12512	-11.198208	▁reach
12513	-11.198264	länder
12514	-11.198265	ல்லா
12515	-11.198547	▁এসে
12516	-11.198594	వాద
12517	-11.198648	▁കൂടിയ
12518	-11.198660	ല്യ
12519	-11.198686	▁நீர
12520	-11.198783	▁ಹುಟ್ಟ
12521	-11.198917	ళ్ళు
12522	-11.198995	▁వారం
12523	-11.199085	ేయ
12524	-11.199106	▁મહે
12525	-11.199207	▁ಇದ್ದ
12526	-11.199289	▁mencapai
12527	-11.199289	▁بلکہ
12528	-11.199290	▁produção
12529	-11.199290	▁unterschied
12530	-11.199293	▁ಎತ್ತರ
12531	-11.199311	▁letzte
12532	-11.199319	▁സിനിമ
12533	-11.199547	▁third
12534	-11.199831	▁paper
12535	-11.199889	▁ਭਾਈ
12536	-11.199905	▁यांचे
12537	-11.199962	oxid
12538	-11.200194	ੱਪ
12539	-11.200309	▁ನಟ
12540	-11.200419	▁હાથ
12541	-11.200490	▁पेश
12542	-11.200645	یٰ
12543	-11.200706	▁వెంకట
12544	-11.200706	▁áfrica
12545	-11.200706	▁ਵਿਸ਼ੇਸ਼
12546	-11.200707	▁मृत्यु
12547	-11.200760	▁కొన్ని
12548	-11.200904	ನ್ನೂ
12549	-11.201034	▁battle
12550	-11.201209	tual
12551	-11.201236	▁வெப்ப
12552	-11.201336	▁بین
12553	-11.201697	गुप्त
12554	-11.201807	ાત્મક
12555	-11.201847	শীল
12556	-11.202060	ਨਗਰ
12557	-11.202098	media
12558	-11.202125	▁صوبہ
12559	-11.202125	▁ನಡುವೆ
12560	-11.202182	ಜ್ಞಾನ
12561	-11.202227	▁identifica
12562	-11.202310	▁വിവിധ
12563	-11.202437	рожд
12564	-11.202469	▁இள
12565	-11.202667	▁abge
12566	-11.202715	తల
12567	-11.202761	గం
12568	-11.202840	▁ചെയ്യുന്ന
12569	-11.203340	сел
12570	-11.203355	▁investment
12571	-11.203531	বাজার
12572	-11.203545	▁например
12573	-11.203545	▁फेब्रुवारी
12574	-11.203545	▁விடுதலை
12575	-11.203545	▁పబ్లిక్
12576	-11.203545	▁ಪ್ರಸಿದ್ಧ
12577	-11.203546	▁peuvent
12578	-11.203609	▁اعظم
12579	-11.203629	▁ખુ
12580	-11.204041	ೂರ
12581	-11.204245	енные
12582	-11.204269	▁hoje
12583	-11.204311	▁مغربی
12584	-11.204475	▁observ
12585	-11.204521	défini
12586	-11.204522	২০
12587	-11.204639	▁prime
12588	-11.204782	▁కార్య
12589	-11.204785	▁ਚੌ
12590	-11.204882	мет
12591	-11.204967	▁હેઠળ
12592	-11.204967	▁നക്ഷത്ര
12593	-11.204968	▁ವಿವಿಧ
12594	-11.205184	▁access
12595	-11.205387	▁అనేక
12596	-11.205414	શિ
12597	-11.205513	▁mediante
12598	-11.205590	గిరి
12599	-11.205644	nilai
12600	-11.205802	▁гре
12601	-11.205824	itz
12602	-11.205972	देखील
12603	-11.206047	▁того
12604	-11.206084	▁treat
12605	-11.206392	▁gobierno
12606	-11.206450	▁मिळव
12607	-11.206580	स्म
12608	-11.206812	jaya
12609	-11.206921	ਫਾ
12610	-11.207017	તક
12611	-11.207359	બાર
12612	-11.207449	গী
12613	-11.207658	ઇલ
12614	-11.207804	ёл
12615	-11.207914	▁بلند
12616	-11.207937	▁muslim
12617	-11.208466	தர
12618	-11.208561	▁لڑ
12619	-11.208633	gada
12620	-11.208736	ദീ
12621	-11.208900	▁республик
12622	-11.208987	▁પગ
12623	-11.209248	▁ആവശ്യ
12624	-11.209267	▁either
12625	-11.209500	êm
12626	-11.209524	▁જ્યાં
12627	-11.209866	ೇಶ್ವರ
12628	-11.209915	ांपैकी
12629	-11.209986	רי
12630	-11.210008	സൗ
12631	-11.210080	ഷി
12632	-11.210130	ோட்ட
12633	-11.210131	▁einge
12634	-11.210407	▁ಹರಿ
12635	-11.210417	▁सीमा
12636	-11.210678	▁которых
12637	-11.210688	▁alcune
12638	-11.210849	▁diventa
12639	-11.211011	▁reichs
12640	-11.211256	▁muda
12641	-11.211330	ಮೇ
12642	-11.211369	ೀರ್
12643	-11.211402	unità
12644	-11.211414	▁padre
12645	-11.211527	dü
12646	-11.211577	▁considerado
12647	-11.211618	ಯಾಗಿದೆ
12648	-11.211661	▁ಬಲ
12649	-11.211786	▁ਗੀਤ
12650	-11.211909	కుల
12651	-11.212024	▁মনে
12652	-11.212045	ిస్తున్న
12653	-11.212111	▁первый
12654	-11.212111	▁लोकप्रिय
12655	-11.212112	▁nuovo
12656	-11.212114	▁через
12657	-11.212151	▁వైద్యశాల
12658	-11.212231	▁వచ్చిన
12659	-11.212349	▁saya
12660	-11.212385	licher
12661	-11.212580	▁খুব
12662	-11.212989	▁futur
12663	-11.213059	گن
12664	-11.213242	▁قومی
12665	-11.213409	▁algo
12666	-11.213436	▁palm
12667	-11.213461	▁victor
12668	-11.213804	যা
12669	-11.214175	टिक
12670	-11.214361	ियां
12671	-11.214511	പ്ല
12672	-11.214926	ിയ്ക്ക
12673	-11.214982	▁particolare
12674	-11.214983	▁estrutura
12675	-11.214986	▁suggest
12676	-11.215065	శాల
12677	-11.215073	▁સંસ્થા
12678	-11.215268	ાયેલ
12679	-11.215296	▁तुम
12680	-11.215298	▁dekhne
12681	-11.215481	▁antar
12682	-11.215786	▁tetap
12683	-11.215839	nese
12684	-11.215874	لن
12685	-11.216002	ાલય
12686	-11.216116	्लो
12687	-11.216140	গুলোর
12688	-11.216200	ার্ড
12689	-11.216235	▁abhi
12690	-11.216346	▁ಮುಂದ
12691	-11.216421	▁dicembre
12692	-11.216421	▁জনপ্রিয়
12693	-11.216421	▁ಅಧ್ಯಯನ
12694	-11.216463	▁യൂ
12695	-11.216580	▁त्यांची
12696	-11.216600	▁accident
12697	-11.216718	▁ആദ്യത്തെ
12698	-11.216751	▁aproximada
12699	-11.216840	▁అందు
12700	-11.216848	▁ਵਿਚਾਰ
12701	-11.217015	കളാണ്
12702	-11.217038	▁piano
12703	-11.217531	ೇಶ
12704	-11.217837	▁खान
12705	-11.217861	▁उल्लेख
12706	-11.217987	▁ഉണ്ട്
12707	-11.218040	kreis
12708	-11.218040	▁dimension
12709	-11.218160	ాలని
12710	-11.218287	mple
12711	-11.218479	ளவு
12712	-11.218591	▁polo
12713	-11.218626	▁avoir
12714	-11.218844	▁rota
12715	-11.219148	గ్గ
12716	-11.219235	മന്ത്രി
12717	-11.219305	▁dianggap
12718	-11.219305	▁বাঙালি
12719	-11.219330	▁dream
12720	-11.219330	▁ఉత్తర
12721	-11.219405	▁vengono
12722	-11.219441	ભો
12723	-11.219468	▁ಹಾಗು
12724	-11.219484	▁சோழ
12725	-11.219660	▁தேவை
12726	-11.219794	▁समान
12727	-11.219945	▁आम
12728	-11.219952	timo
12729	-11.220501	قط
12730	-11.220616	ப்பட்டன
12731	-11.220637	▁આમ
12732	-11.220750	▁professor
12733	-11.220801	ർജ്ജ
12734	-11.220826	▁ਪ੍ਰਸਿੱਧ
12735	-11.220907	▁માતા
12736	-11.221104	dzie
12737	-11.221149	▁thu
12738	-11.221366	▁মানুষ
12739	-11.221448	▁regione
12740	-11.221766	▁बर्
12741	-11.221775	▁core
12742	-11.221871	▁factor
12743	-11.221928	stellen
12744	-11.221995	▁પહેલા
12745	-11.222028	▁ಬಾರಿ
12746	-11.222184	▁അഞ്ച
12747	-11.222197	▁کیونکہ
12748	-11.222198	▁ಉತ್ತಮ
12749	-11.222256	▁ಒಳಗೊಂಡ
12750	-11.222270	▁புதிய
12751	-11.222328	▁পড়ে
12752	-11.222570	नुसार
12753	-11.222718	▁political
12754	-11.222744	▁schon
12755	-11.222801	▁ಬಗೆ
12756	-11.222865	પાલ
12757	-11.223346	fern
12758	-11.223447	▁उसने
12759	-11.223651	▁গঠন
12760	-11.223800	ಾತ್ಮಕ
12761	-11.223942	▁اہل
12762	-11.224072	▁அறிய
12763	-11.224113	▁ஆக
12764	-11.224218	▁january
12765	-11.224279	▁यांना
12766	-11.224447	▁காட்ட
12767	-11.224524	▁русско
12768	-11.224688	▁அவற்ற
12769	-11.224857	മർ
12770	-11.224915	ится
12771	-11.224926	▁இன்
12772	-11.224945	▁prix
12773	-11.225097	▁incluye
12774	-11.225102	ਫੋ
12775	-11.225132	▁ಶಿಕ್ಷಣ
12776	-11.225183	▁proceso
12777	-11.225226	▁moderna
12778	-11.225319	ন্ন
12779	-11.225536	▁पिता
12780	-11.225586	கின்றது
12781	-11.225655	▁elemento
12782	-11.225705	र्थ
12783	-11.226076	▁येते
12784	-11.226192	▁max
12785	-11.226204	▁militare
12786	-11.226295	rien
12787	-11.226531	ಛ
12788	-11.226590	ический
12789	-11.226777	▁قدر
12790	-11.226804	bru
12791	-11.226876	্রো
12792	-11.227128	அமைந்துள்ளது
12793	-11.227405	▁ਆਪਣਾ
12794	-11.227416	▁published
12795	-11.227546	▁കഴിഞ്ഞ
12796	-11.227715	▁commune
12797	-11.227756	லின்
12798	-11.227780	હાર
12799	-11.227817	betrieb
12800	-11.227849	wak
12801	-11.228006	▁సైన్స్
12802	-11.228024	ശേഷ
12803	-11.228075	తన
12804	-11.228076	▁ਪੰਜ
12805	-11.228134	▁కోసం
12806	-11.228208	ಕೊಟ್ಟ
12807	-11.228260	▁см
12808	-11.228328	▁அமைந்த
12809	-11.228358	▁interest
12810	-11.228437	ത്തോടെ
12811	-11.228442	кам
12812	-11.228472	▁ಜಿಲ್ಲೆಯ
12813	-11.228486	▁अंग
12814	-11.228565	▁function
12815	-11.228570	▁उसका
12816	-11.228660	▁கல்வி
12817	-11.228766	char
12818	-11.228767	ест
12819	-11.228770	▁నిర్
12820	-11.228866	▁સ્વરૂપ
12821	-11.228903	▁nationale
12822	-11.228992	ాంత
12823	-11.229077	▁ਬੈ
12824	-11.229156	▁milti
12825	-11.229245	ക്ഷേത്ര
12826	-11.229350	iah
12827	-11.229558	▁स्वतः
12828	-11.229596	ാമത്തെ
12829	-11.229680	▁bha
12830	-11.229685	▁kö
12831	-11.229751	tò
12832	-11.229915	▁где
12833	-11.230018	▁आग
12834	-11.230046	ंदा
12835	-11.230060	▁হলো
12836	-11.230065	ಭೂಮಿ
12837	-11.230134	▁village
12838	-11.230290	▁செய்யப்பட்ட
12839	-11.230384	ڑھ
12840	-11.230440	ಜು
12841	-11.230694	सो
12842	-11.230768	▁ಅಂತರ
12843	-11.230830	త్తి
12844	-11.230856	బీ
12845	-11.230886	tório
12846	-11.230925	▁giugno
12847	-11.230925	▁membentuk
12848	-11.230925	▁നിരവധി
12849	-11.230934	▁pendant
12850	-11.230993	▁ജാ
12851	-11.231312	▁നദി
12852	-11.231470	ಕ್ಷಣ
12853	-11.231517	▁coin
12854	-11.232022	▁myth
12855	-11.232076	▁چین
12856	-11.232244	▁voor
12857	-11.232309	२५
12858	-11.232387	▁ಬಿಡುಗಡೆ
12859	-11.232388	▁joseph
12860	-11.232390	▁surprise
12861	-11.232391	▁ਕਿਤਾਬ
12862	-11.232403	▁quelques
12863	-11.232403	▁قرار
12864	-11.232406	▁luz
12865	-11.232760	▁مرکز
12866	-11.232980	▁લેવા
12867	-11.233041	ാവ്
12868	-11.233205	▁exam
12869	-11.233287	▁kurz
12870	-11.233519	▁dinam
12871	-11.233768	kira
12872	-11.233809	▁ప్రాంతాల
12873	-11.233851	▁انداز
12874	-11.233854	▁சென்னை
12875	-11.234290	▁திரைப்படமாக
12876	-11.234360	िश
12877	-11.234399	▁minu
12878	-11.234449	▁jika
12879	-11.234612	▁धाव
12880	-11.234663	▁شمالی
12881	-11.234811	ਖਰ
12882	-11.234829	▁held
12883	-11.234859	▁celebra
12884	-11.234921	▁ചെയ്യുന്നു
12885	-11.235052	▁cover
12886	-11.235316	▁sebesar
12887	-11.235316	▁એટલે
12888	-11.235435	▁memberikan
12889	-11.235600	ಹಾರ
12890	-11.235793	▁empat
12891	-11.235888	▁ഗ്രാമ
12892	-11.236016	ിലാണ്
12893	-11.236288	ਟ੍ਰ
12894	-11.236434	തീ
12895	-11.236495	▁spin
12896	-11.236585	▁ಗ್ರಾಮ
12897	-11.236658	رن
12898	-11.236682	ராம
12899	-11.236787	▁shayad
12900	-11.236789	▁khayal
12901	-11.236800	▁সদর
12902	-11.236807	▁badi
12903	-11.236850	tech
12904	-11.236859	▁museo
12905	-11.236945	ലൂ
12906	-11.236965	ഭി
12907	-11.237000	വസ്തു
12908	-11.237711	▁సబ్
12909	-11.237814	ડર
12910	-11.237892	▁लिख
12911	-11.238033	▁ಮಾಡುವ
12912	-11.238131	▁combina
12913	-11.238154	ultima
12914	-11.238193	تار
12915	-11.238214	▁ਗਿ
12916	-11.238256	▁fashion
12917	-11.238257	▁سیاسی
12918	-11.238270	▁genannt
12919	-11.238541	સ્તા
12920	-11.238626	ización
12921	-11.238674	▁созда
12922	-11.239126	▁جانب
12923	-11.239432	бит
12924	-11.239461	mora
12925	-11.239492	ıyor
12926	-11.239673	▁cross
12927	-11.239704	▁protest
12928	-11.239729	▁డాక్టరు
12929	-11.239730	relationship
12930	-11.239737	▁ഗുരു
12931	-11.239830	▁telefon
12932	-11.240005	jen
12933	-11.240119	spekt
12934	-11.240169	▁marco
12935	-11.240349	ين
12936	-11.240367	ட்டில்
12937	-11.240797	ఎ
12938	-11.241004	sexual
12939	-11.241203	▁ditemukan
12940	-11.241203	▁tuttavia
12941	-11.241203	▁पहिल्या
12942	-11.241203	▁బ్యాంకు
12943	-11.241207	לו
12944	-11.241224	▁había
12945	-11.241307	हो
12946	-11.241332	▁pod
12947	-11.241347	▁sino
12948	-11.241372	▁জয়
12949	-11.241468	ਘਾ
12950	-11.241570	▁ಸಾಗ
12951	-11.241632	▁hydr
12952	-11.241662	ителей
12953	-11.241665	▁host
12954	-11.241729	▁থানা
12955	-11.241750	▁સંખ્યા
12956	-11.241784	▁കണ്ണ
12957	-11.241904	arten
12958	-11.241914	▁released
12959	-11.242525	▁bhai
12960	-11.242628	▁સમયે
12961	-11.242687	▁bohot
12962	-11.242708	▁conflit
12963	-11.242740	▁gunung
12964	-11.242777	ਪ੍ਰ
12965	-11.242909	▁ಸಾಧನ
12966	-11.243046	પોર્ટ
12967	-11.243122	▁legal
12968	-11.243241	nut
12969	-11.243272	ાવવા
12970	-11.243276	▁అండ్
12971	-11.243439	డీ
12972	-11.243532	▁रोग
12973	-11.243546	▁medida
12974	-11.243890	▁അടി
12975	-11.243999	▁среди
12976	-11.244160	▁بادشاہ
12977	-11.244161	▁colombia
12978	-11.244171	▁antonio
12979	-11.244186	▁angkatan
12980	-11.244267	▁различ
12981	-11.244380	దేవ
12982	-11.244482	▁नर
12983	-11.244509	yı
12984	-11.244533	▁nazionale
12985	-11.244561	▁nazi
12986	-11.244687	ഗോ
12987	-11.245060	ുവാൻ
12988	-11.245073	▁опер
12989	-11.245130	ಾಂತ
12990	-11.245149	्यात
12991	-11.245384	▁आत्म
12992	-11.245465	ધર
12993	-11.245598	कर्म
12994	-11.245641	gru
12995	-11.245641	వ్యవస్థ
12996	-11.245683	▁idioma
12997	-11.245684	▁లేరు
12998	-11.245685	haft
12999	-11.245736	парт
13000	-11.245844	iii
13001	-11.246017	▁যান
13002	-11.246222	▁kun
13003	-11.246293	▁अन्त
13004	-11.246619	▁honor
13005	-11.246708	tara
13006	-11.247082	flex
13007	-11.247125	▁दुसऱ्या
13008	-11.247198	▁ರಾಷ್ಟ್ರೀಯ
13009	-11.247271	ctic
13010	-11.247355	▁масс
13011	-11.247372	jang
13012	-11.247540	બલ
13013	-11.247729	▁अज
13014	-11.247731	▁baby
13015	-11.247732	▁મૂક
13016	-11.247903	பரி
13017	-11.248085	▁செய்து
13018	-11.248394	île
13019	-11.248466	▁அதிகார
13020	-11.248565	ियम
13021	-11.248610	▁performance
13022	-11.248675	▁ಉಳಿದ
13023	-11.248760	ർവ്വ
13024	-11.248802	वेळी
13025	-11.248878	ગઢ
13026	-11.249024	▁italien
13027	-11.249031	americano
13028	-11.249071	ನಾಗ
13029	-11.249201	▁காலத்தில்
13030	-11.249237	▁വരുന്ന
13031	-11.249422	ക്കൂ
13032	-11.249750	ரீ
13033	-11.249760	مر
13034	-11.249817	▁utilizado
13035	-11.249990	▁kyun
13036	-11.250090	োয়া
13037	-11.250115	▁സംഗീത
13038	-11.250139	▁पद्धत
13039	-11.250166	ફે
13040	-11.250204	▁ਸਬੰਧ
13041	-11.250213	▁ഇതിന്റെ
13042	-11.250537	▁எதிர
13043	-11.250660	కలు
13044	-11.251050	pped
13045	-11.251101	▁دست
13046	-11.251110	ਉਂ
13047	-11.251345	ിരിക്കുന്ന
13048	-11.251594	▁ஏற்பட்ட
13049	-11.251616	▁termine
13050	-11.251683	▁sosial
13051	-11.252005	▁মৃ
13052	-11.252077	మల
13053	-11.252109	الت
13054	-11.252113	▁largo
13055	-11.252235	തോടെ
13056	-11.252322	টু
13057	-11.252505	▁জানা
13058	-11.252658	▁consist
13059	-11.252702	▁gott
13060	-11.252720	▁cruz
13061	-11.252784	புரி
13062	-11.253083	▁రచన
13063	-11.253084	▁pc
13064	-11.253088	▁образован
13065	-11.253099	▁sumber
13066	-11.253170	▁தேசிய
13067	-11.253174	▁روم
13068	-11.253187	▁fonte
13069	-11.253197	▁آگ
13070	-11.253240	▁বিখ্যাত
13071	-11.253256	ион
13072	-11.253288	▁rund
13073	-11.253314	שה
13074	-11.253621	▁safe
13075	-11.253694	ियो
13076	-11.253773	orang
13077	-11.253818	ਮੁ
13078	-11.254249	▁rod
13079	-11.254363	▁finale
13080	-11.254412	лом
13081	-11.254484	ಪೂರ್ಣ
13082	-11.254576	völker
13083	-11.254577	▁সংস্কৃত
13084	-11.254580	körper
13085	-11.254599	▁pantai
13086	-11.254608	▁ಮಕ್ಕಳ
13087	-11.254663	▁henry
13088	-11.254676	▁પ્રક્રિયા
13089	-11.254702	▁ایران
13090	-11.254956	▁مف
13091	-11.255409	▁henri
13092	-11.255411	ನಾದ
13093	-11.255426	▁ചി
13094	-11.255646	unione
13095	-11.255765	प्प
13096	-11.255769	લ્લા
13097	-11.256074	американская
13098	-11.256155	▁труд
13099	-11.256289	▁named
13100	-11.256339	पाद
13101	-11.256356	पति
13102	-11.256638	raja
13103	-11.256734	▁tarde
13104	-11.257041	اوی
13105	-11.257051	munication
13106	-11.257084	ీయ
13107	-11.257098	யானது
13108	-11.257226	ਫੀ
13109	-11.257479	asso
13110	-11.257573	▁مشتمل
13111	-11.257573	▁ممالک
13112	-11.257574	▁બંને
13113	-11.257575	बरोबर
13114	-11.257623	▁maupun
13115	-11.257627	▁actriz
13116	-11.257627	▁તાલુકાનું
13117	-11.257657	গি
13118	-11.257672	▁இந்தியாவின்
13119	-11.257759	లోకి
13120	-11.257908	▁বৈ
13121	-11.257916	▁ಸಣ್ಣ
13122	-11.258210	ಾದರೂ
13123	-11.258369	ത്തും
13124	-11.258469	▁માનવ
13125	-11.258650	▁rice
13126	-11.258656	▁periode
13127	-11.258857	▁kho
13128	-11.259074	▁александр
13129	-11.259074	▁علاقوں
13130	-11.259074	▁ਹਿੱਸਾ
13131	-11.259127	টিকে
13132	-11.259187	▁ముందు
13133	-11.259270	▁track
13134	-11.259285	▁కోడ్
13135	-11.259296	▁habita
13136	-11.259328	▁നൽക
13137	-11.259374	стат
13138	-11.259448	▁ന്യൂ
13139	-11.259698	ಹಿತ
13140	-11.259984	▁ಹಣ
13141	-11.260011	зван
13142	-11.260088	▁appelé
13143	-11.260144	्‍य
13144	-11.260306	▁interested
13145	-11.260397	▁எழு
13146	-11.260794	ólogo
13147	-11.261008	schutz
13148	-11.261036	кли
13149	-11.261229	▁обо
13150	-11.261236	uka
13151	-11.261267	▁दिला
13152	-11.261509	ڑا
13153	-11.262084	▁washington
13154	-11.262094	▁сторон
13155	-11.262218	▁usual
13156	-11.262235	▁един
13157	-11.262321	bach
13158	-11.262446	▁texte
13159	-11.262501	▁bajo
13160	-11.262601	▁संबंध
13161	-11.262648	એમ
13162	-11.262659	▁poly
13163	-11.262857	جن
13164	-11.263008	நாத
13165	-11.263018	▁வள
13166	-11.263333	▁ಇದ
13167	-11.263539	▁genre
13168	-11.263594	▁october
13169	-11.263594	▁международн
13170	-11.263604	▁பெரும்
13171	-11.263659	গুরুত্বপূর্ণ
13172	-11.263705	▁ન્યૂ
13173	-11.263869	kala
13174	-11.264055	ographie
13175	-11.264135	ouest
13176	-11.264359	▁ভাষায়
13177	-11.264650	ному
13178	-11.264741	িশ
13179	-11.264871	ಿಂಗ್‌
13180	-11.265070	▁fala
13181	-11.265092	▁ਕਾਵਿ
13182	-11.265103	▁ещё
13183	-11.265103	▁आर्थिक
13184	-11.265104	▁effort
13185	-11.265306	▁প্রকাশিত
13186	-11.265355	▁ജില്ല
13187	-11.265436	▁store
13188	-11.265438	политическ
13189	-11.265825	▁rusia
13190	-11.265969	ાવવામાં
13191	-11.265986	▁charge
13192	-11.266022	ব্দ
13193	-11.266157	▁forest
13194	-11.266233	▁कर्
13195	-11.266265	сад
13196	-11.266346	हरा
13197	-11.266542	ੁਰ
13198	-11.266584	▁அளவ
13199	-11.266616	▁മറ്റൊരു
13200	-11.266628	▁heeft
13201	-11.266689	▁femme
13202	-11.266739	▁குறிக்க
13203	-11.266740	▁dernier
13204	-11.266802	च्च
13205	-11.267090	سن
13206	-11.267127	ப்படுகின்றது
13207	-11.267433	▁milkar
13208	-11.267482	▁نیو
13209	-11.267525	▁کرو
13210	-11.267596	▁অঞ্চলে
13211	-11.267680	▁सामने
13212	-11.267758	wang
13213	-11.267960	னும்
13214	-11.268096	▁choti
13215	-11.268131	▁ಆರ್ಥಿಕ
13216	-11.268138	▁historical
13217	-11.268418	чь
13218	-11.268643	▁ಶತಮಾನದ
13219	-11.268870	▁જેના
13220	-11.269000	hör
13221	-11.269019	▁комп
13222	-11.269335	jou
13223	-11.269500	▁least
13224	-11.269583	ॉल
13225	-11.269600	fir
13226	-11.269689	▁पदार्थ
13227	-11.269724	ਗਤ
13228	-11.269730	▁talent
13229	-11.269956	ചേര
13230	-11.270023	▁alone
13231	-11.270100	ാവുന്ന
13232	-11.270206	▁för
13233	-11.270683	твер
13234	-11.271080	▁அவை
13235	-11.271169	▁парламент
13236	-11.271169	▁माध्यम
13237	-11.271169	▁ইত্যাদি
13238	-11.271170	▁inaugura
13239	-11.271374	▁dividi
13240	-11.271515	▁తమ
13241	-11.271555	эн
13242	-11.271645	▁वाला
13243	-11.271654	யைக்
13244	-11.271756	కాలం
13245	-11.272422	કૃત
13246	-11.272678	▁ಕಡೆ
13247	-11.272690	▁économique
13248	-11.272690	▁ਮਸ਼ਹੂਰ
13249	-11.272692	▁കൂടാതെ
13250	-11.272693	▁সৃষ্টি
13251	-11.272707	▁nó
13252	-11.272939	▁সাধারণত
13253	-11.273474	ళి
13254	-11.273480	▁ਭੂ
13255	-11.273593	▁composto
13256	-11.273660	▁papel
13257	-11.273688	▁आकार
13258	-11.273787	▁அளவு
13259	-11.273808	стоя
13260	-11.273841	▁കാരണ
13261	-11.274043	▁સાત
13262	-11.274227	▁medicina
13263	-11.274231	▁वर्णन
13264	-11.274401	▁كان
13265	-11.274783	▁prepara
13266	-11.274979	▁attack
13267	-11.275215	ious
13268	-11.275742	▁وغیرہ
13269	-11.275745	मधून
13270	-11.275762	▁दृष्टि
13271	-11.275763	íveis
13272	-11.275774	▁स्थल
13273	-11.275799	বাদী
13274	-11.276105	▁चाह
13275	-11.276312	▁കഴിയ
13276	-11.276711	▁ಜನರ
13277	-11.277061	ર્ન
13278	-11.277269	▁సౌకర్యాలు
13279	-11.277273	▁ശ്രദ്ധ
13280	-11.277301	verkehr
13281	-11.277335	বর্তী
13282	-11.277428	▁terrestre
13283	-11.277459	▁paulo
13284	-11.277648	రస
13285	-11.277845	ർമ
13286	-11.277853	▁chine
13287	-11.277976	▁कवि
13288	-11.278063	▁রেল
13289	-11.278209	રિયા
13290	-11.278234	ിയായ
13291	-11.278531	archiv
13292	-11.278568	ম্যান
13293	-11.278677	▁लाल
13294	-11.278681	ખંડ
13295	-11.278718	স্তা
13296	-11.278725	વાનો
13297	-11.278731	▁collect
13298	-11.278802	▁biblioteca
13299	-11.278918	త్వ
13300	-11.279016	ಾಂಶ
13301	-11.279150	▁સામ
13302	-11.279166	भाई
13303	-11.279188	મિલ
13304	-11.279460	ષણ
13305	-11.279702	▁nieder
13306	-11.279909	തോ
13307	-11.280197	▁écrit
13308	-11.280309	▁நூல
13309	-11.280335	▁kekuasaan
13310	-11.280354	▁único
13311	-11.280365	▁பொதுவாக
13312	-11.280414	▁జనాభాతో
13313	-11.280419	ರಚನೆ
13314	-11.280641	▁tant
13315	-11.280942	▁gayi
13316	-11.280987	treten
13317	-11.281395	ദർശന
13318	-11.281436	▁ஆறு
13319	-11.281787	zze
13320	-11.281837	▁यश
13321	-11.281868	ుడ
13322	-11.281877	▁ঘোষণা
13323	-11.281974	யிலும்
13324	-11.282088	▁പേരിൽ
13325	-11.282270	éré
13326	-11.282298	▁એર
13327	-11.282391	▁దాని
13328	-11.282692	னுக்கு
13329	-11.282750	ંસ
13330	-11.283064	ദ്ദ
13331	-11.283066	frag
13332	-11.283138	ನಾಗಿ
13333	-11.283160	াংশ
13334	-11.283403	▁మండలం
13335	-11.283410	американский
13336	-11.283410	▁ಸದಸ್ಯ
13337	-11.283420	സഹായ
13338	-11.283424	▁فتح
13339	-11.283504	ification
13340	-11.283660	▁igual
13341	-11.283727	▁commission
13342	-11.283761	▁einzel
13343	-11.283776	▁много
13344	-11.283936	ರೆಯ
13345	-11.284147	schwe
13346	-11.284344	gegeben
13347	-11.284445	дар
13348	-11.284486	▁caval
13349	-11.284618	▁quais
13350	-11.284635	৬০
13351	-11.284677	ులకు
13352	-11.284951	▁ಅಭಿವೃದ್ಧಿ
13353	-11.284954	▁قتل
13354	-11.284973	▁quatre
13355	-11.285131	ढा
13356	-11.285211	പൂജ
13357	-11.285229	▁engine
13358	-11.285387	भे
13359	-11.285444	▁फार
13360	-11.285454	ibile
13361	-11.285637	ుకుని
13362	-11.286116	▁tutte
13363	-11.286131	त्ता
13364	-11.286227	скую
13365	-11.286308	▁origen
13366	-11.286309	▁uniti
13367	-11.286346	২২
13368	-11.286494	॰
13369	-11.286494	▁sebanyak
13370	-11.286494	▁ವಿರುದ್ಧ
13371	-11.286495	▁giorni
13372	-11.286497	▁trouble
13373	-11.286604	▁வழக்க
13374	-11.286608	альной
13375	-11.286639	ंभ
13376	-11.286707	▁قبل
13377	-11.286794	▁ਬਦਲ
13378	-11.286953	▁capitale
13379	-11.286960	▁जातात
13380	-11.287012	▁திட்ட
13381	-11.287078	▁રોક
13382	-11.287457	▁син
13383	-11.287551	жу
13384	-11.287605	జె
13385	-11.287606	ઉ
13386	-11.287648	▁കൊല്ല
13387	-11.287717	▁ਉਸਦੇ
13388	-11.287817	ോടെ
13389	-11.287902	▁ಅವುಗಳ
13390	-11.287955	టో
13391	-11.288055	▁gereja
13392	-11.288085	▁devient
13393	-11.288103	▁ਖੋਜ
13394	-11.288116	dico
13395	-11.288148	▁பலரும்
13396	-11.288175	ర్తి
13397	-11.288194	ball
13398	-11.288263	▁yoga
13399	-11.288289	▁زیر
13400	-11.288388	ಹೀ
13401	-11.288444	▁خدا
13402	-11.288632	▁membre
13403	-11.288654	▁bomba
13404	-11.289371	ками
13405	-11.289515	১৮
13406	-11.289588	▁république
13407	-11.289588	▁آغاز
13408	-11.289588	▁ایسے
13409	-11.289588	▁अमेरिका
13410	-11.289588	▁আন্দোলন
13411	-11.289683	▁бес
13412	-11.289852	لي
13413	-11.289875	ంజ
13414	-11.289903	ज़ा
13415	-11.289915	▁farm
13416	-11.290146	बु
13417	-11.290441	▁geral
13418	-11.290627	లోనే
13419	-11.290723	ുകളുടെ
13420	-11.290762	▁maxim
13421	-11.290809	എൻ
13422	-11.290866	école
13423	-11.290992	verlag
13424	-11.291120	▁cine
13425	-11.291138	▁microsoft
13426	-11.291139	▁శతాబ్ద
13427	-11.291175	▁declara
13428	-11.291259	▁принят
13429	-11.291457	▁june
13430	-11.291564	▁высо
13431	-11.291646	▁కానీ
13432	-11.291711	▁initial
13433	-11.291821	ível
13434	-11.291821	ഹാര
13435	-11.291897	▁ادب
13436	-11.291932	▁ഇരു
13437	-11.291972	దేవి
13438	-11.292012	▁మహ
13439	-11.292202	▁കോട്ട
13440	-11.292266	▁ਟੈ
13441	-11.292562	▁oggi
13442	-11.292691	▁técnica
13443	-11.292693	▁gruppo
13444	-11.292766	▁занима
13445	-11.292848	▁edition
13446	-11.292918	▁ਦੁਨੀਆ
13447	-11.292958	▁کھیل
13448	-11.292958	▁ಹೂ
13449	-11.293010	light
13450	-11.293010	స్తూ
13451	-11.293020	ાઇન
13452	-11.293056	க்கிறது
13453	-11.293268	వుల
13454	-11.293318	▁donne
13455	-11.293375	▁fueron
13456	-11.293427	▁ligne
13457	-11.293469	धारण
13458	-11.293549	ਤੂ
13459	-11.293682	ೊಬ್ಬ
13460	-11.293839	▁ഉപയോഗ
13461	-11.293937	▁ਚੀਨ
13462	-11.293976	▁సినిమాకు
13463	-11.294111	▁జిల్లాలో
13464	-11.294170	▁அழைக்க
13465	-11.294246	▁ఇళ్లతో
13466	-11.294246	▁హెక్టార్లలో
13467	-11.294247	▁погиб
13468	-11.294272	▁única
13469	-11.294751	phon
13470	-11.294954	स्‍
13471	-11.295033	work
13472	-11.295120	னார்
13473	-11.295184	ffa
13474	-11.295226	ுதல
13475	-11.295276	ફા
13476	-11.295617	ീകരണ
13477	-11.295628	మున
13478	-11.295735	▁logo
13479	-11.295828	▁তাঁর
13480	-11.295831	▁kepala
13481	-11.295931	▁populasi
13482	-11.295970	▁तेव्हा
13483	-11.296075	▁વહે
13484	-11.296181	▁growth
13485	-11.296461	వేద
13486	-11.296547	ichtig
13487	-11.296647	ਨਿਕ
13488	-11.296745	सागर
13489	-11.296821	▁magnet
13490	-11.296849	పర్
13491	-11.296918	ಗತಿ
13492	-11.297121	▁présent
13493	-11.297374	▁خیال
13494	-11.297476	▁reading
13495	-11.297595	▁നാല
13496	-11.298364	▁attend
13497	-11.298450	▁fell
13498	-11.298564	▁macht
13499	-11.298624	lusi
13500	-11.298743	রাজ
13501	-11.298926	▁berhasil
13502	-11.298927	നുസരിച്ച്
13503	-11.298927	▁compositor
13504	-11.298927	▁heart
13505	-11.298928	▁giorno
13506	-11.298971	గో
13507	-11.298999	▁chamado
13508	-11.299028	▁muncul
13509	-11.299352	بار
13510	-11.299582	ٹک
13511	-11.299649	▁ਕਮ
13512	-11.299660	▁мал
13513	-11.299821	▁cresce
13514	-11.299911	কী
13515	-11.300237	▁ਖਿ
13516	-11.300256	▁மீது
13517	-11.300353	▁centrale
13518	-11.300410	કારી
13519	-11.300491	നിർമ്മാണ
13520	-11.300494	▁increase
13521	-11.300629	▁அடிப்படை
13522	-11.300658	▁ਬਣਾਇਆ
13523	-11.300664	ুয়া
13524	-11.300676	▁بس
13525	-11.300709	योजन
13526	-11.300902	ફ્લ
13527	-11.301086	▁போட்டி
13528	-11.301222	▁meist
13529	-11.301361	path
13530	-11.301421	▁этот
13531	-11.301550	وع
13532	-11.301610	▁muchos
13533	-11.301683	▁पंच
13534	-11.301847	ാണെന്ന
13535	-11.302058	▁ಸ್ಥಾಪಿಸ
13536	-11.302060	▁ਦੂਜੇ
13537	-11.302071	▁origem
13538	-11.302074	▁ਹੇਠ
13539	-11.302242	▁ಮುಂದೆ
13540	-11.302370	▁ভাষার
13541	-11.302536	quin
13542	-11.302778	ിട്ടു
13543	-11.302997	रुप
13544	-11.303008	▁mercado
13545	-11.303628	▁पुरुष
13546	-11.303629	विरुद्ध
13547	-11.303630	▁liegt
13548	-11.303642	▁berarti
13549	-11.303854	▁ಜೊತೆಗೆ
13550	-11.303874	▁require
13551	-11.304029	▁existem
13552	-11.304129	ോൾ
13553	-11.304530	▁fly
13554	-11.304532	▁মানুষের
13555	-11.304601	ень
13556	-11.304627	legen
13557	-11.304914	▁बेट
13558	-11.305043	stamm
13559	-11.305050	gericht
13560	-11.305372	द्वार
13561	-11.305440	▁км
13562	-11.305471	▁carl
13563	-11.305796	▁soll
13564	-11.305862	▁cuba
13565	-11.305928	▁ciclo
13566	-11.306041	▁ഇല
13567	-11.306093	▁তিন
13568	-11.306317	దో
13569	-11.306421	aï
13570	-11.306445	▁गुरु
13571	-11.306470	മായും
13572	-11.306496	▁materia
13573	-11.306541	ಗಳನ್ನೂ
13574	-11.306594	igne
13575	-11.306743	▁કરવાની
13576	-11.306776	▁library
13577	-11.306776	▁સાહિત્ય
13578	-11.306825	▁ਜਿਹਨਾਂ
13579	-11.306828	കളില
13580	-11.306923	▁jaana
13581	-11.307280	श्च
13582	-11.307288	ોનું
13583	-11.307343	▁ஆற்ற
13584	-11.307543	ям
13585	-11.307743	▁সম্পর্ক
13586	-11.308032	дор
13587	-11.308118	ിച്ചിരുന്ന
13588	-11.308197	▁texto
13589	-11.308205	ುದು
13590	-11.308352	▁account
13591	-11.308362	▁স্কুল
13592	-11.308519	▁baatein
13593	-11.308596	▁morning
13594	-11.308609	▁अनुवाद
13595	-11.308625	താമസ
13596	-11.308636	▁ਅੱਜ
13597	-11.308699	▁સ્થાપ
13598	-11.308834	кро
13599	-11.308875	▁આર્
13600	-11.308922	▁அமைப்பு
13601	-11.309011	▁केल्या
13602	-11.309056	కె
13603	-11.309173	ும
13604	-11.309204	▁seria
13605	-11.309319	చక్ర
13606	-11.309933	▁ਦਿਹਾਂਤ
13607	-11.309966	▁অবস্থান
13608	-11.309987	તંત્ર
13609	-11.310086	▁relative
13610	-11.310313	▁interesse
13611	-11.310478	▁akhirnya
13612	-11.310553	్లా
13613	-11.310664	सूत्र
13614	-11.310689	bourg
13615	-11.310862	▁जाए
13616	-11.311032	స్తున్న
13617	-11.311072	ਂਗ
13618	-11.311076	▁दल
13619	-11.311515	▁మగవారి
13620	-11.311516	പ്പോഴ
13621	-11.311547	▁শাসন
13622	-11.311556	▁નોંધ
13623	-11.311668	▁பற்றிய
13624	-11.311719	▁അവരുടെ
13625	-11.311725	▁bidang
13626	-11.311838	▁মূলত
13627	-11.311947	▁terme
13628	-11.312161	▁pemba
13629	-11.312202	طر
13630	-11.312312	▁proses
13631	-11.312362	▁tema
13632	-11.312408	кла
13633	-11.312441	ುದನ್ನು
13634	-11.312481	णू
13635	-11.312592	ಪತಿ
13636	-11.312847	▁climat
13637	-11.312983	ੂੰ
13638	-11.313099	▁ਜ਼ਿਆਦਾ
13639	-11.313100	▁población
13640	-11.313120	onda
13641	-11.313127	▁ಬೆಳೆಯ
13642	-11.313132	ئن
13643	-11.313134	▁quartier
13644	-11.313510	מת
13645	-11.313717	▁manuel
13646	-11.313833	▁бог
13647	-11.313860	▁جنوبی
13648	-11.314437	▁किए
13649	-11.314687	свобод
13650	-11.314687	▁ఆడవారి
13651	-11.314687	▁ఇంజనీరింగ్
13652	-11.314688	▁scientific
13653	-11.314688	▁இலக்கிய
13654	-11.314835	▁castell
13655	-11.315576	лер
13656	-11.315598	schlag
13657	-11.315752	сен
13658	-11.315886	zw
13659	-11.316277	▁royaume
13660	-11.316278	▁diferencia
13661	-11.316278	▁স্থাপন
13662	-11.316298	application
13663	-11.316326	▁siehe
13664	-11.316331	మూర్తి
13665	-11.316406	▁گرد
13666	-11.316505	objet
13667	-11.316542	ब्रा
13668	-11.316768	▁રમત
13669	-11.316847	куп
13670	-11.316898	▁ನಿರ್ಮಿಸ
13671	-11.316918	▁math
13672	-11.316933	ധാര
13673	-11.317080	rawa
13674	-11.317160	પણે
13675	-11.317460	থে
13676	-11.317667	мов
13677	-11.317744	pole
13678	-11.317869	▁ਕਿਲੋਮੀਟਰ
13679	-11.317870	▁mengalami
13680	-11.317949	шу
13681	-11.318046	▁kü
13682	-11.318127	▁наук
13683	-11.318192	specialmente
13684	-11.318263	▁child
13685	-11.318321	ಾಗಿದೆ
13686	-11.318379	bh
13687	-11.318567	▁представ
13688	-11.318636	ший
13689	-11.318789	▁میل
13690	-11.318809	▁universidad
13691	-11.319090	▁दिली
13692	-11.319184	ಖಂಡ
13693	-11.319373	▁heard
13694	-11.319407	খ্যাত
13695	-11.319407	▁milke
13696	-11.319414	الہ
13697	-11.319472	▁вопрос
13698	-11.319494	ങ്
13699	-11.319582	▁വേണ്ടി
13700	-11.319774	▁brief
13701	-11.319837	▁finanz
13702	-11.319857	▁niveau
13703	-11.319977	പ്രദേശ
13704	-11.320490	मेल
13705	-11.320549	вший
13706	-11.320820	पान
13707	-11.321001	▁തുടങ്ങിയവ
13708	-11.321058	руд
13709	-11.321061	▁vietnam
13710	-11.321063	▁અંગે
13711	-11.321166	▁congress
13712	-11.321270	ৃষ্ট
13713	-11.321405	▁भागात
13714	-11.321514	ಸನ್
13715	-11.321546	▁cela
13716	-11.321627	யாளர்
13717	-11.321647	▁ciência
13718	-11.322427	▁ಅಂಗ
13719	-11.322466	▁حل
13720	-11.322661	▁december
13721	-11.322661	▁قرآن
13722	-11.322662	▁exciting
13723	-11.322662	▁कभी
13724	-11.322662	▁লেখক
13725	-11.322663	▁hubungan
13726	-11.322894	▁ಸಂಗ್ರಹ
13727	-11.323177	ância
13728	-11.323179	▁ನಂಬ
13729	-11.323348	ముల
13730	-11.323764	▁उर्
13731	-11.323849	वून
13732	-11.324089	இ
13733	-11.324247	групп
13734	-11.324268	▁cambridge
13735	-11.324281	▁विरोध
13736	-11.324321	▁१३
13737	-11.324326	▁బస్సు
13738	-11.324362	cicl
13739	-11.324435	కుండా
13740	-11.324486	▁જંગલ
13741	-11.324492	▁مص
13742	-11.324505	▁ਵਿਚੋਂ
13743	-11.324550	▁expo
13744	-11.324641	▁жив
13745	-11.324984	▁भारतातील
13746	-11.324994	▁തേ
13747	-11.325161	▁মাসে
13748	-11.325166	▁ஆண்ட
13749	-11.325170	▁estuda
13750	-11.325251	▁río
13751	-11.325304	▁ਰੂਸ
13752	-11.325312	▁milano
13753	-11.325316	▁pizza
13754	-11.325372	▁jaata
13755	-11.325508	▁masse
13756	-11.325569	▁ಮಹ
13757	-11.325576	▁ਅੰਗ
13758	-11.325580	▁રાખવા
13759	-11.325665	ਆਨ
13760	-11.325870	▁இவரது
13761	-11.325870	▁మేనేజిమెంటు
13762	-11.325948	▁tribu
13763	-11.326035	▁ಹೀಗೆ
13764	-11.326037	വൃത്ത
13765	-11.326047	▁два
13766	-11.326091	▁газ
13767	-11.326140	▁પ્રમાણે
13768	-11.326175	ٹن
13769	-11.326208	▁प्रदान
13770	-11.326293	ল্ল
13771	-11.326316	▁alimenta
13772	-11.326465	▁aumento
13773	-11.326534	▁luft
13774	-11.326616	▁সমাজ
13775	-11.326756	ರಿಯಾ
13776	-11.326781	▁concert
13777	-11.326815	িয়
13778	-11.327390	હુ
13779	-11.327477	▁ಪುಸ್ತಕ
13780	-11.327477	▁difference
13781	-11.327478	▁યુરોપ
13782	-11.327488	▁married
13783	-11.327574	▁ਵੱਲੋਂ
13784	-11.327586	ണ്ടായിരുന്നു
13785	-11.327722	િકા
13786	-11.327826	▁ઊં
13787	-11.327869	▁அதி
13788	-11.327879	▁അവിടെ
13789	-11.327977	schiff
13790	-11.327991	▁garanti
13791	-11.328084	▁nasce
13792	-11.328282	ணு
13793	-11.328317	▁healthy
13794	-11.328520	▁direkt
13795	-11.328543	альных
13796	-11.328773	יר
13797	-11.328918	чёт
13798	-11.328993	▁گے
13799	-11.329087	▁pública
13800	-11.329087	▁tradicional
13801	-11.329087	▁নির্বাচন
13802	-11.329093	▁शुरू
13803	-11.329133	▁military
13804	-11.329352	▁पुणे
13805	-11.329514	bier
13806	-11.329674	енной
13807	-11.329759	▁اندر
13808	-11.329959	▁collection
13809	-11.330270	▁प्रांत
13810	-11.330287	▁competition
13811	-11.330460	▁badal
13812	-11.330469	▁ಜೊತೆ
13813	-11.330656	▁tipi
13814	-11.330700	▁ব্যবহৃত
13815	-11.330700	▁తొలి
13816	-11.330701	▁పెళ్ళి
13817	-11.330732	▁ತುಂಬ
13818	-11.330764	▁এখন
13819	-11.330883	▁बड़े
13820	-11.330981	भ्र
13821	-11.331121	▁lungo
13822	-11.331194	▁ચાલ
13823	-11.331200	ಖ್ಯಾತ
13824	-11.331323	▁সরকারি
13825	-11.331341	ீடு
13826	-11.331399	▁уже
13827	-11.331420	▁programma
13828	-11.331499	▁acid
13829	-11.331503	▁всех
13830	-11.331634	▁ਉੱਚ
13831	-11.331993	లింగ
13832	-11.331999	▁liberal
13833	-11.332162	ющие
13834	-11.332212	▁ಸರ್ವ
13835	-11.332315	▁సిబ్బంది
13836	-11.332336	میر
13837	-11.332360	▁член
13838	-11.332438	▁tentara
13839	-11.332663	▁ਗੱਲ
13840	-11.332829	▁half
13841	-11.332921	▁गये
13842	-11.333123	▁rose
13843	-11.333127	▁بارے
13844	-11.333135	▁ಗುರುತಿಸ
13845	-11.333602	્યૂ
13846	-11.333662	клад
13847	-11.333775	ਿੰਦਰ
13848	-11.333935	▁রাষ্ট্রপতি
13849	-11.333936	▁действи
13850	-11.333941	▁argentino
13851	-11.333944	▁café
13852	-11.334010	▁راست
13853	-11.334096	▁cristian
13854	-11.334283	▁institute
13855	-11.334301	▁wolf
13856	-11.334509	▁নব
13857	-11.334629	▁ஓர்
13858	-11.334635	▁diversas
13859	-11.334643	নাল
13860	-11.334745	▁mother
13861	-11.334791	புர
13862	-11.335124	richtung
13863	-11.335218	▁ઈન્
13864	-11.335372	▁adam
13865	-11.335377	хан
13866	-11.335429	arco
13867	-11.335555	▁महत्वपूर्ण
13868	-11.335574	▁লেখা
13869	-11.335594	anglais
13870	-11.335599	▁abril
13871	-11.335903	ാണിത്
13872	-11.336017	મૂ
13873	-11.336079	ını
13874	-11.336166	pper
13875	-11.336192	▁carlo
13876	-11.336794	ભૂત
13877	-11.337013	ית
13878	-11.337040	ஸ
13879	-11.337177	സാമ്രാജ്യ
13880	-11.337224	▁diesem
13881	-11.337293	▁senhor
13882	-11.337318	ಸೊ
13883	-11.337443	पत
13884	-11.337543	കിട
13885	-11.337721	ീകരിച്ച
13886	-11.337763	▁বর্তমান
13887	-11.337784	ಹರ
13888	-11.337784	▁சந்தி
13889	-11.337995	▁count
13890	-11.338024	▁ಮೊದಲು
13891	-11.338062	ological
13892	-11.338084	chel
13893	-11.338204	ॉन
13894	-11.338245	▁পাঠ
13895	-11.338276	wick
13896	-11.338316	ತೊ
13897	-11.338392	▁اثر
13898	-11.338480	пан
13899	-11.338637	્ઝ
13900	-11.338688	▁ਉਤ
13901	-11.338804	▁bestimmt
13902	-11.338804	▁revolution
13903	-11.338804	▁última
13904	-11.338804	▁صورت
13905	-11.338805	▁سامي
13906	-11.338806	▁واپس
13907	-11.338821	▁వృత్తి
13908	-11.338842	▁contoh
13909	-11.339011	tür
13910	-11.339168	▁ಅಂಶ
13911	-11.339202	▁વસે
13912	-11.339525	▁महान
13913	-11.339730	▁পালন
13914	-11.339767	automat
13915	-11.340184	▁ਤਕ
13916	-11.340344	منٹ
13917	-11.340405	▁मॅ
13918	-11.340433	▁الدین
13919	-11.340493	▁வளர்ச்சி
13920	-11.340496	▁possibili
13921	-11.340732	▁llega
13922	-11.340858	▁estudia
13923	-11.340959	ssé
13924	-11.341027	▁ఆలయ
13925	-11.341066	▁জীব
13926	-11.341069	▁বিশ্বের
13927	-11.341208	▁private
13928	-11.341437	▁جنوب
13929	-11.341457	ದೇವ
13930	-11.341508	േരി
13931	-11.341635	izar
13932	-11.342064	▁mientras
13933	-11.342064	▁डिसेंबर
13934	-11.342065	▁chhoti
13935	-11.342155	scribi
13936	-11.342319	▁त्यानंतर
13937	-11.342343	▁ತೆರ
13938	-11.342430	▁بول
13939	-11.342535	▁tried
13940	-11.342574	கார
13941	-11.342597	ધુ
13942	-11.342637	▁recebe
13943	-11.342793	▁karke
13944	-11.342804	▁உற்பத்தி
13945	-11.342813	limp
13946	-11.343105	সহ
13947	-11.343115	▁europea
13948	-11.343173	स्थान
13949	-11.343183	שו
13950	-11.343308	ران
13951	-11.343442	▁ਸਿੱਖਿਆ
13952	-11.343582	▁considered
13953	-11.343668	द्व
13954	-11.343698	▁граждан
13955	-11.343698	▁تقسیم
13956	-11.343699	▁மருத்துவ
13957	-11.343710	einander
13958	-11.343764	▁स्वरूप
13959	-11.343851	acterísticas
13960	-11.343966	▁வளர்
13961	-11.343976	верх
13962	-11.344097	▁probabil
13963	-11.344137	▁geralmente
13964	-11.344141	ಾಂತರ
13965	-11.344162	▁direito
13966	-11.344334	ੰਜ
13967	-11.344511	ગ્રામ
13968	-11.344593	енного
13969	-11.344632	▁ફરી
13970	-11.344749	▁লক্ষ
13971	-11.344800	▁ભારતના
13972	-11.344923	▁работа
13973	-11.344930	▁सांग
13974	-11.345194	▁guida
13975	-11.345240	▁herb
13976	-11.345298	▁senat
13977	-11.345334	▁ਵਿਅਕਤੀ
13978	-11.345335	▁desarrollo
13979	-11.345335	▁когда
13980	-11.345335	▁чемпион
13981	-11.345335	▁एप्रिल
13982	-11.345335	▁शताब्दी
13983	-11.345335	▁રજૂ
13984	-11.345335	▁తర్వాత
13985	-11.345345	▁स्वयं
13986	-11.345430	▁বয়স
13987	-11.345522	▁پڑھ
13988	-11.345855	▁ਸੇਵਾ
13989	-11.346424	▁કાર્
13990	-11.346500	▁filho
13991	-11.346556	▁decide
13992	-11.346781	ಗ್ರಾ
13993	-11.346790	▁ഇല്ല
13994	-11.346835	▁ਪ੍ਰੋ
13995	-11.346868	તન
13996	-11.346960	▁französisch
13997	-11.346974	▁распростран
13998	-11.346992	▁firma
13999	-11.346992	▁જીરુ
14000	-11.346999	જર
14001	-11.347010	▁kommt
14002	-11.347027	▁dès
14003	-11.347047	▁mengha
14004	-11.347073	ought
14005	-11.347088	▁ઘર
14006	-11.347124	▁verdade
14007	-11.347219	▁पाच
14008	-11.347376	▁தமிழக
14009	-11.347402	ਪਤ
14010	-11.347538	▁પડે
14011	-11.347631	forschung
14012	-11.347639	ಫೋ
14013	-11.347733	▁context
14014	-11.348118	ಪಾಲ
14015	-11.348125	▁ഇതിന
14016	-11.348372	▁جم
14017	-11.348550	▁havia
14018	-11.348570	kaya
14019	-11.348616	▁françois
14020	-11.348616	▁చరిత్ర
14021	-11.348618	▁পরিবর্তন
14022	-11.348619	▁nombreuses
14023	-11.348621	▁fundamental
14024	-11.348666	ેલી
14025	-11.348681	▁quatro
14026	-11.348860	وج
14027	-11.349044	▁protein
14028	-11.349156	▁درجہ
14029	-11.349268	▁നാടക
14030	-11.349319	ਕੋਟ
14031	-11.349355	platz
14032	-11.349375	▁ಮಾನವ
14033	-11.349381	વાળા
14034	-11.349899	▁भाषे
14035	-11.349906	▁fusion
14036	-11.350027	वॉ
14037	-11.350070	theorie
14038	-11.350237	▁مسلمان
14039	-11.350261	▁معلوم
14040	-11.350261	▁ধারণা
14041	-11.350264	ಲ್ಪಡ
14042	-11.350265	शैली
14043	-11.350266	▁वर्तमान
14044	-11.350278	▁strategi
14045	-11.350323	ાયેલા
14046	-11.350350	▁যদিও
14047	-11.350396	▁korea
14048	-11.350404	▁various
14049	-11.350465	▁hund
14050	-11.350610	▁kapal
14051	-11.350624	рис
14052	-11.350654	зон
14053	-11.350665	▁karun
14054	-11.350747	▁comunidade
14055	-11.350847	ವಾಗುತ್ತದೆ
14056	-11.351115	బాబు
14057	-11.351124	▁यांचा
14058	-11.351149	▁newton
14059	-11.351266	▁comment
14060	-11.351366	▁kunst
14061	-11.351369	▁ಸಹಾಯ
14062	-11.351528	▁paz
14063	-11.351675	২৫
14064	-11.351776	▁পরবর্তী
14065	-11.351810	ù
14066	-11.351840	rebbe
14067	-11.351863	യിലുള്ള
14068	-11.351908	▁বিরুদ্ধে
14069	-11.351909	▁स्वातंत्र्य
14070	-11.351910	▁francês
14071	-11.351959	▁খান
14072	-11.351995	మార్గ
14073	-11.352108	▁jagah
14074	-11.352157	വർഷ
14075	-11.352167	▁हाथ
14076	-11.352376	▁sedang
14077	-11.352561	▁அங்க
14078	-11.352584	▁رنگ
14079	-11.352707	puesta
14080	-11.352973	వె
14081	-11.353211	▁travers
14082	-11.353559	▁tomorrow
14083	-11.353596	ల్లి
14084	-11.353606	▁हजार
14085	-11.353673	▁porque
14086	-11.353818	▁ਵੰਡ
14087	-11.353969	ическая
14088	-11.353979	▁करण्यासाठी
14089	-11.354012	▁చా
14090	-11.354135	मृत
14091	-11.354186	ходит
14092	-11.354232	മെന്റ
14093	-11.354249	▁перед
14094	-11.354405	ੇਸ਼ਨ
14095	-11.354531	ങ്ങളിലെ
14096	-11.354535	റിയപ്പെടുന്ന
14097	-11.354625	pack
14098	-11.354785	▁rome
14099	-11.355154	▁client
14100	-11.355191	территори
14101	-11.355211	▁इंग्लिश
14102	-11.355211	▁सुमारे
14103	-11.355211	▁ಇತಿಹಾಸ
14104	-11.355212	▁oxford
14105	-11.355214	▁objek
14106	-11.355219	▁हॉ
14107	-11.355387	▁விளக்க
14108	-11.355449	▁ಆಗಿ
14109	-11.355585	▁চাল
14110	-11.355613	▁divide
14111	-11.355664	ंमध्ये
14112	-11.355712	▁बनाया
14113	-11.355795	▁starting
14114	-11.355955	tät
14115	-11.356114	્યાં
14116	-11.356161	▁eigene
14117	-11.356216	zionali
14118	-11.356453	▁ರೀತಿಯ
14119	-11.356527	▁ગીત
14120	-11.356799	▁ਪ੍ਰਕਾਸ਼
14121	-11.356852	▁independent
14122	-11.356867	▁वस्तु
14123	-11.356873	▁yakni
14124	-11.356897	संग्रह
14125	-11.356907	▁greek
14126	-11.357020	▁collabora
14127	-11.357085	▁ਨਾਲ਼
14128	-11.357094	▁namen
14129	-11.357121	ਖੀ
14130	-11.357181	ভো
14131	-11.357220	▁manifesta
14132	-11.357261	▁பயண
14133	-11.357300	ಂಶ
14134	-11.357303	▁بنایا
14135	-11.357458	▁गौ
14136	-11.357484	эр
14137	-11.357613	ध्व
14138	-11.357731	▁જીવ
14139	-11.357848	ಲೋಕ
14140	-11.357937	ವರ್ಣ
14141	-11.358128	యే
14142	-11.358147	▁শাহ
14143	-11.358408	കാലം
14144	-11.358525	▁রাজনৈতিক
14145	-11.358525	▁ਵੱਡੇ
14146	-11.358525	▁யாழ்ப்பாண
14147	-11.358525	▁శిక్షణ
14148	-11.358560	▁ਮੈਂਬਰ
14149	-11.358612	isiert
14150	-11.358852	▁estilo
14151	-11.359038	пов
14152	-11.359094	ಿರುತ್ತವೆ
14153	-11.359237	▁sochna
14154	-11.359304	ૂર
14155	-11.359426	▁ഇതു
14156	-11.359629	▁slow
14157	-11.359667	▁ജീവിത
14158	-11.359668	ಿಸಿದ್ದ
14159	-11.359686	ಹಳ್ಳಿ
14160	-11.359714	▁ಕಾಲದಲ್ಲಿ
14161	-11.359776	েন্দ্র
14162	-11.359911	שי
14163	-11.360014	▁এছাড়া
14164	-11.360168	europe
14165	-11.360268	▁bomb
14166	-11.360433	కల్
14167	-11.360458	чен
14168	-11.360569	▁pula
14169	-11.360670	▁given
14170	-11.361041	ложен
14171	-11.361491	▁প্যা
14172	-11.361850	▁tiongkok
14173	-11.361851	▁häufig
14174	-11.361851	▁আধুনিক
14175	-11.361851	▁মুসলিম
14176	-11.361887	▁дерев
14177	-11.361943	ಗಿಂತ
14178	-11.362062	ਟਨ
14179	-11.362128	▁quase
14180	-11.362154	▁बड़ी
14181	-11.362232	ावे
14182	-11.362282	▁banate
14183	-11.362365	தற்காக
14184	-11.362384	▁ਕੌ
14185	-11.362463	▁চলে
14186	-11.362676	▁کردار
14187	-11.362722	▁seekhne
14188	-11.362968	▁stock
14189	-11.363054	▁чем
14190	-11.363101	péri
14191	-11.363147	▁പിന്ന
14192	-11.363201	▁regime
14193	-11.363401	▁অতি
14194	-11.363455	▁భారతదేశ
14195	-11.363517	▁અમેરિકન
14196	-11.363635	▁qualquer
14197	-11.363642	▁அவர்கள்
14198	-11.363767	പാത
14199	-11.363780	▁ಉಪಯೋಗಿಸ
14200	-11.363792	ற்றி
14201	-11.363896	കൻ
14202	-11.363935	টাই
14203	-11.363946	▁कविता
14204	-11.363984	ій
14205	-11.363988	▁temple
14206	-11.364050	▁vote
14207	-11.364215	وش
14208	-11.364353	▁diversos
14209	-11.364395	మయ్య
14210	-11.364961	ണ്ടി
14211	-11.365168	ுகின்றது
14212	-11.365186	▁литератур
14213	-11.365187	▁премьер
14214	-11.365187	▁নির্মাণ
14215	-11.365187	▁ਸਭਿਆਚਾਰ
14216	-11.365187	▁નહીં
14217	-11.365187	▁પદ્ધતિ
14218	-11.365187	▁മത്സര
14219	-11.365188	▁allerdings
14220	-11.365188	▁ক্ষমতা
14221	-11.365194	▁मिला
14222	-11.365205	▁istilah
14223	-11.365215	ਸ਼ਟ
14224	-11.365315	▁gesamt
14225	-11.365403	▁ಸಮಯದಲ್ಲಿ
14226	-11.365418	▁சொல்ல
14227	-11.365419	▁ಇವೆ
14228	-11.365431	▁involve
14229	-11.365654	ിലുള്ള
14230	-11.365847	▁ciencia
14231	-11.366255	łem
14232	-11.366348	▁développe
14233	-11.366490	னு
14234	-11.366543	▁ਬ੍ਰ
14235	-11.366567	ટ્રો
14236	-11.366731	▁முதல
14237	-11.366756	▁celebration
14238	-11.366858	▁રાષ્ટ્રીય
14239	-11.366870	▁चाहिए
14240	-11.366875	▁він
14241	-11.366882	▁ਵਿਕਾਸ
14242	-11.367029	কার্য
14243	-11.367191	▁ஒளி
14244	-11.367304	▁ഇതിൽ
14245	-11.367401	▁grandi
14246	-11.367422	▁अमर
14247	-11.367524	▁অপর
14248	-11.367579	▁suppl
14249	-11.367871	▁مشرقی
14250	-11.367978	बोध
14251	-11.367979	▁adult
14252	-11.368016	ਟਿਕ
14253	-11.368262	▁సంత
14254	-11.368347	▁ایم
14255	-11.368530	aktion
14256	-11.368539	▁کامیاب
14257	-11.368540	▁recherche
14258	-11.368552	▁smith
14259	-11.368638	माग
14260	-11.368731	▁पाय
14261	-11.369001	ధార
14262	-11.369437	▁brasileiro
14263	-11.369712	▁rob
14264	-11.370024	▁ਭਾਗ
14265	-11.370123	ിക്കുക
14266	-11.370212	▁activities
14267	-11.370212	▁প্রতিষ্ঠিত
14268	-11.370227	▁جماعت
14269	-11.370268	ల్లు
14270	-11.370308	ਲੈਂਡ
14271	-11.370325	▁કરાય
14272	-11.370478	கொண்ட
14273	-11.370661	▁મોટી
14274	-11.370690	▁ਮਹਾ
14275	-11.370866	jaran
14276	-11.370982	▁kaum
14277	-11.371014	▁தள
14278	-11.371057	ಕ್ಸ್
14279	-11.371446	▁enjoying
14280	-11.371447	ંજ
14281	-11.371723	▁తర
14282	-11.371726	ਲ਼
14283	-11.371863	કરણ
14284	-11.371892	▁મૃત્યુ
14285	-11.371898	▁ദേശീയ
14286	-11.371910	rij
14287	-11.371944	▁ഉയര
14288	-11.372066	fisi
14289	-11.372103	ಿದಾಗ
14290	-11.372261	▁அணு
14291	-11.372340	એફ
14292	-11.372405	▁tanpa
14293	-11.372479	▁всего
14294	-11.372545	готов
14295	-11.372735	▁جاری
14296	-11.372843	▁ಅನ್ನು
14297	-11.372950	▁શેર
14298	-11.373106	▁உரு
14299	-11.373465	ుకొని
14300	-11.373576	▁família
14301	-11.373576	▁written
14302	-11.373576	▁پہلا
14303	-11.373577	▁inferior
14304	-11.373602	ಕಾಶ
14305	-11.373684	ಕ್ತ
14306	-11.373690	▁wajah
14307	-11.373775	boot
14308	-11.373817	▁girl
14309	-11.373891	▁എണ്ണ
14310	-11.373974	▁વિચાર
14311	-11.374044	▁কার্
14312	-11.374497	▁ഏക
14313	-11.374549	▁বই
14314	-11.374565	ത്തോ
14315	-11.374607	യിലാണ്
14316	-11.374719	પતિ
14317	-11.374756	▁begriff
14318	-11.374848	isée
14319	-11.375262	▁સંગીત
14320	-11.375262	▁హైదరాబాదు
14321	-11.375262	▁ಸಮುದ್ರ
14322	-11.375263	▁ottobre
14323	-11.375321	пуск
14324	-11.375377	▁पौ
14325	-11.375411	▁painting
14326	-11.375411	▁परिवार
14327	-11.375451	▁bird
14328	-11.375620	ધાન
14329	-11.375862	▁বন্দ
14330	-11.375997	эк
14331	-11.376025	▁simpl
14332	-11.376026	▁रहता
14333	-11.376137	▁thé
14334	-11.376360	ંગા
14335	-11.376374	▁active
14336	-11.376407	▁ಇನ್
14337	-11.376447	▁дорог
14338	-11.376710	wald
14339	-11.376776	preis
14340	-11.376950	▁британ
14341	-11.376951	िश्वविद्यालय
14342	-11.376951	▁پانچ
14343	-11.376956	▁ಮಾಹಿತಿ
14344	-11.376967	▁قیام
14345	-11.376987	мож
14346	-11.377283	▁काव्य
14347	-11.377315	ગ્રહ
14348	-11.377326	शंकर
14349	-11.377391	▁déco
14350	-11.377534	களுடன்
14351	-11.377584	▁જીત
14352	-11.377964	రించ
14353	-11.378174	জ্য
14354	-11.378197	▁تق
14355	-11.378200	ಪ್ತ
14356	-11.378345	▁തമിഴ്
14357	-11.378643	zeichnung
14358	-11.378643	▁दूसरे
14359	-11.378643	▁फ्रांस
14360	-11.378654	▁عوام
14361	-11.378708	▁ಸಂಯುಕ್ತ
14362	-11.378885	▁mayoría
14363	-11.378942	די
14364	-11.378982	▁പള്ളി
14365	-11.379008	▁लाव
14366	-11.379101	יי
14367	-11.379129	▁رکھا
14368	-11.379307	▁paas
14369	-11.379547	bilidad
14370	-11.379570	▁કવિ
14371	-11.379619	▁തിരഞ്ഞെടു
14372	-11.379750	▁tension
14373	-11.379778	ёв
14374	-11.379862	▁ਦੱਖਣ
14375	-11.379992	▁सभा
14376	-11.379995	يا
14377	-11.380163	వాస
14378	-11.380217	▁schul
14379	-11.380339	▁algunas
14380	-11.380339	▁હિંદુ
14381	-11.380380	▁ದಾಖಲ
14382	-11.380391	▁അടിസ്ഥാന
14383	-11.380537	▁മാറി
14384	-11.380724	▁felt
14385	-11.380732	ਯੁ
14386	-11.380774	▁avait
14387	-11.380862	ந்தா
14388	-11.380864	▁জার্মান
14389	-11.380932	kraft
14390	-11.380989	▁ప్రారంభ
14391	-11.381023	க்கல்
14392	-11.381310	▁ജോലി
14393	-11.381326	ാണെന്ന്
14394	-11.381338	▁sym
14395	-11.381436	ನಾಥ
14396	-11.381594	▁کمی
14397	-11.381753	ಜೇ
14398	-11.382036	▁mushkil
14399	-11.382044	▁উল্লেখযোগ্য
14400	-11.382077	▁ਉੱਪਰ
14401	-11.382100	▁காரண
14402	-11.382271	▁blood
14403	-11.382304	னே
14404	-11.382397	▁પરથી
14405	-11.382424	▁ಬಣ್ಣ
14406	-11.382881	ിങ്
14407	-11.382946	мі
14408	-11.383007	▁இறை
14409	-11.383386	wesen
14410	-11.383595	médi
14411	-11.383737	▁تحریک
14412	-11.383737	▁धार्मिक
14413	-11.383737	▁రాజకీయ
14414	-11.383737	▁ಕೇವಲ
14415	-11.383742	▁செயற்
14416	-11.383851	▁careful
14417	-11.383863	▁છોડ
14418	-11.383892	▁antigo
14419	-11.383907	▁అక్కడ
14420	-11.384043	гор
14421	-11.384297	▁એવી
14422	-11.384317	▁mejor
14423	-11.384323	reichen
14424	-11.384380	▁prze
14425	-11.384479	▁quality
14426	-11.384589	▁থাকা
14427	-11.384615	নাম
14428	-11.384844	ುತ್ತಿದೆ
14429	-11.384876	ందని
14430	-11.384988	लिन
14431	-11.385059	పాద
14432	-11.385346	ఖా
14433	-11.385410	source
14434	-11.385440	▁പാർട്ടി
14435	-11.385444	▁fünf
14436	-11.385456	സംഖ്യ
14437	-11.385485	▁reason
14438	-11.385550	▁double
14439	-11.385573	▁سندھ
14440	-11.385609	▁effective
14441	-11.385610	ಥಾ
14442	-11.385651	▁ਜਿੱਤ
14443	-11.385669	ामुळे
14444	-11.385678	▁সকল
14445	-11.385835	▁മുൻ
14446	-11.385945	સુ
14447	-11.386165	টিতে
14448	-11.386206	schein
14449	-11.386296	ാളി
14450	-11.386570	▁luce
14451	-11.386692	क्टर
14452	-11.387009	allemand
14453	-11.387126	ിച്ചിരുന്നു
14454	-11.387147	▁ufficial
14455	-11.387147	▁ਕਹਿੰਦੇ
14456	-11.387218	écu
14457	-11.387247	gehen
14458	-11.387291	▁রায়
14459	-11.387317	▁నిర్మించిన
14460	-11.387389	▁guitar
14461	-11.387586	▁libera
14462	-11.387587	▁ക്ല
14463	-11.387720	▁volks
14464	-11.387764	एन
14465	-11.387877	▁ചോ
14466	-11.388150	▁discover
14467	-11.388659	▁importa
14468	-11.388856	▁ਪਹਿਲੇ
14469	-11.388857	▁પાછળ
14470	-11.388873	▁built
14471	-11.388883	▁linux
14472	-11.388904	▁భారతీయ
14473	-11.388911	▁मैदान
14474	-11.388914	▁സംഭവ
14475	-11.388975	દર્શન
14476	-11.389007	▁જમીન
14477	-11.389034	▁samajhna
14478	-11.389141	▁ಭೂಮಿಯ
14479	-11.389175	▁ਮੰਨ
14480	-11.389812	শিল্পী
14481	-11.389862	▁करणे
14482	-11.389869	▁जिला
14483	-11.389943	▁rural
14484	-11.390009	habi
14485	-11.390126	ônia
14486	-11.390202	лён
14487	-11.390219	ಾಗಿದ್ದು
14488	-11.390220	▁mise
14489	-11.390367	issent
14490	-11.390569	attività
14491	-11.390635	निर्देश
14492	-11.390802	ഗി
14493	-11.390820	ട്രോ
14494	-11.390897	▁অফ
14495	-11.391095	సారి
14496	-11.391239	▁television
14497	-11.391521	träge
14498	-11.391628	▁നേടിയ
14499	-11.391829	▁конце
14500	-11.391935	▁ਬਣਾ
14501	-11.391957	▁queste
14502	-11.392283	▁क्योंकि
14503	-11.392283	▁ਪ੍ਰਮੁੱਖ
14504	-11.392284	▁سطح
14505	-11.392285	▁cukup
14506	-11.392285	▁hampir
14507	-11.392286	▁വിവാഹ
14508	-11.392287	▁অর্জন
14509	-11.392338	▁gym
14510	-11.392660	▁versuch
14511	-11.392734	▁proud
14512	-11.392773	প্রাপ্ত
14513	-11.392873	▁atual
14514	-11.392877	▁произ
14515	-11.393049	▁எம்
14516	-11.393306	వులు
14517	-11.393315	▁obten
14518	-11.393378	റിൽ
14519	-11.393396	▁summer
14520	-11.393525	দো
14521	-11.393565	गढ़
14522	-11.393723	▁durant
14523	-11.393892	▁על
14524	-11.393936	▁allah
14525	-11.394002	▁программ
14526	-11.394002	▁দায়িত্ব
14527	-11.394038	ग्रे
14528	-11.394069	▁atividade
14529	-11.394089	▁ஆகியவற்ற
14530	-11.394371	▁proprio
14531	-11.394390	вали
14532	-11.394407	▁имеет
14533	-11.394408	▁நாள்
14534	-11.394421	▁vue
14535	-11.394528	▁batu
14536	-11.394662	▁टि
14537	-11.394954	▁ഓരോ
14538	-11.394988	posición
14539	-11.395014	ntang
14540	-11.395179	ുകയുണ്ടായി
14541	-11.395321	घात
14542	-11.395539	▁ਰੱਖਿਆ
14543	-11.395638	ின்றன
14544	-11.395716	▁উল্লেখ
14545	-11.395723	▁ebenfalls
14546	-11.395723	▁अभ्यास
14547	-11.395724	▁jakarta
14548	-11.395746	▁دریائے
14549	-11.395761	▁शासक
14550	-11.395858	▁parlamento
14551	-11.395882	▁பிறகு
14552	-11.396157	చర్
14553	-11.396353	быт
14554	-11.396358	▁राय
14555	-11.396483	▁മുൻപ
14556	-11.396626	▁కాలంలో
14557	-11.396691	ੈਂਟ
14558	-11.396753	▁koloni
14559	-11.396801	ലൈ
14560	-11.396812	ஃப
14561	-11.396859	▁পায়
14562	-11.396871	জান
14563	-11.397053	સ્કો
14564	-11.397126	▁театра
14565	-11.397205	நே
14566	-11.397244	▁कप
14567	-11.397349	▁הא
14568	-11.397431	র্গ
14569	-11.397447	▁আফ্রিকা
14570	-11.397448	▁inglês
14571	-11.397448	▁సామాజిక
14572	-11.397536	▁presso
14573	-11.397630	▁ಇದಕ್ಕೆ
14574	-11.397777	▁మంచి
14575	-11.397931	ধন
14576	-11.398128	த்துடன்
14577	-11.398211	▁નાના
14578	-11.398416	ার্স
14579	-11.398420	▁umumnya
14580	-11.398568	ਚਿਤ
14581	-11.398721	▁hacia
14582	-11.398802	pita
14583	-11.398835	ുന്നതിന്
14584	-11.398849	▁नौ
14585	-11.399035	issement
14586	-11.399035	▁antiga
14587	-11.399053	град
14588	-11.399053	▁बनव
14589	-11.399158	ppen
14590	-11.399175	ചന്ദ്ര
14591	-11.399175	▁ऐतिहासिक
14592	-11.399179	▁सत
14593	-11.399201	▁শতকে
14594	-11.399204	▁પુત્ર
14595	-11.399267	▁મેળવ
14596	-11.399339	स्टर
14597	-11.399427	عب
14598	-11.399494	▁തൊ
14599	-11.399693	▁সার্
14600	-11.399744	▁каза
14601	-11.399787	$
14602	-11.399868	▁grado
14603	-11.399937	ബല
14604	-11.399989	ನಾಮ
14605	-11.400213	ਕਾਲੀ
14606	-11.400400	▁großen
14607	-11.400475	institut
14608	-11.400609	ppa
14609	-11.400685	▁விளை
14610	-11.400700	▁gamb
14611	-11.400709	▁அணி
14612	-11.400905	▁पहिला
14613	-11.400905	▁இடம்பெற்ற
14614	-11.400908	▁objetivo
14615	-11.400913	▁daniel
14616	-11.400929	▁быть
14617	-11.401047	élément
14618	-11.401546	toria
14619	-11.401626	▁cook
14620	-11.401899	ਡੋ
14621	-11.401904	▁virus
14622	-11.402029	▁infant
14623	-11.402082	▁successo
14624	-11.402143	▁годов
14625	-11.402179	ически
14626	-11.402473	çu
14627	-11.402625	वंत
14628	-11.402637	▁mempunyai
14629	-11.402637	▁menyebabkan
14630	-11.402637	▁مکمل
14631	-11.402637	▁ગાંધી
14632	-11.402643	ಶ್ವವಿದ್ಯಾಲಯ
14633	-11.402703	▁தோன்ற
14634	-11.402724	কেল
14635	-11.402743	ચિત્ર
14636	-11.402792	▁ಪ್ರಧಾನ
14637	-11.402800	▁આવતા
14638	-11.403106	غر
14639	-11.403348	▁batte
14640	-11.403393	▁cold
14641	-11.403466	▁castel
14642	-11.403469	▁finished
14643	-11.403624	ரான
14644	-11.403667	ઇટ
14645	-11.403810	ום
14646	-11.403892	തരം
14647	-11.404051	রোধ
14648	-11.404130	dienst
14649	-11.404275	èrent
14650	-11.404373	▁विद्यापीठ
14651	-11.404374	▁которой
14652	-11.404374	▁صاحب
14653	-11.404374	▁ऑगस्ट
14654	-11.404382	▁infatti
14655	-11.404424	વાનું
14656	-11.404544	▁ಮಾದರಿ
14657	-11.404648	▁ಯಾವ
14658	-11.404781	▁झालेल्या
14659	-11.404928	લેખ
14660	-11.404953	▁உடல
14661	-11.405034	▁sebelumnya
14662	-11.405210	нк
14663	-11.405252	ంటాడు
14664	-11.405270	▁truppe
14665	-11.405292	lino
14666	-11.405297	сон
14667	-11.405466	രേഖ
14668	-11.405686	▁мире
14669	-11.405770	oxy
14670	-11.405810	▁ಕಣ
14671	-11.405950	▁inclui
14672	-11.406062	▁பிறந்த
14673	-11.406113	▁ਕੁੱਝ
14674	-11.406113	▁తండ్రి
14675	-11.406114	▁ہلاک
14676	-11.406115	▁terkenal
14677	-11.406119	▁ತಂದೆ
14678	-11.406128	▁স্থানীয়
14679	-11.406134	gemeinde
14680	-11.406157	▁वास्तव
14681	-11.406163	▁писатель
14682	-11.406211	▁religiosa
14683	-11.406474	вест
14684	-11.406723	ுள்ளன
14685	-11.406730	▁நடு
14686	-11.407008	טו
14687	-11.407015	professional
14688	-11.407180	ொன்ற
14689	-11.407413	▁বিদ্যালয়
14690	-11.407485	ायला
14691	-11.407625	▁colle
14692	-11.407854	ఛ
14693	-11.407855	▁سلطان
14694	-11.407869	genommen
14695	-11.407925	▁मुख्यालय
14696	-11.407993	▁dazu
14697	-11.408059	▁अरब
14698	-11.408140	▁sector
14699	-11.408399	ਥੀ
14700	-11.408436	▁provoca
14701	-11.408465	▁germany
14702	-11.408480	воз
14703	-11.408498	ઓએ
14704	-11.408498	▁oeste
14705	-11.408546	▁നേടി
14706	-11.408580	▁হ্যা
14707	-11.408586	▁gnu
14708	-11.408606	▁దూరం
14709	-11.408616	guer
14710	-11.408659	ശാല
14711	-11.408715	ੇਅਰ
14712	-11.408823	▁سپ
14713	-11.408881	cionais
14714	-11.408942	▁neuro
14715	-11.409036	▁હવા
14716	-11.409160	лог
14717	-11.409204	аф
14718	-11.409292	ಿಸಲಾಗಿದೆ
14719	-11.409389	▁protestant
14720	-11.409508	▁சமய
14721	-11.409600	▁قانون
14722	-11.409600	▁চট্টগ্রাম
14723	-11.409600	▁ਅਧਿਕਾਰ
14724	-11.409600	▁ಯೋಜನೆ
14725	-11.409603	▁രാഷ്ട്രീയ
14726	-11.409605	▁surface
14727	-11.409620	▁सैनिक
14728	-11.409941	జే
14729	-11.409976	▁passion
14730	-11.410001	▁परा
14731	-11.410005	ಾಯಿತು
14732	-11.410462	юр
14733	-11.410783	▁eleito
14734	-11.410862	▁ഇൻ
14735	-11.410999	▁ਸਮਾ
14736	-11.411259	బడి
14737	-11.411348	▁পদ্ধতি
14738	-11.411377	▁virtual
14739	-11.411478	ಯಂತ್ರ
14740	-11.411614	▁cuenta
14741	-11.411631	▁गयी
14742	-11.411669	▁route
14743	-11.411766	ൻഡ
14744	-11.412121	cule
14745	-11.412166	▁object
14746	-11.412244	▁ইংরেজ
14747	-11.412262	agit
14748	-11.412709	▁صف
14749	-11.412766	জাত
14750	-11.412920	ಪೇ
14751	-11.413034	વણી
14752	-11.413072	schule
14753	-11.413099	▁छोटे
14754	-11.413110	▁ऐसा
14755	-11.413140	▁countries
14756	-11.413154	म्ह
14757	-11.413155	▁കണക്കാക്ക
14758	-11.413204	▁ಇದರಿಂದ
14759	-11.413259	▁ultra
14760	-11.413353	▁ನೆಲೆ
14761	-11.413366	▁scene
14762	-11.413390	ಗಳಾದ
14763	-11.413706	▁নামক
14764	-11.413865	▁মুখ
14765	-11.413878	▁especially
14766	-11.413934	▁ప్రభుత్వం
14767	-11.414002	ಭಾಗದಲ್ಲಿ
14768	-11.414227	▁mater
14769	-11.414257	▁بنیاد
14770	-11.414289	▁ਜੁ
14771	-11.414317	▁schwer
14772	-11.414675	▁তাই
14773	-11.414700	▁قص
14774	-11.414713	ುವುದರಿಂದ
14775	-11.414720	ਫ਼ਰ
14776	-11.414774	universidade
14777	-11.414854	▁código
14778	-11.414854	▁ਰਾਜਧਾਨੀ
14779	-11.414855	▁સત્તા
14780	-11.414959	కుమార
14781	-11.415133	kauf
14782	-11.415200	mpf
14783	-11.415414	▁জল
14784	-11.415478	▁nivel
14785	-11.415602	▁teve
14786	-11.415684	▁capo
14787	-11.415714	▁घो
14788	-11.415855	pá
14789	-11.415880	בר
14790	-11.415911	ఎన్
14791	-11.415928	isierung
14792	-11.416120	▁nerv
14793	-11.416254	മല്ല
14794	-11.416442	ович
14795	-11.416612	ఆంధ్రప్రదేశ్
14796	-11.416612	▁terakhir
14797	-11.416612	▁राजनीति
14798	-11.416625	▁prozent
14799	-11.416762	▁brother
14800	-11.417048	▁narra
14801	-11.417123	▁ಸರಿ
14802	-11.417267	▁হওয়ার
14803	-11.417396	лі
14804	-11.417949	▁আবার
14805	-11.417999	▁discipline
14806	-11.418019	▁ત્યાર
14807	-11.418185	કૃતિ
14808	-11.418282	▁జనాభా
14809	-11.418324	▁ganz
14810	-11.418372	▁स्वीकार
14811	-11.418373	▁کوشش
14812	-11.418381	▁akibat
14813	-11.418466	▁firm
14814	-11.418468	▁aparece
14815	-11.418555	▁തിരു
14816	-11.418579	▁শহরের
14817	-11.418713	▁புல
14818	-11.418854	മില്ല
14819	-11.418878	▁பேச
14820	-11.418992	த்திலும்
14821	-11.419050	▁define
14822	-11.419108	হিত
14823	-11.419233	▁ইংরেজি
14824	-11.419664	ட்சி
14825	-11.419936	▁analys
14826	-11.419991	▁occup
14827	-11.420027	ಕೊ
14828	-11.420044	▁poeta
14829	-11.420068	ющий
14830	-11.420152	▁ক্রিকেট
14831	-11.420307	▁serviço
14832	-11.420368	ಂಗಾ
14833	-11.420407	▁ഭാരത
14834	-11.420899	▁maiores
14835	-11.420980	▁எனும்
14836	-11.421124	▁kurang
14837	-11.421675	ಿದ್ದರೂ
14838	-11.421903	▁entwickelt
14839	-11.421903	▁হিন্দু
14840	-11.421904	▁apesar
14841	-11.422021	▁केन्द्र
14842	-11.422139	▁tratado
14843	-11.422276	▁सोड
14844	-11.422455	▁चो
14845	-11.422788	வான்
14846	-11.423035	२०
14847	-11.423249	▁புற
14848	-11.423252	২১
14849	-11.423318	morph
14850	-11.423376	▁apart
14851	-11.423418	ಧಾನ
14852	-11.423462	▁austral
14853	-11.423513	▁española
14854	-11.423673	▁beaucoup
14855	-11.423673	▁ಸಂಪರ್ಕ
14856	-11.423701	▁وفات
14857	-11.423761	▁origina
14858	-11.423803	isotop
14859	-11.423856	▁visual
14860	-11.424083	▁வட்ட
14861	-11.424178	scribe
14862	-11.424345	ান্ত
14863	-11.424400	▁pratica
14864	-11.424519	▁grave
14865	-11.424772	హార
14866	-11.424870	▁content
14867	-11.425126	▁july
14868	-11.425144	न्ध
14869	-11.425444	▁تن
14870	-11.425447	wechsel
14871	-11.425450	▁étaient
14872	-11.425458	▁больше
14873	-11.425479	▁పోస్ట్
14874	-11.425487	▁verschieden
14875	-11.425581	▁जिसके
14876	-11.425600	▁literatura
14877	-11.425632	▁badiya
14878	-11.425782	▁creative
14879	-11.425817	তায়
14880	-11.425919	▁சென்ற
14881	-11.426127	वृ
14882	-11.426150	istica
14883	-11.426207	▁ஆய்வு
14884	-11.426321	ೊಳಗ
14885	-11.426603	▁ஏற்ற
14886	-11.426744	ંગ્
14887	-11.426825	▁అధికార
14888	-11.426866	▁करके
14889	-11.427216	▁حکم
14890	-11.427225	বর্ণ
14891	-11.427249	▁അധികാര
14892	-11.427279	▁kharid
14893	-11.427300	▁ਪਾਰਟੀ
14894	-11.427301	▁கீழ்
14895	-11.427323	▁ನಾಲ್ಕು
14896	-11.427824	▁ಟ್ರ
14897	-11.427953	pang
14898	-11.428065	▁psych
14899	-11.428088	▁ഉത്
14900	-11.428329	verordnung
14901	-11.428566	ఫి
14902	-11.428716	▁sopra
14903	-11.428861	ചേർന്ന
14904	-11.429001	▁término
14905	-11.429002	▁माहिती
14906	-11.429003	▁império
14907	-11.429005	বর্ষ
14908	-11.429007	▁ছাড়া
14909	-11.429067	▁ختم
14910	-11.429152	▁начало
14911	-11.429152	▁alfred
14912	-11.429198	▁ನ್ಯೂ
14913	-11.429265	▁terror
14914	-11.429468	▁geografi
14915	-11.429502	geführt
14916	-11.429671	▁celebrate
14917	-11.429690	ഹര
14918	-11.429737	ಗೇ
14919	-11.429758	▁gross
14920	-11.429944	▁joão
14921	-11.430011	▁తీస
14922	-11.430119	ಂಡ್‌
14923	-11.430202	સંગ્રહ
14924	-11.430241	▁அமைப்ப
14925	-11.430286	లేక
14926	-11.430555	घे
14927	-11.430591	বিদ্যালয়ের
14928	-11.430717	▁बने
14929	-11.430783	সমূহ
14930	-11.430784	▁జరిగిన
14931	-11.430787	▁famille
14932	-11.430788	▁داخل
14933	-11.430831	▁उत्पादन
14934	-11.430837	▁étant
14935	-11.430898	einheit
14936	-11.430922	▁diminu
14937	-11.430984	▁фран
14938	-11.431356	▁page
14939	-11.431511	▁लेकर
14940	-11.431595	▁হত
14941	-11.431890	ম্
14942	-11.432158	ಗಾಲ
14943	-11.432380	▁त्याचे
14944	-11.432435	ਲਿਆਂ
14945	-11.432541	▁ਅਨੁ
14946	-11.432570	▁इंग्लंड
14947	-11.432570	▁ಜನಪ್ರಿಯ
14948	-11.432570	▁സ്ത്രീ
14949	-11.432571	▁beauty
14950	-11.432575	▁mengenai
14951	-11.432580	▁पूजा
14952	-11.432581	▁xviii
14953	-11.432668	▁panjang
14954	-11.432674	▁બહુ
14955	-11.432711	▁impre
14956	-11.432768	ಬೇಕಾಗ
14957	-11.433021	द्वारे
14958	-11.433066	▁worden
14959	-11.433192	▁право
14960	-11.433387	▁இந்தியா
14961	-11.433604	▁ಕ್ರ
14962	-11.433714	ntino
14963	-11.433714	ਨੀਆ
14964	-11.433764	വരും
14965	-11.434017	père
14966	-11.434102	▁குறிப்ப
14967	-11.434359	▁eventually
14968	-11.434359	▁مسیح
14969	-11.434359	▁టెలిగ్రాఫ్
14970	-11.434361	▁risulta
14971	-11.434380	▁ನೀರಿನ
14972	-11.434580	▁grazie
14973	-11.434640	ந்திய
14974	-11.434875	quant
14975	-11.435163	دگی
14976	-11.435206	länge
14977	-11.435217	పడి
14978	-11.435479	ലിൽ
14979	-11.435569	▁ਬਣਿਆ
14980	-11.435630	actuel
14981	-11.435736	▁coach
14982	-11.435755	▁экс
14983	-11.435843	▁ಚಿಕ್ಕ
14984	-11.435935	inizio
14985	-11.436151	▁demokrat
14986	-11.436151	▁उत्पन्न
14987	-11.436151	▁রাজধানী
14988	-11.436169	സൃഷ്ടി
14989	-11.436325	ünde
14990	-11.436383	▁गिर
14991	-11.436574	ಷ್ಯ
14992	-11.436590	ologique
14993	-11.436645	gyp
14994	-11.436674	പ്രസിദ്ധ
14995	-11.436879	▁outra
14996	-11.437444	▁ਪਿਆ
14997	-11.437534	▁కావ
14998	-11.437630	स्वामी
14999	-11.437669	సర్
15000	-11.437945	▁पत्नी
15001	-11.437945	▁ਸਹਿ
15002	-11.437946	▁ਜਿਆਦਾ
15003	-11.437954	▁wrote
15004	-11.437956	▁ऐसे
15005	-11.438000	▁શિક્ષણ
15006	-11.438007	▁créé
15007	-11.438014	▁ਸੰਸਾਰ
15008	-11.438135	▁घटना
15009	-11.438346	దర్
15010	-11.438496	▁పాటు
15011	-11.438516	▁certaines
15012	-11.438647	▁ಅವರಿಗೆ
15013	-11.438721	▁மறு
15014	-11.438785	ਲੇਖ
15015	-11.438820	▁सत्य
15016	-11.438962	ીંગ
15017	-11.439018	émi
15018	-11.439196	ದಾನ
15019	-11.439240	▁fazer
15020	-11.439321	mmel
15021	-11.439562	சியா
15022	-11.439744	▁giovanni
15023	-11.439744	▁sejumlah
15024	-11.439744	▁روایت
15025	-11.439744	▁ਜਿੱਥੇ
15026	-11.439812	னோ
15027	-11.439815	▁английск
15028	-11.439864	▁حسن
15029	-11.439920	zę
15030	-11.439962	چر
15031	-11.440142	▁કપ
15032	-11.440331	▁പേർ
15033	-11.440827	களுக்கும்
15034	-11.440936	▁দেয়া
15035	-11.440979	بیر
15036	-11.441127	▁principio
15037	-11.441178	احت
15038	-11.441454	▁corso
15039	-11.441522	▁класс
15040	-11.441546	▁یونیورسٹی
15041	-11.441549	▁desember
15042	-11.441575	▁tinggal
15043	-11.441607	▁എത്തി
15044	-11.441619	▁машин
15045	-11.441634	▁जिंक
15046	-11.441722	▁खेल
15047	-11.441737	▁другие
15048	-11.441740	▁buku
15049	-11.441757	▁develop
15050	-11.441762	পাত
15051	-11.441778	kara
15052	-11.441805	▁আয়
15053	-11.442002	▁regula
15054	-11.442264	abord
15055	-11.442298	▁مشرق
15056	-11.442619	▁دیو
15057	-11.442681	ಸ್ಮ
15058	-11.442699	ஹ
15059	-11.442815	▁contact
15060	-11.442824	▁പ്രസിദ്ധീകര
15061	-11.443020	▁poet
15062	-11.443094	انس
15063	-11.443351	▁febbraio
15064	-11.443351	▁नोव्हेंबर
15065	-11.443352	▁சமூக
15066	-11.443354	ಶೋಧ
15067	-11.443354	▁очень
15068	-11.443370	▁khatam
15069	-11.443455	▁ஒரே
15070	-11.443466	ल्ट
15071	-11.443662	▁जिसका
15072	-11.443662	▁ಆಹಾರ
15073	-11.443774	▁جمع
15074	-11.443776	▁catch
15075	-11.443825	▁tener
15076	-11.443844	கோண
15077	-11.443892	ंडे
15078	-11.443928	ாது
15079	-11.444021	કેટ
15080	-11.444054	ਪਤੀ
15081	-11.444908	വർണ്ണ
15082	-11.445160	▁расположен
15083	-11.445161	▁mungkin
15084	-11.445184	▁சிறந்த
15085	-11.445227	▁afirma
15086	-11.445256	▁behind
15087	-11.445348	▁descend
15088	-11.445589	▁எழுத்து
15089	-11.445844	ਸਟਰ
15090	-11.446362	यां
15091	-11.446392	▁ಕವಿ
15092	-11.446450	▁ফ্র
15093	-11.446492	▁studies
15094	-11.446548	▁આપવા
15095	-11.446587	▁sollte
15096	-11.446644	▁என்
15097	-11.446735	шли
15098	-11.446971	▁toujours
15099	-11.446972	▁matahari
15100	-11.446972	▁ਸਕਦੇ
15101	-11.446975	▁tertentu
15102	-11.446981	▁પરિણામ
15103	-11.446985	बद्दल
15104	-11.447091	▁analog
15105	-11.447192	▁شکل
15106	-11.447236	▁результате
15107	-11.447378	▁ఆఫ్
15108	-11.447402	▁privat
15109	-11.447410	പരമായ
15110	-11.447890	differenz
15111	-11.447927	ੀਅਮ
15112	-11.447927	થે
15113	-11.447989	ಿಸಿಕೊಳ್ಳ
15114	-11.448038	▁ફ્ર
15115	-11.448041	▁germania
15116	-11.448133	eggia
15117	-11.448384	friendly
15118	-11.448494	ರಿನ
15119	-11.448645	▁آزاد
15120	-11.448786	▁conhecida
15121	-11.448786	▁indústria
15122	-11.448786	▁ਪਹੁੰਚ
15123	-11.448786	▁ఏర్పాటు
15124	-11.448787	▁ಅಧ್ಯಕ್ಷ
15125	-11.448787	▁കമ്പനി
15126	-11.448788	▁पंजाब
15127	-11.448853	▁فرمایا
15128	-11.449024	ഴ്സ
15129	-11.449074	▁paese
15130	-11.449080	నాథ
15131	-11.449107	▁apni
15132	-11.449108	▁présente
15133	-11.449188	ಫೆ
15134	-11.449193	▁હોવાથી
15135	-11.449375	ಕ್ರಿಯೆ
15136	-11.449474	activité
15137	-11.449556	▁baad
15138	-11.449691	▁અધ
15139	-11.449884	▁صلی
15140	-11.449890	કારો
15141	-11.449915	säure
15142	-11.449917	▁medal
15143	-11.449968	ാഴ്ച
15144	-11.450171	ગ્રા
15145	-11.450181	േറ്റ്
15146	-11.450433	▁capita
15147	-11.450467	શાસ્ત્ર
15148	-11.450545	পূর্ব
15149	-11.450604	▁berkembang
15150	-11.450605	▁quattro
15151	-11.450613	▁protect
15152	-11.450615	▁osserva
15153	-11.450692	▁ദിവസം
15154	-11.450769	▁автор
15155	-11.450825	▁ಫ್ರ
15156	-11.450873	ڈو
15157	-11.450909	▁آئے
15158	-11.451008	▁evento
15159	-11.451276	▁संस्थान
15160	-11.451346	▁raison
15161	-11.451715	▁भारतात
15162	-11.452000	▁நிற
15163	-11.452188	ిస్తుంది
15164	-11.452338	цией
15165	-11.452425	▁ಕಾದಂಬರಿ
15166	-11.452426	▁অনুযায়ী
15167	-11.452430	▁സൂര്യ
15168	-11.452437	▁గురించి
15169	-11.452438	▁నాటక
15170	-11.452439	ింప
15171	-11.452451	▁অর্থনীতি
15172	-11.452459	க்கொண்ட
15173	-11.452472	▁answer
15174	-11.452489	▁गणित
15175	-11.452575	▁direction
15176	-11.452630	▁beiden
15177	-11.452944	ന്‌
15178	-11.452953	кси
15179	-11.453032	▁espera
15180	-11.453047	ਦਾਸ
15181	-11.453192	▁использова
15182	-11.453246	▁વર્ષના
15183	-11.453259	▁outside
15184	-11.453262	▁కొత్త
15185	-11.453279	▁ಅಡಿ
15186	-11.453457	மொழி
15187	-11.453555	வார
15188	-11.453598	ಭಕ್ತ
15189	-11.453615	செல்
15190	-11.453735	▁serra
15191	-11.453975	▁ഉട
15192	-11.454221	तंत्र
15193	-11.454250	▁không
15194	-11.454250	▁received
15195	-11.454250	▁ਜਨਵਰੀ
15196	-11.454250	▁ਜ਼ਿਲ੍ਹਾ
15197	-11.454257	▁વિભાગ
15198	-11.454260	▁hujan
15199	-11.454261	▁imperial
15200	-11.454267	▁ਵੱਡੀ
15201	-11.454284	▁distrito
15202	-11.454297	▁مخ
15203	-11.454370	▁ಒಟ್ಟು
15204	-11.454491	▁signal
15205	-11.454508	▁confirm
15206	-11.454535	▁message
15207	-11.454706	isant
15208	-11.454739	▁сред
15209	-11.454760	▁অঞ্চলের
15210	-11.454865	▁призна
15211	-11.455013	▁ನಾಟಕ
15212	-11.455063	▁நு
15213	-11.455391	▁درج
15214	-11.455560	▁haute
15215	-11.455586	க்கான
15216	-11.455632	▁எண்ண
15217	-11.455641	தாகும்
15218	-11.455972	▁ihren
15219	-11.456079	▁aujourd
15220	-11.456079	▁menyatakan
15221	-11.456079	▁sepanjang
15222	-11.456079	▁السلام
15223	-11.456079	▁తమిళ
15224	-11.456079	▁ವ್ಯಾಪಾರ
15225	-11.456100	существ
15226	-11.456118	▁সংসদ
15227	-11.456195	▁solid
15228	-11.456251	▁जगातील
15229	-11.456427	▁title
15230	-11.456439	solv
15231	-11.456450	▁ಸಂಘ
15232	-11.456480	▁ভিত্তি
15233	-11.456512	বান
15234	-11.456531	▁broke
15235	-11.456584	વંશ
15236	-11.456790	▁management
15237	-11.457046	મંત્ર
15238	-11.457360	▁golf
15239	-11.457422	▁മൂന്നു
15240	-11.457911	▁તૈયાર
15241	-11.457916	▁militaire
15242	-11.457919	▁ਇਲਾਵਾ
15243	-11.457923	▁можно
15244	-11.458016	▁debido
15245	-11.458163	▁ಹೆಚ್ಚಾಗಿ
15246	-11.458468	éveloppement
15247	-11.458469	ുന്നുണ്ട്
15248	-11.458679	▁பகுதியில்
15249	-11.458947	▁explora
15250	-11.459104	ল্লা
15251	-11.459137	▁அழி
15252	-11.459155	▁lokal
15253	-11.459180	ரூ
15254	-11.459380	▁breve
15255	-11.459518	▁mach
15256	-11.459573	וב
15257	-11.459620	ுக்கான
15258	-11.459745	▁ਸੱਭਿਆਚਾਰ
15259	-11.459748	▁സർക്കാർ
15260	-11.459785	▁европе
15261	-11.459804	▁gehört
15262	-11.459863	੍
15263	-11.459906	▁ایسا
15264	-11.460001	ೇಟ್
15265	-11.460020	▁rosa
15266	-11.460120	▁уча
15267	-11.460243	సభ్య
15268	-11.460446	અર
15269	-11.460448	дь
15270	-11.460608	▁escrev
15271	-11.460640	▁normalmente
15272	-11.460687	▁टाक
15273	-11.460801	ਿੱਤ
15274	-11.460843	тели
15275	-11.460981	▁sept
15276	-11.460999	▁возможно
15277	-11.461028	engage
15278	-11.461158	▁સ્તર
15279	-11.461265	શ્વ
15280	-11.461432	्रो
15281	-11.461583	▁perusahaan
15282	-11.461583	▁അഥവാ
15283	-11.461589	▁absolut
15284	-11.461768	▁ఒకరు
15285	-11.461795	▁त्यांचा
15286	-11.461809	▁অবস্থা
15287	-11.461824	ডো
15288	-11.461858	▁rendah
15289	-11.462129	റിന്റെ
15290	-11.462726	▁রাজ্যের
15291	-11.462853	ailleurs
15292	-11.462893	▁cosm
15293	-11.463114	▁ವರ್ಗ
15294	-11.463119	▁বছরের
15295	-11.463322	ల్లా
15296	-11.463331	ಂಟ್
15297	-11.463337	▁comfort
15298	-11.463425	▁મકાઈ
15299	-11.463425	▁યુનિવર્સિટી
15300	-11.463425	▁குடும்ப
15301	-11.463425	▁సాహిత్య
15302	-11.463426	▁تبدیل
15303	-11.463431	▁texas
15304	-11.463433	▁название
15305	-11.463580	▁побед
15306	-11.463603	ക്കുറിച്ച
15307	-11.463676	lijk
15308	-11.463697	▁pratique
15309	-11.463709	▁ਕਾਰਜ
15310	-11.463793	▁hogi
15311	-11.463923	▁سید
15312	-11.463989	ці
15313	-11.464007	▁kinder
15314	-11.464196	▁carol
15315	-11.464212	▁ਪਾਰ
15316	-11.464472	▁тому
15317	-11.464632	ઇસ
15318	-11.464795	▁ವಿಧ
15319	-11.464857	▁روس
15320	-11.464892	વડ
15321	-11.465049	▁மகன
15322	-11.465096	னியா
15323	-11.465117	▁നൽകിയ
15324	-11.465128	ப்பில்
15325	-11.465270	▁aufgrund
15326	-11.465270	▁پہاڑ
15327	-11.465270	▁जहाँ
15328	-11.465271	▁മാത്രം
15329	-11.465286	▁japanese
15330	-11.465348	▁பற்றி
15331	-11.465413	▁آزادی
15332	-11.465479	▁kerja
15333	-11.465735	geben
15334	-11.465964	گاہ
15335	-11.466385	ജീവി
15336	-11.466832	▁linha
15337	-11.467104	▁ஏற்பட
15338	-11.467118	যন্ত্র
15339	-11.467118	▁दिवशी
15340	-11.467118	▁সাম্রাজ্য
15341	-11.467118	▁સફળ
15342	-11.467134	▁ವಿಜಯ
15343	-11.467146	▁مدد
15344	-11.467196	▁solution
15345	-11.467277	▁ਬਣਾਉਣ
15346	-11.467384	▁estou
15347	-11.467430	ಬಲ್ಲ
15348	-11.467557	▁ocean
15349	-11.467566	▁spring
15350	-11.467661	ചിന്ത
15351	-11.467664	marin
15352	-11.467894	▁બનાવવામાં
15353	-11.467977	▁свет
15354	-11.468043	▁titre
15355	-11.468053	▁festa
15356	-11.468230	ifikasi
15357	-11.468807	▁taste
15358	-11.468810	వలన
15359	-11.468932	யிர
15360	-11.468961	ferra
15361	-11.468966	▁formula
15362	-11.468970	▁ਸ਼ਾਮਿਲ
15363	-11.469098	▁தொடர்ந்து
15364	-11.469110	▁apollo
15365	-11.469347	граф
15366	-11.469418	▁magar
15367	-11.469456	▁годах
15368	-11.469461	ક્રો
15369	-11.469638	ിൻറെ
15370	-11.469700	חו
15371	-11.469968	▁काफी
15372	-11.469973	чив
15373	-11.469974	▁ಹೈ
15374	-11.470088	▁tired
15375	-11.470153	▁மகா
15376	-11.470323	க்கூடிய
15377	-11.470341	▁દિવસે
15378	-11.470357	▁ਲਿਖਿਆ
15379	-11.470612	रानी
15380	-11.470770	▁নেয়
15381	-11.470825	insbesondere
15382	-11.470825	▁bedeutung
15383	-11.470825	▁ઇતિહાસ
15384	-11.470825	▁ఆదిలాబాద్
15385	-11.470826	▁انتخاب
15386	-11.470828	▁ಗ್ರಂಥ
15387	-11.470830	▁పశు
15388	-11.470932	▁হাজার
15389	-11.470995	▁ಗಮನ
15390	-11.471019	▁ground
15391	-11.471097	ക്കുള്ള
15392	-11.471107	шёл
15393	-11.471176	▁চীন
15394	-11.471183	▁refus
15395	-11.471291	▁रहते
15396	-11.471371	یئر
15397	-11.471385	ન્ક
15398	-11.471461	ispielsweise
15399	-11.471614	▁ರಾಜ್ಯದ
15400	-11.471768	▁સમાન
15401	-11.471864	▁somme
15402	-11.471931	▁maha
15403	-11.472055	▁ಶತಮಾನ
15404	-11.472136	सिंह
15405	-11.472145	▁शांत
15406	-11.472170	డె
15407	-11.472684	präsident
15408	-11.472684	▁ডিসেম্বর
15409	-11.472688	▁anymore
15410	-11.472692	▁ઝડપ
15411	-11.472995	ಶ್ಚ
15412	-11.473063	▁defend
15413	-11.473145	▁notice
15414	-11.473152	ਿਕਾ
15415	-11.473248	▁karega
15416	-11.473538	▁होकर
15417	-11.473879	▁passage
15418	-11.473923	▁കാരണം
15419	-11.474023	▁jeux
15420	-11.474087	▁анти
15421	-11.474522	▁included
15422	-11.474538	ిస్తారు
15423	-11.474546	മീറ്റർ
15424	-11.474546	▁pesawat
15425	-11.474546	▁ফুটবল
15426	-11.474547	▁google
15427	-11.474549	▁लहान
15428	-11.474555	▁پھیل
15429	-11.474567	▁ذکر
15430	-11.474600	▁दशक
15431	-11.474606	▁choice
15432	-11.474677	▁நியூ
15433	-11.475003	▁madad
15434	-11.475080	ordre
15435	-11.475211	ീൻ
15436	-11.475255	ਮੰਡ
15437	-11.475755	స్ట్
15438	-11.475833	▁ஒலி
15439	-11.475938	ेंद्र
15440	-11.476016	ਵਿਕ
15441	-11.476134	ير
15442	-11.476164	ständig
15443	-11.476402	▁ഉണ്ടാക
15444	-11.476412	▁ಅಗತ್ಯ
15445	-11.476412	▁കൃഷി
15446	-11.476416	▁sebelah
15447	-11.476418	▁команд
15448	-11.476428	▁मीटर
15449	-11.476553	▁эта
15450	-11.476626	▁bonding
15451	-11.476818	▁સ્ટે
15452	-11.477099	▁dress
15453	-11.477139	вели
15454	-11.477413	▁हरि
15455	-11.477439	▁australian
15456	-11.477945	▁decided
15457	-11.478239	মেন্ট
15458	-11.478281	বিশিষ্ট
15459	-11.478281	▁approach
15460	-11.478281	▁искусств
15461	-11.478281	▁حیثیت
15462	-11.478281	▁ذریعے
15463	-11.478281	▁கிழக்கு
15464	-11.478282	▁rôle
15465	-11.478290	▁inglés
15466	-11.478295	▁тысяч
15467	-11.478318	technik
15468	-11.478450	▁meaning
15469	-11.478561	▁zahlreiche
15470	-11.478715	చో
15471	-11.478781	▁sara
15472	-11.479132	▁উপজেলায়
15473	-11.479410	കെട്ട
15474	-11.479555	issant
15475	-11.480154	▁مربع
15476	-11.480157	▁januari
15477	-11.480160	▁peace
15478	-11.480205	▁palavra
15479	-11.480206	▁boston
15480	-11.480245	▁asking
15481	-11.480363	▁ಹಿಂದೆ
15482	-11.480494	▁रक्त
15483	-11.480685	யைப்
15484	-11.480753	▁تیار
15485	-11.480762	ೃತ
15486	-11.480835	▁હવે
15487	-11.480859	▁часто
15488	-11.480920	▁alemã
15489	-11.480938	ನ್ನೇ
15490	-11.481355	હર
15491	-11.481470	▁temperature
15492	-11.481602	toire
15493	-11.481768	▁کافی
15494	-11.481820	ਜੂ
15495	-11.482030	▁ऑस्ट्रेलिया
15496	-11.482030	▁ಪ್ರಯತ್ನ
15497	-11.482042	▁mijn
15498	-11.482050	▁ಶಾಲೆ
15499	-11.482089	भेद
15500	-11.482451	impor
15501	-11.482466	▁ಆಧಾರ
15502	-11.482584	▁बच
15503	-11.482710	লিয়া
15504	-11.482739	▁പറയുന്നു
15505	-11.482898	feu
15506	-11.483370	▁ਜੁੜ
15507	-11.483607	▁mich
15508	-11.483677	▁barba
15509	-11.483689	वरून
15510	-11.483727	▁block
15511	-11.483796	▁عربی
15512	-11.483829	ರಾದರು
15513	-11.483909	▁पंतप्रधान
15514	-11.483910	▁ભગવાન
15515	-11.483910	▁இறுதி
15516	-11.483922	ವಿಲ್ಲ
15517	-11.483935	▁وسط
15518	-11.484024	▁saja
15519	-11.484091	▁junta
15520	-11.484131	▁जंगल
15521	-11.484257	▁അമേരിക്കൻ
15522	-11.484282	▁ആദ്യമായി
15523	-11.484470	bürger
15524	-11.484602	▁ಮಗ
15525	-11.484687	गांव
15526	-11.484693	▁जोड
15527	-11.484713	சர
15528	-11.484730	ngku
15529	-11.484800	▁ప్రజల
15530	-11.484834	ટિક
15531	-11.485099	räg
15532	-11.485359	ভূত
15533	-11.485378	▁ਦਸ
15534	-11.485431	▁daher
15535	-11.485541	ênio
15536	-11.485543	▁средне
15537	-11.485628	▁ambiente
15538	-11.485765	нский
15539	-11.485793	▁árabe
15540	-11.485793	▁времени
15541	-11.485793	▁промышленн
15542	-11.485797	▁बाजू
15543	-11.485833	▁musique
15544	-11.486001	▁memoria
15545	-11.486015	ਸਾਰ
15546	-11.486067	▁ಆಟ
15547	-11.486088	▁linguist
15548	-11.486211	schloss
15549	-11.486382	ব্রা
15550	-11.486419	▁மத்திய
15551	-11.486436	▁بنیادی
15552	-11.486634	ון
15553	-11.486702	ामधील
15554	-11.486714	▁limita
15555	-11.486837	ుతూ
15556	-11.487235	▁விளங்க
15557	-11.487385	दाय
15558	-11.487487	ियर
15559	-11.487679	▁жизни
15560	-11.487679	▁సంస్కృత
15561	-11.487720	નાથ
15562	-11.487721	▁ਲਾਲ
15563	-11.487737	▁escala
15564	-11.487783	▁ఉండే
15565	-11.487818	▁ਬਾਹਰ
15566	-11.487899	▁keluarga
15567	-11.488039	▁देने
15568	-11.488121	▁correct
15569	-11.488814	▁dagli
15570	-11.489260	generalmente
15571	-11.489326	кар
15572	-11.489531	städte
15573	-11.489570	సంబంధ
15574	-11.489570	▁battaglia
15575	-11.489570	▁ਦਸੰਬਰ
15576	-11.489570	▁குழந்தை
15577	-11.489570	▁ನಿರ್ಮಾಣ
15578	-11.489571	▁கண்டுபிடி
15579	-11.489572	▁கொல்லப்பட்ட
15580	-11.489573	చేశారు
15581	-11.489582	▁philipp
15582	-11.489601	▁સભ્ય
15583	-11.490119	▁పట్ట
15584	-11.490140	▁explica
15585	-11.491363	▁scal
15586	-11.491399	▁રોગ
15587	-11.491464	▁britania
15588	-11.491464	▁ਕਿਉਂਕਿ
15589	-11.491466	▁नाट्य
15590	-11.491467	▁actividad
15591	-11.491472	তন্ত্র
15592	-11.491478	▁review
15593	-11.491537	ટ્રા
15594	-11.491704	▁training
15595	-11.492312	▁француз
15596	-11.492366	schau
15597	-11.492433	▁latino
15598	-11.492502	▁तट
15599	-11.492531	▁लगे
15600	-11.492666	த்தையும்
15601	-11.492860	▁cinq
15602	-11.492906	▁maret
15603	-11.492946	▁ਲੜ
15604	-11.493054	▁forward
15605	-11.493247	▁ಜನರು
15606	-11.493301	▁थीं
15607	-11.493361	▁pesquisa
15608	-11.493361	▁सप्टेंबर
15609	-11.493361	▁નીચે
15610	-11.493362	▁trabajo
15611	-11.493364	▁ਮੌਜੂਦ
15612	-11.493366	▁ਛੱਡ
15613	-11.493371	▁piazza
15614	-11.493381	▁করলে
15615	-11.493410	▁رسول
15616	-11.493466	▁ವೇಳೆ
15617	-11.493522	▁ਪੜ੍ਹ
15618	-11.493567	▁ਬੰਦ
15619	-11.493823	▁atualmente
15620	-11.493892	▁bahan
15621	-11.493901	ੰਘ
15622	-11.494090	▁claim
15623	-11.494108	▁দশকে
15624	-11.494250	ಯವರ
15625	-11.494346	ternazionale
15626	-11.494516	▁মার্চ
15627	-11.494977	▁حمل
15628	-11.495192	enfant
15629	-11.495263	▁available
15630	-11.495263	▁उदाहरण
15631	-11.495263	▁ਪ੍ਰਧਾਨ
15632	-11.495268	▁allgemein
15633	-11.495278	ஆ
15634	-11.495303	▁власти
15635	-11.495426	▁java
15636	-11.495437	▁الق
15637	-11.495537	▁ancient
15638	-11.495728	евич
15639	-11.495784	▁کرکے
15640	-11.495788	baptis
15641	-11.495994	ਤਲ
15642	-11.496178	▁மத
15643	-11.496223	ென
15644	-11.496429	వరం
15645	-11.497108	ículo
15646	-11.497168	▁attraverso
15647	-11.497168	▁ਅਮਰੀਕੀ
15648	-11.497190	▁pequena
15649	-11.497222	വാര
15650	-11.497300	▁hamburg
15651	-11.497389	▁மேற்கு
15652	-11.497466	ਗਰਾ
15653	-11.497744	▁నగర
15654	-11.497776	▁نکل
15655	-11.497822	▁election
15656	-11.498115	মস
15657	-11.498182	శాస్త్ర
15658	-11.498222	▁county
15659	-11.498374	ੌਂ
15660	-11.498436	pher
15661	-11.498693	যুগ
15662	-11.498811	▁നടത്തി
15663	-11.498911	▁sociedade
15664	-11.498986	▁જિલ્લા
15665	-11.498990	ಟೊ
15666	-11.499076	സംവിധാന
15667	-11.499076	▁gubernur
15668	-11.499076	▁विकसित
15669	-11.499076	▁કેટલીક
15670	-11.499076	▁ஒவ்வொரு
15671	-11.499077	▁sviluppa
15672	-11.499085	▁খু
15673	-11.499097	▁ਜਰਮਨ
15674	-11.499134	ర్ష
15675	-11.499530	એચ
15676	-11.499535	besitz
15677	-11.499846	▁இதில்
15678	-11.500050	▁chinese
15679	-11.500125	▁relativa
15680	-11.500170	▁સ્થાપના
15681	-11.500215	ವಾಗಿದ್ದು
15682	-11.500338	ஜா
15683	-11.500356	▁february
15684	-11.500410	മാവ
15685	-11.500682	metall
15686	-11.500850	▁основан
15687	-11.500939	▁पानी
15688	-11.500977	▁англ
15689	-11.500983	évolu
15690	-11.500988	▁पहुँच
15691	-11.501030	ify
15692	-11.501108	▁bali
15693	-11.501498	్యాల
15694	-11.501659	▁فوجی
15695	-11.501741	americana
15696	-11.501744	വുമായി
15697	-11.501847	▁ഉത്തര
15698	-11.501971	щен
15699	-11.502222	রাই
15700	-11.502548	▁ਉਸਦੀ
15701	-11.502612	য়েল
15702	-11.502788	▁കണ്ടെത്ത
15703	-11.502903	▁ফ্রান্স
15704	-11.502904	▁ਪ੍ਰਦੇਸ਼
15705	-11.502904	▁கைப்பற்ற
15706	-11.502906	▁melayu
15707	-11.502906	▁misalnya
15708	-11.502977	▁ਸਪੇਨ
15709	-11.503010	▁ಸಸ್ಯ
15710	-11.503018	▁región
15711	-11.503038	▁вас
15712	-11.503071	▁అది
15713	-11.503080	▁बिहार
15714	-11.503209	▁flight
15715	-11.503230	▁عبدال
15716	-11.503272	▁چاہ
15717	-11.503363	سٹر
15718	-11.503386	ठे
15719	-11.503446	▁એવું
15720	-11.503448	▁ಕರೆ
15721	-11.503457	▁وہاں
15722	-11.503850	ದಲ್ಲಿದೆ
15723	-11.503851	செ
15724	-11.504412	fond
15725	-11.504603	জ্ঞ
15726	-11.504715	ಬ್ರಹ್ಮ
15727	-11.504823	▁wilhelm
15728	-11.504823	▁наиболее
15729	-11.504823	▁ಉಷ್ಣ
15730	-11.504824	▁ترک
15731	-11.504824	▁தொகுதி
15732	-11.504869	▁बनाने
15733	-11.504991	יל
15734	-11.505213	▁ತೀರ
15735	-11.505451	शील
15736	-11.505472	▁cambio
15737	-11.505713	▁வயத
15738	-11.505770	▁సంవత్సరాల
15739	-11.505896	анд
15740	-11.506027	ಕುಮಾರ
15741	-11.506028	▁glu
15742	-11.506037	▁കണ്ട
15743	-11.506542	▁visita
15744	-11.506741	ancienne
15745	-11.506746	▁কৃষি
15746	-11.506748	ತೊಡಗ
15747	-11.506749	▁comercial
15748	-11.506750	▁middle
15749	-11.506753	▁ಸೂಚಿಸ
15750	-11.506759	▁langsung
15751	-11.506764	▁являются
15752	-11.506816	గ్రహ
15753	-11.506847	▁కేంద్రమైన
15754	-11.506890	िए
15755	-11.506957	▁നേര
15756	-11.507136	burgo
15757	-11.507244	ವಾಗಿರುವ
15758	-11.507309	▁ইউরোপ
15759	-11.507409	ণী
15760	-11.507438	▁வைத்த
15761	-11.507682	▁visto
15762	-11.507692	കേന്ദ്ര
15763	-11.507792	▁cooking
15764	-11.508113	ांसाठी
15765	-11.508143	శేష
15766	-11.508595	▁berber
15767	-11.508673	ోత్సవ
15768	-11.508673	▁મદદ
15769	-11.508674	abhängig
15770	-11.508674	സമൂഹ
15771	-11.508674	▁согласно
15772	-11.508674	▁વ્યવસ્થા
15773	-11.508702	▁અનુસાર
15774	-11.508708	нц
15775	-11.508711	ਸ਼ੁ
15776	-11.508821	स्थित
15777	-11.508978	▁circula
15778	-11.509056	▁pick
15779	-11.509161	मंडळ
15780	-11.509216	▁raggi
15781	-11.509275	bindung
15782	-11.509276	দূর
15783	-11.509704	ਐਸ
15784	-11.509710	মিটার
15785	-11.509789	ерт
15786	-11.509807	ആം
15787	-11.509872	▁ಮಳೆ
15788	-11.509987	▁uski
15789	-11.510603	▁kemerdekaan
15790	-11.510603	▁ਲਗਭਗ
15791	-11.510604	▁influencia
15792	-11.510613	▁транспорт
15793	-11.510653	▁palazzo
15794	-11.510857	▁situé
15795	-11.510923	▁japonais
15796	-11.510947	▁सहा
15797	-11.511150	▁উপন্যাস
15798	-11.511272	ിപ്പിച്ച
15799	-11.511293	బడిన
15800	-11.511653	सूर
15801	-11.511751	▁પ્રકાર
15802	-11.511841	▁игр
15803	-11.512085	ിരിക്കുന്നത്
15804	-11.512116	▁دریا
15805	-11.512406	▁hutan
15806	-11.512538	▁británico
15807	-11.512538	▁अध्ययन
15808	-11.512538	▁समावेश
15809	-11.512543	▁جدید
15810	-11.512544	▁ಸೂರ್ಯ
15811	-11.512544	▁ഉയർന്ന
15812	-11.512547	▁குறிப்பிட்ட
15813	-11.512547	നൂ
15814	-11.512551	альный
15815	-11.512565	entreprise
15816	-11.512610	▁ಹೊಂದಿರುವ
15817	-11.512676	▁তিনটি
15818	-11.512776	സ്ട്ര
15819	-11.512792	▁ਥਾਂ
15820	-11.512894	▁गेला
15821	-11.512925	▁foundation
15822	-11.512931	ડ્ર
15823	-11.513305	word
15824	-11.513311	писал
15825	-11.513418	▁ಉದ್ದ
15826	-11.513588	ಲಿಂಗ
15827	-11.513815	▁developed
15828	-11.513887	▁masuk
15829	-11.514131	▁permette
15830	-11.514134	▁terminal
15831	-11.514363	வாச
15832	-11.514476	नारायण
15833	-11.514476	▁સૌરાષ્ટ્ર
15834	-11.514476	▁இயேசு
15835	-11.514476	▁దివ్యాంగుల
15836	-11.514482	▁ছাত্র
15837	-11.514497	zeichen
15838	-11.514582	▁kitne
15839	-11.514718	dokumen
15840	-11.514840	▁muchas
15841	-11.514933	▁juego
15842	-11.515097	லெ
15843	-11.515114	▁custo
15844	-11.515353	చె
15845	-11.515447	▁গড়ে
15846	-11.515509	ிறது
15847	-11.516020	▁થતા
15848	-11.516040	پر
15849	-11.516191	ലിന്റെ
15850	-11.516417	▁incorpora
15851	-11.516418	▁agustus
15852	-11.516418	▁पहिले
15853	-11.516418	▁সম্ভব
15854	-11.516418	▁ಸ್ವಾತಂತ್ರ್ಯ
15855	-11.516418	▁ആരംഭിച്ച
15856	-11.516418	▁further
15857	-11.516422	▁छोड़
15858	-11.516434	▁través
15859	-11.516440	▁almost
15860	-11.516481	▁வேலை
15861	-11.516500	▁لاکھ
15862	-11.516508	▁connection
15863	-11.516521	just
15864	-11.516581	▁edward
15865	-11.516731	▁आधारित
15866	-11.516985	▁finance
15867	-11.517190	நாயக
15868	-11.517231	வினை
15869	-11.517544	cultura
15870	-11.517632	étique
15871	-11.517993	▁kern
15872	-11.517996	▁bila
15873	-11.518363	schließlich
15874	-11.518365	▁मूळ
15875	-11.518372	нием
15876	-11.518394	▁ਮੰਤਰੀ
15877	-11.518538	▁അതിനു
15878	-11.518647	▁પ્રવાસ
15879	-11.518741	▁మొదల
15880	-11.519153	▁кри
15881	-11.519435	▁hang
15882	-11.519450	ప్రసాద్
15883	-11.519556	▁realizza
15884	-11.519687	നാട്ട
15885	-11.519901	▁kristen
15886	-11.520062	ਜੋ
15887	-11.520312	▁কিলোমিটার
15888	-11.520328	▁పూర్తి
15889	-11.520373	▁lavoro
15890	-11.520377	ಿದರೆ
15891	-11.520749	вяз
15892	-11.520817	▁പണി
15893	-11.521075	▁آخری
15894	-11.521098	▁ഇദ്ദേഹം
15895	-11.521176	▁కాని
15896	-11.521462	▁guide
15897	-11.521662	ભવ
15898	-11.521691	▁கதை
15899	-11.521708	ಟೈ
15900	-11.521849	ೆಂಟ್
15901	-11.521922	४०
15902	-11.522265	▁برطانوی
15903	-11.522265	▁गुजरात
15904	-11.522265	▁எனினும்
15905	-11.522266	▁असताना
15906	-11.522268	▁قابل
15907	-11.522270	▁ఇందులో
15908	-11.522319	▁porém
15909	-11.523108	▁pib
15910	-11.523144	বদ্ধ
15911	-11.523611	▁considerada
15912	-11.523666	ಂತಿ
15913	-11.523941	éné
15914	-11.524134	யுடன்
15915	-11.524222	▁permukaan
15916	-11.524222	▁philosophie
15917	-11.524243	▁అనియత
15918	-11.524248	▁ತಿಳಿದ
15919	-11.524271	▁தந்தை
15920	-11.524275	▁указ
15921	-11.524327	▁సాధించ
15922	-11.524467	பிள்ளை
15923	-11.524549	▁chill
15924	-11.524707	▁વિકસ
15925	-11.525040	▁सै
15926	-11.525126	▁مغرب
15927	-11.525216	▁અંગ્રેજી
15928	-11.525222	▁ವರ್ಷದಲ್ಲಿ
15929	-11.525292	▁range
15930	-11.525317	▁russe
15931	-11.525402	▁protocol
15932	-11.525432	விட்டு
15933	-11.525483	▁arsen
15934	-11.525687	▁colonial
15935	-11.526179	▁युरोप
15936	-11.526183	▁perjanjian
15937	-11.526183	▁principe
15938	-11.526183	▁সেখানে
15939	-11.526183	▁ਹਿੰਦੂ
15940	-11.526183	▁જગ્યા
15941	-11.526186	▁सकती
15942	-11.526199	▁లేదా
15943	-11.526246	ઈન
15944	-11.526254	▁achhe
15945	-11.526372	▁ভাই
15946	-11.526380	▁পরিবার
15947	-11.526508	jahr
15948	-11.526593	▁compone
15949	-11.526609	▁जर्मन
15950	-11.526642	▁அமைக்க
15951	-11.526653	▁crime
15952	-11.526656	▁ਘੋ
15953	-11.526721	▁حملہ
15954	-11.526777	كل
15955	-11.526822	▁taxa
15956	-11.526848	frequent
15957	-11.526917	тол
15958	-11.526927	ordnung
15959	-11.526954	ગમ
15960	-11.527072	▁ಪ್ರವಾಸ
15961	-11.527223	enberg
15962	-11.527784	▁kimia
15963	-11.528129	industria
15964	-11.528148	▁நான்கு
15965	-11.528150	▁regiões
15966	-11.528202	▁સમગ્ર
15967	-11.528238	буд
15968	-11.528242	▁piece
15969	-11.528340	ങ്കര
15970	-11.528362	▁hindia
15971	-11.528391	▁karni
15972	-11.528907	▁قوم
15973	-11.529174	ുണ്ടായിരുന്ന
15974	-11.529282	▁collega
15975	-11.529360	▁रखा
15976	-11.529453	த்தைக்
15977	-11.529566	▁blei
15978	-11.530116	▁பல்கலைக்கழக
15979	-11.530116	▁ಕೃಷಿ
15980	-11.530117	▁पहली
15981	-11.530118	▁پسند
15982	-11.530120	▁demonstra
15983	-11.530290	▁bhar
15984	-11.530615	ಯವರು
15985	-11.530941	▁decorat
15986	-11.531420	▁فرما
15987	-11.531450	ನಗರ
15988	-11.531960	▁cabo
15989	-11.532087	▁muhammad
15990	-11.532088	▁несколько
15991	-11.532088	▁ऑक्टोबर
15992	-11.532088	▁માહિતી
15993	-11.532088	▁అయితే
15994	-11.532088	▁రైల్వే
15995	-11.532090	▁রচনা
15996	-11.532090	▁മികച്ച
15997	-11.532093	▁اُن
15998	-11.532094	▁ਪੁੱਤਰ
15999	-11.532098	químico
16000	-11.532132	assassin
16001	-11.532170	▁ideal
16002	-11.532307	▁ব্র
16003	-11.532339	ಬಂದ
16004	-11.532353	साद
16005	-11.532363	▁ਨਿਊ
16006	-11.532585	▁ਆਧਾਰ
16007	-11.533175	▁marx
16008	-11.533306	insel
16009	-11.533380	шла
16010	-11.533404	ുണ്ടാക
16011	-11.533561	▁ટીમ
16012	-11.533619	▁price
16013	-11.533633	fla
16014	-11.533750	சார
16015	-11.533800	▁నెల
16016	-11.533835	▁ಶೇ
16017	-11.533873	▁install
16018	-11.533877	বাসী
16019	-11.534064	▁स्पर्धा
16020	-11.534065	▁perubahan
16021	-11.534065	▁অভিনেতা
16022	-11.534066	▁tertinggi
16023	-11.534067	▁मृत्यू
16024	-11.534070	▁মৌল
16025	-11.534102	▁ఏర్పడ
16026	-11.534164	सोबत
16027	-11.534170	▁samjh
16028	-11.534180	▁running
16029	-11.534190	▁ಸಂಪೂರ್ಣ
16030	-11.534231	▁kuno
16031	-11.534250	▁పౌర
16032	-11.534373	▁ایسی
16033	-11.534504	ਦਿਆਂ
16034	-11.534660	▁слова
16035	-11.534678	▁നല്ല
16036	-11.534826	▁கண்ண
16037	-11.534912	▁woman
16038	-11.534936	flug
16039	-11.534945	▁пят
16040	-11.535096	▁حج
16041	-11.535108	▁দশ
16042	-11.535419	ів
16043	-11.535555	നായിരുന്നു
16044	-11.535592	ਸਿੱਧ
16045	-11.535609	చూ
16046	-11.535615	▁પ્રકારના
16047	-11.535840	▁escrito
16048	-11.535981	▁samjho
16049	-11.535987	દ્દ
16050	-11.536027	க்கே
16051	-11.536044	▁ದ್ವೀಪ
16052	-11.536045	▁അഭിപ്രായ
16053	-11.536060	▁метод
16054	-11.536064	▁جرمن
16055	-11.536110	शास्त्रज्ञ
16056	-11.536137	▁интер
16057	-11.536169	ജ്ഞ
16058	-11.536223	rhein
16059	-11.536223	ారావు
16060	-11.536369	સિંહ
16061	-11.536405	▁इनके
16062	-11.536665	▁contest
16063	-11.536789	யிலிருந்து
16064	-11.537181	ువు
16065	-11.537354	▁આઠ
16066	-11.537784	ാനായി
16067	-11.537926	நாள
16068	-11.538023	▁ચીન
16069	-11.538029	▁истории
16070	-11.538029	▁અમુક
16071	-11.538029	▁மட்டுமே
16072	-11.538031	▁एकूण
16073	-11.538033	▁universität
16074	-11.538077	▁அரசியல்
16075	-11.538202	▁कार्यक्रम
16076	-11.538205	भाषा
16077	-11.538314	▁ਮਾਰਚ
16078	-11.538319	▁чтобы
16079	-11.538703	▁கருத்து
16080	-11.538837	அ
16081	-11.539017	களைத்
16082	-11.539107	▁largest
16083	-11.539163	▁fruit
16084	-11.539321	निर्मित
16085	-11.539835	▁zweiten
16086	-11.539948	▁నాగ
16087	-11.539990	ಟರ್‌
16088	-11.540017	▁పార్టీ
16089	-11.540021	▁outdoor
16090	-11.540023	▁instead
16091	-11.540040	ચંદ્ર
16092	-11.540088	▁दुनिया
16093	-11.540101	▁ജില്ലയിലെ
16094	-11.540107	▁тыс
16095	-11.540321	▁ஆவார்
16096	-11.540547	cchia
16097	-11.540678	▁ಅವರನ್ನು
16098	-11.540689	tempo
16099	-11.540801	ுள்ளார்
16100	-11.541168	ಳ್ಳಿ
16101	-11.541327	skop
16102	-11.541588	ੱਥ
16103	-11.541612	&
16104	-11.541652	▁jung
16105	-11.541788	டே
16106	-11.541862	ేషన్
16107	-11.541945	▁મેળવી
16108	-11.542008	▁यूरोप
16109	-11.542009	▁council
16110	-11.542009	▁menunjukkan
16111	-11.542009	▁rispetto
16112	-11.542009	▁двух
16113	-11.542009	▁قبضہ
16114	-11.542009	▁ರಾಜಕೀಯ
16115	-11.542011	▁filosofi
16116	-11.542018	▁fabrica
16117	-11.542036	▁تجارت
16118	-11.542068	▁южно
16119	-11.542109	▁સ્થિતિ
16120	-11.542122	▁competi
16121	-11.542218	▁संपूर्ण
16122	-11.542397	ഞ
16123	-11.542422	▁கார்
16124	-11.542456	▁fotograf
16125	-11.542651	▁годы
16126	-11.542789	giun
16127	-11.542842	цел
16128	-11.542998	ஞ்சி
16129	-11.543078	taria
16130	-11.543136	പ്പിൽ
16131	-11.543172	▁asteroid
16132	-11.543425	રૂપે
16133	-11.543526	ಬೇಕಾದ
16134	-11.544005	▁متعلق
16135	-11.544005	▁నాలుగు
16136	-11.544005	▁ಹಿಂದೂ
16137	-11.544006	▁આગળ
16138	-11.544157	▁stories
16139	-11.544181	▁ленин
16140	-11.544491	▁республики
16141	-11.544616	édit
16142	-11.544781	ট্রা
16143	-11.544817	▁publish
16144	-11.544847	▁fred
16145	-11.544995	▁stellt
16146	-11.545014	илась
16147	-11.545079	▁ਪੱਛਮੀ
16148	-11.545197	ировал
16149	-11.545344	ಮೊ
16150	-11.545440	▁آخر
16151	-11.545826	▁ಕಾಲದ
16152	-11.545982	ತಂತ್ರ
16153	-11.546005	▁इंडिया
16154	-11.546005	▁ফরাসি
16155	-11.546008	▁parfois
16156	-11.546013	▁దేవాలయ
16157	-11.546016	▁దగ్గర
16158	-11.546036	▁ਅਦਾਕਾਰ
16159	-11.546086	ण्याच्या
16160	-11.546086	यंत्र
16161	-11.546229	▁southern
16162	-11.546319	▁चर्च
16163	-11.546572	▁estaba
16164	-11.546916	▁dekat
16165	-11.546928	வரின்
16166	-11.547006	▁hotel
16167	-11.547121	approv
16168	-11.547151	കളായ
16169	-11.547240	शाही
16170	-11.547298	ಂಡು
16171	-11.547602	ব্ল
16172	-11.547863	▁meisten
16173	-11.547982	६०
16174	-11.547983	norm
16175	-11.548009	▁desenvolve
16176	-11.548009	▁knowledge
16177	-11.548009	▁প্রচলিত
16178	-11.548010	▁österreich
16179	-11.548010	▁انتظام
16180	-11.548015	▁футбол
16181	-11.548039	espèce
16182	-11.548070	wirkung
16183	-11.548174	▁കുറഞ്ഞ
16184	-11.548244	ography
16185	-11.548382	urgi
16186	-11.548383	▁تج
16187	-11.548536	ுள்ளனர்
16188	-11.548567	▁नै
16189	-11.548699	▁মনো
16190	-11.548992	ಪ್‌
16191	-11.549051	▁मॉ
16192	-11.549103	▁అప్ప
16193	-11.549523	ਜੀਵ
16194	-11.549567	фор
16195	-11.549717	ધન
16196	-11.549876	unica
16197	-11.550016	▁ಸಾಮ್ರಾಜ್ಯ
16198	-11.550017	aeroporto
16199	-11.550017	▁histórico
16200	-11.550017	▁తిరిగి
16201	-11.550032	▁૧૯૫
16202	-11.550046	speicher
16203	-11.550110	▁patient
16204	-11.550284	▁ambos
16205	-11.550378	כו
16206	-11.550443	▁occupa
16207	-11.550670	ഖ്
16208	-11.550811	ಹೆ
16209	-11.551123	▁comporta
16210	-11.551318	▁ہندو
16211	-11.551392	importance
16212	-11.551400	▁начала
16213	-11.551980	гран
16214	-11.551991	europa
16215	-11.551998	▁त्याचा
16216	-11.552030	▁soprattutto
16217	-11.552030	▁velocidad
16218	-11.552030	▁الاقوامی
16219	-11.552030	▁অনুসারে
16220	-11.552042	మంత
16221	-11.552053	▁നിർമ്മിച്ച
16222	-11.552090	▁chamada
16223	-11.552100	▁ਆਜ਼ਾਦ
16224	-11.552225	▁northern
16225	-11.552448	▁सध्या
16226	-11.552497	▁numa
16227	-11.552593	▁pacifi
16228	-11.552668	▁apna
16229	-11.552931	யால்
16230	-11.553378	ativ
16231	-11.554046	gráfico
16232	-11.554046	▁considéré
16233	-11.554046	▁perdagangan
16234	-11.554046	▁perspective
16235	-11.554046	▁млн
16236	-11.554046	▁ઉપલબ્ધ
16237	-11.554051	▁trabalha
16238	-11.554073	ಚ್ಛ
16239	-11.554184	স্টার
16240	-11.554219	▁தொடர்பு
16241	-11.554221	▁మండలానికి
16242	-11.554296	ган
16243	-11.554354	▁निवास
16244	-11.554780	పాడు
16245	-11.554792	▁champion
16246	-11.554829	▁ಹಿಂ
16247	-11.554868	सेन
16248	-11.554932	▁ਇਸਦੇ
16249	-11.554991	пуст
16250	-11.555082	organization
16251	-11.555145	▁জুন
16252	-11.555177	▁ಕ್ಲ
16253	-11.555179	▁sunda
16254	-11.555316	▁цар
16255	-11.555399	ਗਰੀ
16256	-11.555662	ીયન
16257	-11.555700	ீட்ட
16258	-11.555712	▁न्याय
16259	-11.555836	▁ਕ੍ਰਿ
16260	-11.555925	▁എഴുത
16261	-11.556066	▁ਜਲੰਧਰ
16262	-11.556066	▁દરમ્યાન
16263	-11.556127	▁ધ્યાન
16264	-11.556156	▁relação
16265	-11.556372	▁jeune
16266	-11.556432	груз
16267	-11.556433	യിലേക്ക്
16268	-11.556497	▁ઉદ્યોગ
16269	-11.556548	дра
16270	-11.556646	ശീ
16271	-11.556774	integr
16272	-11.556907	▁சார்ந்த
16273	-11.556933	ício
16274	-11.556980	▁robot
16275	-11.557147	▁ഇവർ
16276	-11.557208	पाट
16277	-11.557671	▁શક્ય
16278	-11.557706	৪০
16279	-11.557792	▁bö
16280	-11.557860	▁আলো
16281	-11.558007	ీకరించ
16282	-11.558090	▁established
16283	-11.558090	▁kehidupan
16284	-11.558090	▁तालुक्या
16285	-11.558090	▁বৃহত্তম
16286	-11.558093	▁teoría
16287	-11.558122	అ
16288	-11.558143	▁ವಿಭಾಗ
16289	-11.558148	schluss
16290	-11.558252	équipe
16291	-11.558300	▁এছাড়াও
16292	-11.558329	પ્રકાશ
16293	-11.558332	▁കാണാം
16294	-11.558367	▁परिणाम
16295	-11.558529	▁putra
16296	-11.558606	▁தலைவர்
16297	-11.558649	▁ಇದೇ
16298	-11.558790	▁વાત
16299	-11.558890	▁இடம்
16300	-11.558922	вших
16301	-11.558989	ಭವ
16302	-11.559001	▁sentido
16303	-11.559300	ഡിയ
16304	-11.559505	schnitt
16305	-11.559634	▁lleva
16306	-11.559671	▁começa
16307	-11.559935	▁भु
16308	-11.560119	▁magazine
16309	-11.560119	▁pembangunan
16310	-11.560119	▁которая
16311	-11.560119	▁کبھی
16312	-11.560119	▁எழுத்தாளர்
16313	-11.560119	▁சுமார்
16314	-11.560119	▁மொத்த
16315	-11.560121	▁potential
16316	-11.560123	▁consegui
16317	-11.560171	▁capacidad
16318	-11.560315	▁ਦੱਸ
16319	-11.560598	శీ
16320	-11.560618	▁ವಾಯು
16321	-11.560632	▁ಅದೇ
16322	-11.560661	▁அன்று
16323	-11.560688	த்திலிருந்து
16324	-11.560804	▁romain
16325	-11.560807	▁regard
16326	-11.560836	▁sozial
16327	-11.560853	größe
16328	-11.561108	ಂದ್ರ
16329	-11.561159	▁continente
16330	-11.561418	▁ਮੰਗ
16331	-11.561680	▁zaroor
16332	-11.561845	▁குரு
16333	-11.562017	▁герман
16334	-11.562104	സ്ഥാപന
16335	-11.562151	▁inglaterra
16336	-11.562151	▁अतिरिक्त
16337	-11.562154	▁اُس
16338	-11.562154	▁நோய்
16339	-11.562204	▁hombre
16340	-11.562276	▁रोमन
16341	-11.562404	▁picture
16342	-11.562626	▁सफल
16343	-11.562781	సరి
16344	-11.562859	▁ഫല
16345	-11.563174	▁cambia
16346	-11.563196	▁ceux
16347	-11.563313	▁সংস্থা
16348	-11.563334	ट्स
16349	-11.563670	▁நிறுவ
16350	-11.563811	нского
16351	-11.564095	শী
16352	-11.564164	ഘടന
16353	-11.564194	ગ્રંથ
16354	-11.564237	benar
16355	-11.564462	ఖ్య
16356	-11.564589	▁கூடிய
16357	-11.564919	handlung
16358	-11.564971	▁நகரில்
16359	-11.564976	▁সম্পর্কে
16360	-11.565713	▁phase
16361	-11.565861	ähr
16362	-11.565941	▁تش
16363	-11.565947	▁две
16364	-11.566078	ుడైన
16365	-11.566229	▁নোবেল
16366	-11.566235	▁ਨਿਰਦੇਸ਼
16367	-11.566247	verfahren
16368	-11.566272	▁contiene
16369	-11.566278	▁यदि
16370	-11.566341	▁രണ്ടാം
16371	-11.566393	ografia
16372	-11.566415	▁cristã
16373	-11.566439	▁ترکی
16374	-11.566482	ટ્રે
16375	-11.566823	▁ਜਾਣਿਆ
16376	-11.566909	▁తప్ప
16377	-11.567191	ônio
16378	-11.567296	ંભ
16379	-11.568096	পতি
16380	-11.568238	८०
16381	-11.568263	trans
16382	-11.568274	▁انتقال
16383	-11.568274	▁سرکاری
16384	-11.568274	▁क्रमांक
16385	-11.568274	▁অন্তর্ভুক্ত
16386	-11.568274	▁ഏകദേശം
16387	-11.568284	▁матери
16388	-11.568309	▁தலைநகர
16389	-11.568343	▁frankreich
16390	-11.568347	ড্র
16391	-11.568400	ವನ್ನೂ
16392	-11.568486	ники
16393	-11.568542	▁champ
16394	-11.568734	▁войска
16395	-11.569601	मित्र
16396	-11.569647	▁moved
16397	-11.569682	శాఖ
16398	-11.569760	▁ക്ഷേത്രം
16399	-11.570045	מש
16400	-11.570102	armée
16401	-11.570270	▁നടത്തുന്ന
16402	-11.570323	▁alexandr
16403	-11.570323	▁medieval
16404	-11.570325	▁связан
16405	-11.570333	▁வணிக
16406	-11.570350	▁સ્વતંત્ર
16407	-11.570354	▁chhod
16408	-11.570388	▁ઉચ્ચ
16409	-11.570460	গল
16410	-11.570472	▁பிரான்ச
16411	-11.570474	ന്തു
16412	-11.570485	méri
16413	-11.570615	▁গিয়ে
16414	-11.570895	▁coast
16415	-11.571171	ಕೋಶ
16416	-11.571220	positiv
16417	-11.571416	▁தவிர
16418	-11.571457	অ
16419	-11.571866	െന്നു
16420	-11.572036	਼
16421	-11.572375	▁തുടക്ക
16422	-11.572376	▁industry
16423	-11.572376	▁তথ্য
16424	-11.572376	▁કાયદા
16425	-11.572376	▁സ്ഥാപിച്ച
16426	-11.572377	▁качестве
16427	-11.572381	▁വയസ്സ
16428	-11.572395	horizon
16429	-11.572409	പ്രകാശ
16430	-11.572439	▁نگار
16431	-11.572660	▁తీసుకు
16432	-11.572763	▁உண்டு
16433	-11.572949	▁junio
16434	-11.573227	சுர
16435	-11.573296	গার
16436	-11.573465	▁தங்க
16437	-11.573626	▁frente
16438	-11.573911	▁म्हण
16439	-11.574348	▁siendo
16440	-11.574433	▁लोकसंख्या
16441	-11.574433	▁முதலாவது
16442	-11.574434	▁attempt
16443	-11.574434	▁ਸ੍ਰੀ
16444	-11.574446	▁مقرر
16445	-11.574458	▁এরপর
16446	-11.574546	ੀਅਤ
16447	-11.574558	▁ತಾಯಿ
16448	-11.574597	പ്ത
16449	-11.574738	ল্ট
16450	-11.574792	▁ayant
16451	-11.575051	▁ferrovia
16452	-11.575334	▁pesca
16453	-11.575359	▁francesa
16454	-11.575449	▁అన్ని
16455	-11.575500	▁chahti
16456	-11.575904	▁آنے
16457	-11.576134	▁સંસ્કૃતિ
16458	-11.576315	ലുകൾ
16459	-11.576361	▁frança
16460	-11.576443	▁এদের
16461	-11.576495	▁buddha
16462	-11.576495	▁ബ്രിട്ടീഷ്
16463	-11.576495	▁വ്യത്യസ്ത
16464	-11.576496	▁ಸಮಾಜ
16465	-11.576497	▁crescimento
16466	-11.576501	▁daripada
16467	-11.576522	держа
16468	-11.576790	▁incluindo
16469	-11.576817	భద్ర
16470	-11.577347	▁capi
16471	-11.577696	ಿಸಿದ್ದಾರೆ
16472	-11.577939	сер
16473	-11.578339	▁તેવા
16474	-11.578562	▁demikian
16475	-11.578562	▁sedikit
16476	-11.578562	▁объект
16477	-11.578562	▁الله
16478	-11.578562	▁ముగ్గురు
16479	-11.578562	▁సమయంలో
16480	-11.578563	▁futebol
16481	-11.578565	▁artificial
16482	-11.578565	▁fitness
16483	-11.578568	▁zentral
16484	-11.578568	▁अलावा
16485	-11.578569	▁ప్రస్తుత
16486	-11.578574	▁অভিনয়
16487	-11.578575	গোষ্ঠী
16488	-11.578835	▁നൽകി
16489	-11.578847	▁dark
16490	-11.578868	▁என்பதை
16491	-11.578911	impero
16492	-11.579098	ગુ
16493	-11.579145	▁അമേരിക്ക
16494	-11.579160	ಿಸಲಾಯಿತು
16495	-11.579246	▁passou
16496	-11.579246	▁പുന
16497	-11.580004	▁எடுத்த
16498	-11.580159	▁রোগ
16499	-11.580213	ಕ್ಸಿ
16500	-11.580245	▁ફોર
16501	-11.580280	▁varios
16502	-11.580354	మును
16503	-11.580391	ികളുടെ
16504	-11.580413	▁strada
16505	-11.580632	▁particulier
16506	-11.580632	▁برطانیہ
16507	-11.580632	▁प्रयत्न
16508	-11.580632	▁ડાંગર
16509	-11.580632	▁నటుడు
16510	-11.580632	▁പദ്ധതി
16511	-11.580635	▁जहां
16512	-11.580662	▁પ્રાપ્ત
16513	-11.580668	▁ನಿರ್ವಹಿಸ
16514	-11.580689	▁heraus
16515	-11.580689	▁गेली
16516	-11.580740	വിശേഷ
16517	-11.580740	▁financi
16518	-11.580790	▁சிறிய
16519	-11.580925	хим
16520	-11.580996	▁branch
16521	-11.581263	ಸ್ವಾಮಿ
16522	-11.581511	ുമുള്ള
16523	-11.581511	▁মানব
16524	-11.581561	▁ತಪ್ಪ
16525	-11.581668	باب
16526	-11.581674	▁ਜਲ
16527	-11.581729	▁ਕਹਿ
16528	-11.581786	പെട്ട
16529	-11.581868	▁امر
16530	-11.581933	मंडल
16531	-11.581958	▁வீர
16532	-11.582251	▁hours
16533	-11.582411	▁ತಯಾರ
16534	-11.582417	த்தால்
16535	-11.582545	▁புவி
16536	-11.582711	▁evangel
16537	-11.582712	▁પુસ્તક
16538	-11.582713	▁೧೯೭
16539	-11.582743	▁voyage
16540	-11.582775	സേന
16541	-11.582817	ദ്ദേശ
16542	-11.582821	epoca
16543	-11.582856	▁densidade
16544	-11.582969	ਰਾਸ਼ਟਰ
16545	-11.583093	kritik
16546	-11.583453	പുത്ര
16547	-11.583523	▁europeia
16548	-11.583620	▁persia
16549	-11.583694	▁réseau
16550	-11.584515	വരുന്നു
16551	-11.584515	▁कौ
16552	-11.584564	▁profond
16553	-11.584637	zieh
16554	-11.584785	menghasilkan
16555	-11.584787	▁второй
16556	-11.584802	▁سکتے
16557	-11.584910	▁জাতি
16558	-11.584951	▁ಸರಣಿ
16559	-11.584980	ാർത്ഥ
16560	-11.585024	▁характер
16561	-11.585312	▁учё
16562	-11.585371	▁પહેલાં
16563	-11.585385	▁системы
16564	-11.585438	espace
16565	-11.585476	▁प्रवास
16566	-11.586209	▁पाया
16567	-11.586489	ड्ड
16568	-11.586575	கீ
16569	-11.586777	ਤਮਕ
16570	-11.586851	▁ಅಧಿಕ
16571	-11.586869	▁società
16572	-11.586869	▁título
16573	-11.586874	▁سائنس
16574	-11.586877	pflanze
16575	-11.586878	▁اِس
16576	-11.586879	▁dernière
16577	-11.586882	▁manera
16578	-11.586935	▁mistake
16579	-11.586955	▁politica
16580	-11.586964	ক্রান্ত
16581	-11.587027	ड्र
16582	-11.587080	▁esperanto
16583	-11.587172	▁gaye
16584	-11.587257	▁ਸਕਦੀ
16585	-11.587306	ಂಟಿ
16586	-11.587338	▁раздел
16587	-11.587537	▁continental
16588	-11.587555	▁городе
16589	-11.587697	▁interven
16590	-11.587916	▁rechts
16591	-11.588535	▁ਹਾਲ
16592	-11.588682	▁सर्वाधिक
16593	-11.588696	▁successful
16594	-11.588934	▁તેવી
16595	-11.588957	ঐ
16596	-11.588957	▁വ്യക്തി
16597	-11.588961	▁kingdom
16598	-11.588961	▁సంఘం
16599	-11.588967	▁અધિકાર
16600	-11.589026	ಾಗಿರುವ
16601	-11.589102	▁असलेले
16602	-11.589212	▁palabra
16603	-11.589233	▁পরবর্তীতে
16604	-11.589316	നാട്
16605	-11.589379	ாளர
16606	-11.589444	▁નવી
16607	-11.589593	ஸ்ட்
16608	-11.589778	భాగం
16609	-11.589965	▁skin
16610	-11.590557	▁combination
16611	-11.590648	गिरी
16612	-11.590856	▁parece
16613	-11.591048	▁کراچی
16614	-11.591049	▁પ્રાચીન
16615	-11.591052	വർഗ്ഗ
16616	-11.591189	▁мені
16617	-11.591420	percaya
16618	-11.591640	▁बाहर
16619	-11.591840	ाइड
16620	-11.591855	▁করতেন
16621	-11.592208	ವರಿಗೆ
16622	-11.592601	ją
16623	-11.592686	▁mira
16624	-11.592896	ؤں
16625	-11.592945	teilung
16626	-11.592958	ઊ
16627	-11.593001	సంవత్సరం
16628	-11.593027	▁veces
16629	-11.593128	▁બીજ
16630	-11.593145	▁если
16631	-11.593145	▁ব্যাপক
16632	-11.593147	பொழுது
16633	-11.593149	▁زمانے
16634	-11.593151	▁೧೯೮
16635	-11.593182	▁whatever
16636	-11.593201	▁शेवट
16637	-11.593310	жива
16638	-11.593487	▁الن
16639	-11.593490	یاتی
16640	-11.593502	▁ટ્ર
16641	-11.593606	▁misma
16642	-11.593662	பன்
16643	-11.594016	ৎস
16644	-11.594111	▁handle
16645	-11.594115	▁הת
16646	-11.594153	▁बारे
16647	-11.594392	▁стали
16648	-11.594403	▁attac
16649	-11.594478	லிங்க
16650	-11.594597	▁மின்ன
16651	-11.594717	▁defeat
16652	-11.595187	▁arbeits
16653	-11.595246	▁তৃতীয়
16654	-11.595247	▁création
16655	-11.595247	▁స్టేషన్
16656	-11.595249	▁produzione
16657	-11.595268	▁حکمران
16658	-11.595270	▁elimina
16659	-11.595310	ल्यावर
16660	-11.595334	▁राजस्थान
16661	-11.595422	▁झील
16662	-11.595623	architecture
16663	-11.595779	▁خوش
16664	-11.595849	▁കേരളത്തിൽ
16665	-11.595976	ഐ
16666	-11.596263	▁மேல்
16667	-11.596418	▁jauh
16668	-11.596523	கோவில்
16669	-11.596633	▁देते
16670	-11.596685	▁देशों
16671	-11.596740	▁अति
16672	-11.597201	विद्या
16673	-11.597225	يد
16674	-11.597351	▁процесс
16675	-11.597351	▁स्पर्धे
16676	-11.597351	▁খেলোয়াড়
16677	-11.597351	▁রাজনীতিবিদ
16678	-11.597351	▁ਪੁਰਸਕਾਰ
16679	-11.597352	▁alemán
16680	-11.597356	▁millones
16681	-11.597366	▁tokoh
16682	-11.597369	വാർ
16683	-11.597410	▁எடுத்துக்
16684	-11.597597	опыт
16685	-11.597750	▁milegi
16686	-11.598133	▁ഹെ
16687	-11.598985	▁ਕੌਰ
16688	-11.598998	ીકરણ
16689	-11.599024	গড়
16690	-11.599461	▁আক্রমণ
16691	-11.599463	▁pihak
16692	-11.599471	▁स्पष्ट
16693	-11.599478	लैंड
16694	-11.599573	▁subject
16695	-11.599619	▁কর্
16696	-11.599656	▁जपान
16697	-11.599717	▁બાળ
16698	-11.599725	▁چیز
16699	-11.599932	বিদ্যা
16700	-11.600207	▁மண
16701	-11.600300	ಳಿಕೆ
16702	-11.600422	વાદી
16703	-11.600574	ਸਾਈ
16704	-11.600682	▁પ્રમાણ
16705	-11.601483	ರವರು
16706	-11.601575	વૃત્ત
16707	-11.601575	▁इत्यादी
16708	-11.601584	▁સમાજ
16709	-11.601607	▁જૂથ
16710	-11.601615	▁ಅಭಿ
16711	-11.601623	त्रा
16712	-11.601646	▁നിർമ്മിക്ക
16713	-11.601661	▁محل
16714	-11.601721	▁algeria
16715	-11.602032	maschine
16716	-11.602105	ക്കുറിച്ച്
16717	-11.602497	▁নারী
16718	-11.602522	▁ਰਹਿ
16719	-11.602551	partei
16720	-11.602629	▁प्रकाशन
16721	-11.602818	▁opere
16722	-11.602939	▁લોક
16723	-11.603069	▁सुधार
16724	-11.603128	▁मिलता
16725	-11.603453	യുമായി
16726	-11.603491	ફુ
16727	-11.603516	पैकी
16728	-11.603572	▁master
16729	-11.603667	▁военно
16730	-11.603694	లక్ష్మి
16731	-11.603694	▁besonders
16732	-11.603694	▁excitement
16733	-11.603694	▁ਨਵੰਬਰ
16734	-11.603694	▁రెండవ
16735	-11.603695	▁didirikan
16736	-11.603695	▁necessari
16737	-11.603695	▁котором
16738	-11.603695	▁પ્રારંભ
16739	-11.603702	▁ಕಂಪನಿ
16740	-11.603706	▁ഇന്ന്
16741	-11.603708	▁ಉದ್ದೇಶ
16742	-11.603709	▁ഉണ്ടാക്ക
16743	-11.603712	▁jalur
16744	-11.603830	▁ಚರ್ಚ
16745	-11.603840	▁precisa
16746	-11.603918	▁amplia
16747	-11.603938	പൂർണ്ണ
16748	-11.603980	inspire
16749	-11.604258	▁இந்து
16750	-11.604568	▁घेतला
16751	-11.604681	▁ambient
16752	-11.604782	▁ਗੋਲ
16753	-11.604866	ுவதற்கு
16754	-11.604936	▁മറ്റ്
16755	-11.605442	▁এতে
16756	-11.605691	зер
16757	-11.605817	▁পরিমাণ
16758	-11.605817	▁వాణిజ్య
16759	-11.605817	▁ಪ್ರಾಚೀನ
16760	-11.605832	▁सुंदर
16761	-11.605836	▁पहाड़
16762	-11.605862	▁pref
16763	-11.605876	maß
16764	-11.605915	▁ਲੜਾਈ
16765	-11.605945	schicht
16766	-11.605947	▁संसद
16767	-11.605955	▁важн
16768	-11.605996	▁đã
16769	-11.606105	kret
16770	-11.606357	theater
16771	-11.606471	▁निकल
16772	-11.606665	▁construção
16773	-11.607062	▁khel
16774	-11.607095	▁daily
16775	-11.607097	▁আমেরিকা
16776	-11.607217	קר
16777	-11.607512	ഭാര
16778	-11.607625	▁ಸ್ವಾ
16779	-11.607627	▁মাই
16780	-11.607759	▁समज
16781	-11.607876	▁নেতা
16782	-11.607944	▁ચોક્કસ
16783	-11.607945	▁pertanian
16784	-11.607948	▁کالج
16785	-11.607956	▁партии
16786	-11.608029	▁ਸੰਨ
16787	-11.608049	▁направлен
16788	-11.608092	▁makanan
16789	-11.608242	▁சேவை
16790	-11.608289	▁significant
16791	-11.608321	université
16792	-11.608406	рі
16793	-11.608465	▁всё
16794	-11.608466	continent
16795	-11.608849	▁ಇದರಲ್ಲಿ
16796	-11.609527	▁मनो
16797	-11.610076	▁ಕುಟುಂಬ
16798	-11.610077	▁científico
16799	-11.610077	▁проблем
16800	-11.610077	▁উৎপাদন
16801	-11.610077	▁ਉਰਦੂ
16802	-11.610086	▁ਬੱ
16803	-11.610137	▁snow
16804	-11.610395	ਾਊ
16805	-11.610735	વાડા
16806	-11.610825	கின்றனர்
16807	-11.610902	ప్త
16808	-11.611058	unternehmen
16809	-11.611076	ਪੱਛਮ
16810	-11.611569	▁जगह
16811	-11.611609	ിപ്പിക്കുന്ന
16812	-11.611619	ുമെന്ന
16813	-11.611771	▁جز
16814	-11.611860	craft
16815	-11.612102	▁பின்ன
16816	-11.612177	താവ
16817	-11.612213	▁energía
16818	-11.612213	▁próprio
16819	-11.612213	▁কম্পিউটার
16820	-11.612365	▁miliar
16821	-11.612485	ਮੇਲ
16822	-11.612714	ವಾಗಿದ್ದ
16823	-11.612723	▁kaisa
16824	-11.612848	▁செல்வ
16825	-11.613058	ٹس
16826	-11.613065	▁تحت
16827	-11.613089	▁corps
16828	-11.613142	▁പേര്
16829	-11.613257	▁ਨੌ
16830	-11.613350	ानु
16831	-11.613374	▁செல்ல
16832	-11.613608	▁इससे
16833	-11.613720	torial
16834	-11.613979	പ്പെടുത്തിയ
16835	-11.614295	اث
16836	-11.614355	ದೃಷ್ಟ
16837	-11.614355	▁इंग्रजी
16838	-11.614355	▁இதனால்
16839	-11.614355	▁ಗೌರವ
16840	-11.614357	পুরুষ
16841	-11.614357	▁línea
16842	-11.614361	▁स्कूल
16843	-11.614367	▁thrill
16844	-11.614367	▁ਸ਼ੁਰੂਆਤ
16845	-11.614403	▁organisasi
16846	-11.614424	▁поэт
16847	-11.614501	ਸ਼ਾਸਤਰ
16848	-11.614593	▁রক্ত
16849	-11.614651	▁கால்
16850	-11.614714	▁говорит
16851	-11.614736	глас
16852	-11.614762	▁बाजार
16853	-11.614779	ঘট
16854	-11.615029	ేందుకు
16855	-11.615324	▁walter
16856	-11.615351	▁scan
16857	-11.615466	ਜੀਤ
16858	-11.615472	▁பெற்றது
16859	-11.615711	ಿರುವುದು
16860	-11.615781	ఇ
16861	-11.616200	പ്പെടുന്നത്
16862	-11.616230	▁emerge
16863	-11.616296	оруж
16864	-11.616501	▁সর্বোচ্চ
16865	-11.616502	सुद्धा
16866	-11.616502	▁वहाँ
16867	-11.616506	▁weather
16868	-11.616522	▁disputa
16869	-11.616647	মূলক
16870	-11.616735	▁marine
16871	-11.616883	▁ministre
16872	-11.617453	▁session
16873	-11.617599	▁اٹھا
16874	-11.617654	▁ਆਫ਼
16875	-11.617713	▁हस्त
16876	-11.617837	ంభ
16877	-11.618220	ದೊಂದಿಗೆ
16878	-11.618279	▁آب
16879	-11.618651	▁જિલ્લો
16880	-11.618662	▁près
16881	-11.618668	▁দখল
16882	-11.618675	▁अंक
16883	-11.618800	▁orienta
16884	-11.618830	▁ചൂ
16885	-11.618836	▁alternative
16886	-11.618857	▁ಇನ್ನೂ
16887	-11.618997	▁minori
16888	-11.619032	▁മാത്രമേ
16889	-11.619093	▁سفر
16890	-11.619096	▁error
16891	-11.619184	▁یاد
16892	-11.619248	ాలతో
16893	-11.619412	▁ವಿದ್ಯುತ್
16894	-11.619770	▁gilt
16895	-11.619813	▁प्राय
16896	-11.619876	▁உயர
16897	-11.620025	నుండి
16898	-11.620071	▁نف
16899	-11.620168	લિંગ
16900	-11.620211	▁maría
16901	-11.620495	▁કરનાર
16902	-11.620816	▁miglior
16903	-11.620830	▁pyaar
16904	-11.620847	▁জাপান
16905	-11.620859	▁traffic
16906	-11.620941	▁ઓછા
16907	-11.620954	▁নামকরণ
16908	-11.621037	мысл
16909	-11.621113	▁ভূমিকা
16910	-11.621708	▁negro
16911	-11.621713	▁গণিত
16912	-11.622005	▁turismo
16913	-11.622033	वाई
16914	-11.622077	▁சுற்று
16915	-11.622113	ান্তর
16916	-11.622254	▁dirige
16917	-11.622602	▁riferi
16918	-11.622727	duction
16919	-11.622855	കീഴ
16920	-11.622967	▁ব্যবসা
16921	-11.622972	▁fuerza
16922	-11.623012	▁نش
16923	-11.623043	రాజ్
16924	-11.623258	▁धो
16925	-11.623272	▁rival
16926	-11.623312	▁раб
16927	-11.623349	મીટર
16928	-11.623363	▁dialek
16929	-11.623734	ವಾಗಿವೆ
16930	-11.623826	▁sabki
16931	-11.623837	డంతో
16932	-11.623908	▁infinit
16933	-11.624036	▁دس
16934	-11.624056	اغ
16935	-11.624119	▁madre
16936	-11.624177	પ્લે
16937	-11.624224	யையும்
16938	-11.624249	uomo
16939	-11.624584	ब्र
16940	-11.624594	▁ಮತ್ತೆ
16941	-11.624719	രോധ
16942	-11.624872	беж
16943	-11.624997	fläche
16944	-11.625119	▁எழுதிய
16945	-11.625131	▁कॉलेज
16946	-11.625155	▁национал
16947	-11.625203	▁नवीन
16948	-11.625207	▁tonight
16949	-11.625330	▁successiva
16950	-11.625356	▁ਫੌਜ
16951	-11.625463	পত্র
16952	-11.625576	même
16953	-11.625973	▁ವಿಮಾನ
16954	-11.626227	▁यांची
16955	-11.626245	▁ವಿವರ
16956	-11.626459	▁виде
16957	-11.626868	▁bamb
16958	-11.626900	▁ಪಟ್ಟಿ
16959	-11.627289	▁ವೇಗ
16960	-11.627300	▁চরিত্র
16961	-11.627300	▁సామాన్య
16962	-11.627301	▁security
16963	-11.627309	ೊಡನೆ
16964	-11.627316	▁nunca
16965	-11.627318	▁ऊपर
16966	-11.627389	▁siglo
16967	-11.627445	ರಷ್ಟು
16968	-11.627547	चित्र
16969	-11.627564	▁సంగీతం
16970	-11.627577	▁गर्भ
16971	-11.627674	▁від
16972	-11.627910	▁ਦੱਖਣੀ
16973	-11.628156	▁પ્રમાણમાં
16974	-11.628361	▁تل
16975	-11.628631	▁உயிர
16976	-11.628874	kadang
16977	-11.628942	▁തുറ
16978	-11.629347	▁தொழில
16979	-11.629441	ഷാ
16980	-11.629474	▁grâce
16981	-11.629474	▁possibile
16982	-11.629474	▁ਸਿਧਾਂਤ
16983	-11.629474	▁மீண்டும்
16984	-11.629475	▁ظاہر
16985	-11.629475	▁সাবেক
16986	-11.629497	▁બાબત
16987	-11.629504	▁ketiga
16988	-11.629543	शुद्ध
16989	-11.629566	ителя
16990	-11.629641	▁స్వయం
16991	-11.629673	▁critique
16992	-11.629774	▁دین
16993	-11.629795	ವಾಸಿ
16994	-11.629799	ഫെ
16995	-11.630093	▁پل
16996	-11.630276	ஃ
16997	-11.630366	▁maintain
16998	-11.630555	▁scott
16999	-11.631230	strom
17000	-11.631285	ogene
17001	-11.631327	ਯੋ
17002	-11.631450	ಿಸುತ್ತಾರೆ
17003	-11.631653	ವರೆಗೂ
17004	-11.631653	▁probably
17005	-11.631653	▁प्रणाली
17006	-11.631653	▁দীর্ঘ
17007	-11.631653	▁ਪਟਿਆਲਾ
17008	-11.631655	▁wondering
17009	-11.631709	▁রাখা
17010	-11.631908	▁berupa
17011	-11.632116	ಲಕ್ಷಣ
17012	-11.632189	▁variante
17013	-11.632469	▁ಲೋಹ
17014	-11.632531	কুমার
17015	-11.632824	▁bahkan
17016	-11.633063	▁modifi
17017	-11.633244	▁পাঁচ
17018	-11.633463	జ్ఞ
17019	-11.633506	▁مقامی
17020	-11.633688	ించడం
17021	-11.633772	ಮಟ್ಟದ
17022	-11.633829	ോട്ട്
17023	-11.633836	▁zunächst
17024	-11.633836	▁প্রতিষ্ঠান
17025	-11.633837	▁مجموع
17026	-11.633837	▁விருது
17027	-11.633850	▁સંવત
17028	-11.633874	▁brown
17029	-11.633930	ন্টা
17030	-11.634310	▁ఇంటి
17031	-11.634783	▁व्यक्ती
17032	-11.635009	వేత్త
17033	-11.635139	▁ಬೆಟ್ಟ
17034	-11.635324	▁dirigi
17035	-11.635397	▁expect
17036	-11.635601	▁இதை
17037	-11.635734	సార
17038	-11.635825	▁அமெரிக்காவ
17039	-11.635877	▁సహ
17040	-11.636024	▁ಬದಲಾವಣೆ
17041	-11.636024	▁meliputi
17042	-11.636024	▁फुटबॉल
17043	-11.636024	▁આધારિત
17044	-11.636031	▁diplomat
17045	-11.636051	▁బాలబడి
17046	-11.636064	▁occur
17047	-11.636064	▁பதவி
17048	-11.636110	▁ਛੇ
17049	-11.636132	▁বিশ্বাস
17050	-11.636138	▁लिखा
17051	-11.636281	▁domaine
17052	-11.636530	త్వం
17053	-11.636575	▁пара
17054	-11.636579	auteur
17055	-11.636686	prozess
17056	-11.636729	பாட்டு
17057	-11.637103	▁ಮತ್ತ
17058	-11.637115	quê
17059	-11.637160	ிருந்தனர்
17060	-11.637772	ഗോള
17061	-11.637843	▁দলের
17062	-11.638047	▁compila
17063	-11.638176	▁విడుదల
17064	-11.638217	কৌশল
17065	-11.638217	કૃષ્ણ
17066	-11.638217	▁связи
17067	-11.638217	▁లైన్
17068	-11.638218	▁ప్రముఖ
17069	-11.638233	▁೧೭
17070	-11.638240	▁группы
17071	-11.638246	முனை
17072	-11.638321	▁प्रजा
17073	-11.638685	▁ਜਾਵੇ
17074	-11.638714	व्हे
17075	-11.639459	▁dusre
17076	-11.639575	९०
17077	-11.639987	▁موجودہ
17078	-11.640187	▁પહેલ
17079	-11.640415	▁договор
17080	-11.640415	▁অনুষ্ঠিত
17081	-11.640415	▁கல்லூரி
17082	-11.640415	▁కార్యాలయం
17083	-11.640415	▁జీవిత
17084	-11.640416	▁cualquier
17085	-11.640420	▁cinéma
17086	-11.640431	▁русский
17087	-11.640521	▁européenne
17088	-11.640603	▁मोठा
17089	-11.640646	নাট্য
17090	-11.640741	▁కట్ట
17091	-11.640774	லாந்து
17092	-11.640917	▁প্রকৃত
17093	-11.640965	▁stessa
17094	-11.640984	कालीन
17095	-11.641068	▁पुराण
17096	-11.641260	▁componente
17097	-11.641424	ಾವಳಿ
17098	-11.641858	▁મેચ
17099	-11.642059	ثر
17100	-11.642344	הר
17101	-11.642616	▁സ്ഥിതിചെയ്യ
17102	-11.642617	वैज्ञानिक
17103	-11.642617	▁birthday
17104	-11.642617	▁famiglia
17105	-11.642617	▁símbolo
17106	-11.642617	▁worried
17107	-11.642617	▁शिवाजी
17108	-11.642618	▁पवित्र
17109	-11.642618	▁ಅಮೇರಿಕ
17110	-11.642619	▁komputer
17111	-11.642633	ર્ષ
17112	-11.642633	▁ஏற்படுத்த
17113	-11.642663	église
17114	-11.642762	▁ایشیا
17115	-11.642894	▁spirit
17116	-11.643091	ൃത
17117	-11.643093	ন্ডার
17118	-11.643309	▁సాగ
17119	-11.643452	clav
17120	-11.643506	वें
17121	-11.643658	१९
17122	-11.643791	▁foreign
17123	-11.643852	೦೦೦
17124	-11.643973	▁மேல
17125	-11.643985	▁ಬರುವ
17126	-11.644002	▁تح
17127	-11.644024	र्ब
17128	-11.644048	▁মারা
17129	-11.644141	leistung
17130	-11.644311	জ্ঞা
17131	-11.644356	▁भौतिक
17132	-11.644420	▁सत्ता
17133	-11.644470	▁marketing
17134	-11.644475	▁movement
17135	-11.644825	▁पर्यटक
17136	-11.644826	▁heinrich
17137	-11.644826	▁kilometer
17138	-11.644826	▁భార్య
17139	-11.644830	▁چھوڑ
17140	-11.644831	▁freedom
17141	-11.644842	▁conocido
17142	-11.644899	▁мері
17143	-11.645061	▁angola
17144	-11.645082	▁گرم
17145	-11.645082	▁మాజీ
17146	-11.645158	▁фото
17147	-11.645223	▁pessoa
17148	-11.645384	▁quantidade
17149	-11.645724	▁రాజా
17150	-11.646635	▁అధిక
17151	-11.646724	ಿಸುವುದು
17152	-11.646734	૨૦
17153	-11.646910	▁আরো
17154	-11.647038	демократ
17155	-11.647038	▁себя
17156	-11.647038	▁الحکومت
17157	-11.647038	▁మొత్తం
17158	-11.647038	▁സമീപ
17159	-11.647039	▁वायु
17160	-11.647046	▁tujuan
17161	-11.647092	▁líder
17162	-11.647167	ಶೈಲಿ
17163	-11.647314	▁paesi
17164	-11.647471	ത്തിലൂടെ
17165	-11.647491	▁عثمانی
17166	-11.647566	ಬಿಡ
17167	-11.647878	ായിരിക്കും
17168	-11.647970	▁குறைந்த
17169	-11.648129	▁అప్పటి
17170	-11.648163	кі
17171	-11.648190	▁ਵੇਖ
17172	-11.648218	▁ನಿಯಮ
17173	-11.648304	ணா
17174	-11.648540	▁arrest
17175	-11.649027	▁padh
17176	-11.649145	▁പേരു
17177	-11.649156	registr
17178	-11.649255	▁سامنے
17179	-11.649255	▁मनुष्य
17180	-11.649255	▁ਅਕਤੂਬਰ
17181	-11.649255	▁આસપાસ
17182	-11.649255	▁દિવેલી
17183	-11.649256	▁londres
17184	-11.649259	▁બાજુ
17185	-11.649260	▁российская
17186	-11.649304	▁finalmente
17187	-11.649365	▁tribunal
17188	-11.649477	▁apparten
17189	-11.649492	▁લઈ
17190	-11.649498	▁affect
17191	-11.649920	▁બન્યા
17192	-11.650234	▁বিমান
17193	-11.650239	عاش
17194	-11.650464	▁ईसा
17195	-11.650494	▁લડ
17196	-11.650856	généralement
17197	-11.651171	درس
17198	-11.651371	ર્ણ
17199	-11.651381	وسی
17200	-11.651414	ानंतर
17201	-11.651477	തിരുവനന്തപുര
17202	-11.651477	▁ప్రయత్న
17203	-11.651478	▁ਅਹਿਮ
17204	-11.651480	लक्ष्मी
17205	-11.651482	▁circuit
17206	-11.651484	▁anfang
17207	-11.651492	▁ماہر
17208	-11.651497	গৃহ
17209	-11.651498	▁సూర్య
17210	-11.651526	▁ആശയ
17211	-11.651539	▁ഇത്തരം
17212	-11.651639	доб
17213	-11.651820	▁بھائی
17214	-11.651869	▁ত্রি
17215	-11.651979	▁ਵਰਤਿਆ
17216	-11.652045	▁ಎದುರ
17217	-11.652159	▁legend
17218	-11.652339	▁ಸಮಯ
17219	-11.652396	▁घड
17220	-11.652652	ल्यानंतर
17221	-11.652917	▁কয়েক
17222	-11.653004	élection
17223	-11.653590	exclusiv
17224	-11.653682	российск
17225	-11.653704	▁kepulauan
17226	-11.653704	▁plupart
17227	-11.653704	▁পরিচালনা
17228	-11.653705	▁ಸ್ವಲ್ಪ
17229	-11.653710	▁кроме
17230	-11.653719	▁૧૯૩
17231	-11.653727	▁जैन
17232	-11.653735	▁యుద్ధ
17233	-11.653764	▁समर्थ
17234	-11.654139	▁aspecto
17235	-11.654344	▁coopera
17236	-11.654491	▁சிறப்பு
17237	-11.654528	ಸ್ಟಾ
17238	-11.654703	▁manière
17239	-11.654853	▁mexicano
17240	-11.654883	▁ਮਾਤਾ
17241	-11.655077	களுக்க
17242	-11.655128	▁guru
17243	-11.655347	▁плат
17244	-11.655481	▁organizza
17245	-11.655742	хар
17246	-11.655936	▁इसलिए
17247	-11.655936	▁கட்டிட
17248	-11.655939	▁advice
17249	-11.655942	▁benefit
17250	-11.656004	кор
17251	-11.656058	▁conduct
17252	-11.656136	▁കണ്ടു
17253	-11.656144	▁médico
17254	-11.656172	▁ಚೀನ
17255	-11.656197	▁historique
17256	-11.656232	▁двор
17257	-11.656404	ங்களையும்
17258	-11.657546	▁jaati
17259	-11.657605	▁ગાય
17260	-11.658173	▁ਸੰਸਥਾ
17261	-11.658174	▁عمارت
17262	-11.658174	▁پارٹی
17263	-11.658174	▁ब्राह्मण
17264	-11.658174	▁માધ્યમ
17265	-11.658239	▁menyebut
17266	-11.658306	comfortable
17267	-11.658396	▁ڈھ
17268	-11.658526	▁ಒಂದೇ
17269	-11.658570	▁bastante
17270	-11.658622	പ്പെടുത്തി
17271	-11.658627	▁francesco
17272	-11.658669	▁हत्या
17273	-11.658931	দেহ
17274	-11.659076	▁variable
17275	-11.659407	▁voice
17276	-11.659483	விழா
17277	-11.659700	▁ಜಿಲ್ಲೆ
17278	-11.660065	▁franz
17279	-11.660396	শ্বর
17280	-11.660416	▁sviluppo
17281	-11.660416	▁নির্বাচিত
17282	-11.660416	▁ਧਰਤੀ
17283	-11.660416	▁આધુનિક
17284	-11.660416	▁టెలిఫోన్
17285	-11.660417	▁besteht
17286	-11.660417	▁spécial
17287	-11.660446	▁సంవత్సరములో
17288	-11.660457	▁ਪਹਾੜ
17289	-11.660463	▁துணை
17290	-11.660472	▁wakil
17291	-11.660498	▁ಕಾರ್ಯಕ್ರಮ
17292	-11.660504	▁ಸ್ಥಳೀಯ
17293	-11.660542	▁মতে
17294	-11.660551	▁जबकि
17295	-11.660637	▁ਭਗਤ
17296	-11.660686	▁дет
17297	-11.660710	▁bridge
17298	-11.660737	▁çok
17299	-11.660829	chang
17300	-11.660853	▁меня
17301	-11.660999	▁শেখ
17302	-11.661027	▁organização
17303	-11.661044	ਖ਼ਤ
17304	-11.661103	▁ਚੱਲ
17305	-11.661590	органи
17306	-11.661783	കൊള്ള
17307	-11.661870	mäßig
17308	-11.662088	▁مرکزی
17309	-11.662225	▁raise
17310	-11.662244	ਮੈਨ
17311	-11.662463	סי
17312	-11.662663	▁काँग्रेस
17313	-11.662663	▁ਗਿਣਤੀ
17314	-11.662663	▁ಒದಗಿಸ
17315	-11.662663	▁berikut
17316	-11.662663	▁giappone
17317	-11.662663	▁جنرل
17318	-11.662663	▁राजकीय
17319	-11.662685	बद्ध
17320	-11.662715	▁ਤਿਆਰ
17321	-11.662808	ضر
17322	-11.662895	▁జనన
17323	-11.662993	▁meninggal
17324	-11.663120	▁यात्रा
17325	-11.663268	▁ಪರಿಗಣಿಸ
17326	-11.663439	▁disciplina
17327	-11.663713	▁அதே
17328	-11.664029	▁organize
17329	-11.664276	ेंट
17330	-11.664818	க்கப்பட்டு
17331	-11.664915	▁которого
17332	-11.664916	▁свою
17333	-11.664919	▁регион
17334	-11.664974	▁जुड़
17335	-11.665078	▁सम्मान
17336	-11.665106	▁رکھتے
17337	-11.665237	▁ਮਹਾਂ
17338	-11.665370	▁langage
17339	-11.665486	ক্ষেত্র
17340	-11.665516	▁సత్య
17341	-11.665682	▁அங்கு
17342	-11.665694	ಸೃಷ್ಟಿ
17343	-11.665722	tritt
17344	-11.665768	מע
17345	-11.665970	olymp
17346	-11.666791	▁mesma
17347	-11.666856	▁உதவி
17348	-11.666958	▁தீவு
17349	-11.666983	▁busca
17350	-11.667022	▁લેવામાં
17351	-11.667112	▁ஈழ
17352	-11.667171	ங்களாக
17353	-11.667172	▁બ્રિટિશ
17354	-11.667253	▁tumbuh
17355	-11.667358	▁जिससे
17356	-11.667478	▁presenza
17357	-11.667488	म्म
17358	-11.667498	▁தமிழர்
17359	-11.667562	▁ঘটনা
17360	-11.667660	ടുക്ക
17361	-11.668191	▁ಅಂಕ
17362	-11.668279	ानुसार
17363	-11.668302	மென்
17364	-11.668533	▁ಆತನ
17365	-11.668563	પત્ર
17366	-11.668658	सिंग
17367	-11.668892	▁способ
17368	-11.669381	▁некотор
17369	-11.669397	▁brig
17370	-11.669435	▁popolazione
17371	-11.669435	▁घेऊन
17372	-11.669435	▁నమోదు
17373	-11.669446	▁pseudo
17374	-11.669452	▁ਯੂਰਪ
17375	-11.669487	▁فرانس
17376	-11.669518	▁ਗਾਇਕ
17377	-11.669554	▁censo
17378	-11.669614	▁ఇంకా
17379	-11.669623	रोह
17380	-11.669630	изации
17381	-11.669646	ോളം
17382	-11.669860	▁இயங்க
17383	-11.670203	रिस
17384	-11.670255	▁griego
17385	-11.670403	▁رکن
17386	-11.670622	ెంట్
17387	-11.671066	▁صد
17388	-11.671083	ഘട്ട
17389	-11.671460	ographique
17390	-11.671478	ങ്ങളായ
17391	-11.671702	কৃষ্ণ
17392	-11.671702	സ്വാതന്ത്ര്യ
17393	-11.671702	▁pemilihan
17394	-11.671702	▁ਅਧਿਐਨ
17395	-11.671703	▁salvador
17396	-11.671705	▁विस्तार
17397	-11.671716	▁પ્રવેશ
17398	-11.671716	▁૧૯૯
17399	-11.671718	▁wisata
17400	-11.671932	▁установлен
17401	-11.671967	▁ਮੱਧ
17402	-11.671974	▁числе
17403	-11.671989	▁ನೆಲ
17404	-11.672011	ਠਾ
17405	-11.672033	▁இறந்த
17406	-11.672078	▁ಹಂತ
17407	-11.672505	▁কয়েকটি
17408	-11.672616	יות
17409	-11.672635	expression
17410	-11.672948	▁contrast
17411	-11.673097	ஹா
17412	-11.673148	▁ചുറ്റ
17413	-11.673397	▁schu
17414	-11.673635	દ્ય
17415	-11.673861	ಿದ್ದಾನೆ
17416	-11.673975	▁باعث
17417	-11.673976	▁influência
17418	-11.673976	▁pakistan
17419	-11.673977	▁ಪರ್ವತ
17420	-11.673978	▁espacio
17421	-11.673984	▁आनंद
17422	-11.673995	▁ਜੁਲਾਈ
17423	-11.674003	▁సహకార
17424	-11.674016	▁değil
17425	-11.674041	▁ಕಂಡ
17426	-11.674088	▁derecho
17427	-11.674291	▁masalah
17428	-11.674322	▁перевод
17429	-11.674460	▁сильн
17430	-11.674870	▁ಕೇಳ
17431	-11.674937	▁ਯਾਦ
17432	-11.674994	▁முடிவு
17433	-11.675086	▁થયેલ
17434	-11.675094	ഭരണ
17435	-11.675186	▁ebbe
17436	-11.675354	▁januar
17437	-11.675426	▁этой
17438	-11.675700	த்துறை
17439	-11.675935	▁ਰਹਿਣ
17440	-11.676152	реб
17441	-11.676253	▁economy
17442	-11.676253	▁পরিচালক
17443	-11.676253	▁ਆਧੁਨਿਕ
17444	-11.676253	▁தமிழ்நாடு
17445	-11.676253	▁జనవరి
17446	-11.676253	▁ಪ್ರಪಂಚ
17447	-11.676254	▁começou
17448	-11.676254	▁ಪ್ರಥಮ
17449	-11.676255	▁વિશેષ
17450	-11.676259	▁imperio
17451	-11.676293	தற்கான
17452	-11.676298	▁వచ్చి
17453	-11.676319	▁నిర్వహించ
17454	-11.676340	produktion
17455	-11.676356	▁योजना
17456	-11.676451	▁ഇന്ത്യയിലെ
17457	-11.676487	▁குறித்த
17458	-11.676592	▁ഇപ്പോൾ
17459	-11.676659	َّ
17460	-11.676746	▁പഞ്ച
17461	-11.676907	ಶೀಲ
17462	-11.676915	ರಾಗಿದ್ದರು
17463	-11.677001	▁cinque
17464	-11.677008	▁ನೀಡಿದ
17465	-11.677908	▁लिहि
17466	-11.678110	▁ಮಾಡಲು
17467	-11.678240	▁देवता
17468	-11.678301	▁wahr
17469	-11.678346	രചന
17470	-11.678536	▁difícil
17471	-11.678536	▁struttura
17472	-11.678536	▁متحدہ
17473	-11.678536	▁తూర్పు
17474	-11.678555	▁across
17475	-11.678592	७०
17476	-11.678644	▁ಎಂಬುದು
17477	-11.678702	▁justice
17478	-11.678779	▁belum
17479	-11.678833	ಸಂಗ
17480	-11.678972	▁ನಮ್ಮ
17481	-11.679010	▁ઘણાં
17482	-11.679091	▁vocal
17483	-11.679585	וד
17484	-11.679662	▁సీత
17485	-11.680203	ಕ್ಸ್‌
17486	-11.680246	▁হওয়া
17487	-11.680536	گار
17488	-11.680824	ോടൊപ്പം
17489	-11.680824	▁difficile
17490	-11.680824	▁ಆಯ್ಕೆ
17491	-11.680827	▁lucky
17492	-11.680827	▁saúde
17493	-11.680839	साहेब
17494	-11.680848	ਪੂਰਬ
17495	-11.680897	âge
17496	-11.680936	▁особенно
17497	-11.680969	▁موسم
17498	-11.680977	▁എഴുതിയ
17499	-11.680995	புரம்
17500	-11.681069	▁સ્થાનિક
17501	-11.681280	▁പിതാവ
17502	-11.681476	▁ठिकाणी
17503	-11.681716	vienne
17504	-11.681845	▁साधन
17505	-11.682128	▁ਮਈ
17506	-11.682179	▁आपले
17507	-11.682459	▁populaire
17508	-11.682888	विध
17509	-11.682991	größte
17510	-11.683079	ಟಿಕ್
17511	-11.683118	perkembangan
17512	-11.683118	ંતરરાષ્ટ્રીય
17513	-11.683118	▁department
17514	-11.683118	▁recursos
17515	-11.683118	▁تحصیل
17516	-11.683118	▁अभिनेता
17517	-11.683118	▁চুক্তি
17518	-11.683118	▁సామ్రాజ్య
17519	-11.683118	▁ಅಂದರೆ
17520	-11.683119	▁ஆசிரிய
17521	-11.683121	▁yunani
17522	-11.683126	▁reserva
17523	-11.683161	▁کپ
17524	-11.683183	मान्य
17525	-11.683187	▁ದೇವಸ್ಥಾನ
17526	-11.683220	▁ਸਮਾਂ
17527	-11.683221	▁ਪੜ੍ਹਾਈ
17528	-11.683240	ಿಯಮ್
17529	-11.683274	▁સંપૂર્ણ
17530	-11.683290	▁পরীক্ষা
17531	-11.683400	▁लाभ
17532	-11.683475	▁விடு
17533	-11.683757	▁arriva
17534	-11.683819	▁புலி
17535	-11.683895	рез
17536	-11.684332	▁గాయ
17537	-11.684572	▁ਫ਼ੌਜ
17538	-11.684877	▁grie
17539	-11.685016	▁இன்று
17540	-11.685115	יה
17541	-11.685176	▁draw
17542	-11.685304	▁೧೦
17543	-11.685390	▁মার্
17544	-11.685416	▁ദക്ഷിണ
17545	-11.685417	▁physical
17546	-11.685417	▁журнал
17547	-11.685417	▁कसोटी
17548	-11.685417	▁എങ്കിലും
17549	-11.685437	▁વિષય
17550	-11.685448	▁সম্পূর্ণ
17551	-11.685464	ultimo
17552	-11.685471	▁франции
17553	-11.685523	▁expand
17554	-11.685559	▁ಪ್ರಾಣಿ
17555	-11.685798	analyse
17556	-11.686069	lehre
17557	-11.686669	▁खि
17558	-11.686678	▁કાં
17559	-11.686773	▁விமான
17560	-11.687054	ോർഡ
17561	-11.687064	▁frequente
17562	-11.687086	ത്തിന്‌
17563	-11.687345	▁agricultura
17564	-11.687612	കളിലെ
17565	-11.687616	▁войск
17566	-11.687721	nvironnement
17567	-11.687721	▁exercise
17568	-11.687721	▁innerhalb
17569	-11.687721	▁владимир
17570	-11.687721	▁अस्तित्व
17571	-11.687721	▁ಪ್ರತ್ಯೇಕ
17572	-11.687722	▁ಸಂಶೋಧನೆ
17573	-11.687725	▁located
17574	-11.687725	▁న్యాయ
17575	-11.687729	▁आक्रमण
17576	-11.687779	▁প্রশাসনিক
17577	-11.687846	▁darauf
17578	-11.687889	альные
17579	-11.687894	▁ಒಪ್ಪ
17580	-11.688077	▁தொகை
17581	-11.688134	▁propaga
17582	-11.688196	▁બીજી
17583	-11.688234	▁sarebbe
17584	-11.688338	▁ਵਿਚਕਾਰ
17585	-11.688404	▁विधि
17586	-11.688641	▁আমেরিকান
17587	-11.688926	▁på
17588	-11.689229	balik
17589	-11.689299	▁ਰਾਜਾ
17590	-11.689531	▁jim
17591	-11.689762	ಚಿತ್ರ
17592	-11.689794	▁attract
17593	-11.689837	▁تب
17594	-11.690030	▁દિવેલા
17595	-11.690031	▁परंपरा
17596	-11.690031	▁রহমান
17597	-11.690032	▁границ
17598	-11.690035	▁ಪ್ರವೇಶ
17599	-11.690073	▁अंतिम
17600	-11.690089	ਾਉਂਦਾ
17601	-11.690144	▁bernard
17602	-11.690189	▁parigi
17603	-11.690205	ğı
17604	-11.690491	▁ਬੁੱ
17605	-11.690538	▁পৃথিবীর
17606	-11.690560	▁ritual
17607	-11.690853	равительство
17608	-11.690900	▁ਜੂਨ
17609	-11.690967	ирует
17610	-11.690969	▁aucun
17611	-11.691001	оцен
17612	-11.691047	▁propria
17613	-11.691277	▁जॉन
17614	-11.691322	▁तप
17615	-11.691479	▁தல
17616	-11.691843	▁llamado
17617	-11.691883	▁ഭഗ
17618	-11.691909	ത്തിലേ
17619	-11.691916	▁wider
17620	-11.692088	▁anglo
17621	-11.692346	▁अत्यंत
17622	-11.692346	▁ઉદાહરણ
17623	-11.692347	▁പഴയ
17624	-11.692350	▁فارسی
17625	-11.692351	▁ditulis
17626	-11.692352	▁napoleon
17627	-11.692365	▁ஆண்
17628	-11.692476	▁ਕਿਸਮ
17629	-11.692536	▁ദൂര
17630	-11.692583	▁எல்லா
17631	-11.693027	▁polar
17632	-11.693277	ண்ட்
17633	-11.693511	▁প্রাথমিক
17634	-11.693800	சார்
17635	-11.694311	▁tarah
17636	-11.694403	ावरील
17637	-11.694416	occident
17638	-11.694559	▁lettre
17639	-11.694666	▁previous
17640	-11.694666	▁شائع
17641	-11.694666	▁پیدائش
17642	-11.694666	▁पार्टी
17643	-11.694666	▁ಶಾಸನ
17644	-11.694672	▁পরিণত
17645	-11.694676	▁schweiz
17646	-11.694688	▁dimulai
17647	-11.694826	বহন
17648	-11.694880	▁परिसर
17649	-11.694882	▁உணவு
17650	-11.695085	اؤں
17651	-11.695097	▁фин
17652	-11.695115	вести
17653	-11.695213	▁नावाने
17654	-11.695346	▁घेतले
17655	-11.695645	ளவில்
17656	-11.695945	ক্রিয়া
17657	-11.696037	▁invasi
17658	-11.696154	ാലും
17659	-11.696548	യാള
17660	-11.696664	ೇಂದ್ರ
17661	-11.696991	ദ്വീപ
17662	-11.696991	▁древне
17663	-11.696991	▁दोन्ही
17664	-11.696991	▁జరుగుతుంది
17665	-11.696991	▁ഇങ്ങനെ
17666	-11.696998	▁స్వాతంత్ర్య
17667	-11.697001	▁akademi
17668	-11.697033	▁પિતા
17669	-11.697035	▁আত্ম
17670	-11.697338	▁ਔਰਤਾਂ
17671	-11.697468	▁ਬਾਕੀ
17672	-11.697516	ഭക്ത
17673	-11.697518	ificación
17674	-11.697655	▁વખતે
17675	-11.697702	২৭
17676	-11.697769	ਵੱਖ
17677	-11.697781	शिवाय
17678	-11.698189	ziert
17679	-11.698443	▁rather
17680	-11.698731	▁discussion
17681	-11.699043	שא
17682	-11.699177	▁తీర
17683	-11.699322	▁উন্নয়ন
17684	-11.699322	▁પદાર્થ
17685	-11.699322	▁રજકો
17686	-11.699322	▁വീണ്ടും
17687	-11.699326	▁ಆಮ್ಲ
17688	-11.699332	▁مزید
17689	-11.699452	▁kereta
17690	-11.699487	▁menulis
17691	-11.699686	stände
17692	-11.700006	ശാസ്ത്രജ്ഞ
17693	-11.700056	▁ਨੇੜੇ
17694	-11.700209	▁সেন্ট
17695	-11.700315	▁computador
17696	-11.700435	ರಾಷ್ಟ್ರ
17697	-11.700581	▁पाणी
17698	-11.700606	ೇಷನ್
17699	-11.700806	▁corona
17700	-11.700812	▁मानले
17701	-11.700993	▁desarrolla
17702	-11.701283	धर्म
17703	-11.701521	▁ਪਿਆਰ
17704	-11.701602	ಬೊ
17705	-11.701649	നിന്ന്
17706	-11.701658	▁malaysia
17707	-11.701658	▁பொருளாதார
17708	-11.701659	▁daughter
17709	-11.701659	▁شکست
17710	-11.701705	▁музе
17711	-11.701729	▁భక్తుల
17712	-11.701964	text
17713	-11.702249	▁அளவில்
17714	-11.702366	▁கிராம
17715	-11.702617	▁производ
17716	-11.702882	ಂದಾ
17717	-11.702929	▁जाऊ
17718	-11.702972	▁యూ
17719	-11.703218	▁сказ
17720	-11.704000	▁మొబైల్
17721	-11.704007	conhecimento
17722	-11.704025	▁политик
17723	-11.704130	temperatur
17724	-11.704293	▁الأ
17725	-11.704332	▁নেই
17726	-11.704335	▁مرد
17727	-11.704346	வாக்க
17728	-11.704395	▁ಕುರಿತು
17729	-11.704584	▁misura
17730	-11.704628	ject
17731	-11.704844	विश्वास
17732	-11.705241	▁decir
17733	-11.705370	▁നടക്കുന്ന
17734	-11.706347	▁caractère
17735	-11.706347	▁kalimantan
17736	-11.706347	▁составляет
17737	-11.706347	▁অধীনে
17738	-11.706347	▁সাহায্য
17739	-11.706347	▁കിലോമീറ്റർ
17740	-11.706348	▁इस्लाम
17741	-11.706348	▁குடியரச
17742	-11.706350	▁bekerja
17743	-11.706351	▁академи
17744	-11.706356	▁cuatro
17745	-11.706388	▁થતો
17746	-11.706397	▁divenne
17747	-11.706526	▁मदत
17748	-11.706566	▁jesus
17749	-11.706760	▁diritto
17750	-11.706861	ுக்காக
17751	-11.706892	▁سینٹ
17752	-11.706995	steuer
17753	-11.707002	▁mesure
17754	-11.707069	संख्य
17755	-11.707897	▁लॉ
17756	-11.708009	▁ciò
17757	-11.708323	▁detect
17758	-11.708397	idée
17759	-11.708691	ബാധ
17760	-11.708700	▁ಸಾಮರ್ಥ್ಯ
17761	-11.708701	▁iglesia
17762	-11.708701	▁indígena
17763	-11.708701	▁دوسرا
17764	-11.708701	▁সূর্য
17765	-11.708701	▁ખેલાડી
17766	-11.708701	▁યુનાઇટેડ
17767	-11.708701	▁ఆసుపత్రి
17768	-11.708703	▁സൈന്യ
17769	-11.708709	▁surtout
17770	-11.708719	▁শাখা
17771	-11.709370	▁ospita
17772	-11.709452	▁फैल
17773	-11.709459	ണമെന്ന
17774	-11.709534	lógica
17775	-11.709998	▁دینے
17776	-11.709998	▁जनता
17777	-11.710041	ಯಲ್ಲಿರುವ
17778	-11.710065	▁wahi
17779	-11.710108	▁लागले
17780	-11.710306	▁நாடக
17781	-11.710414	▁نشان
17782	-11.710426	േറിയ
17783	-11.710783	▁тип
17784	-11.711060	▁campaign
17785	-11.711060	▁dezembro
17786	-11.711060	▁ثقافت
17787	-11.711060	▁যিনি
17788	-11.711060	▁ಬ್ರಿಟಿಷ್
17789	-11.711061	эм
17790	-11.711079	▁চেয়ে
17791	-11.711085	▁schwarz
17792	-11.711092	ਾਉਂਦੇ
17793	-11.711093	▁косм
17794	-11.711134	▁decreto
17795	-11.711158	▁проект
17796	-11.711233	▁విగ్రహ
17797	-11.711326	ുമായിരുന്നു
17798	-11.711432	▁நூற்றாண்டு
17799	-11.711442	тяж
17800	-11.711466	దర్శి
17801	-11.711477	யிலான
17802	-11.711572	mettre
17803	-11.711572	▁உலகின்
17804	-11.712042	क्षेप
17805	-11.712054	தாகவும்
17806	-11.712059	મૂલ
17807	-11.712345	▁convention
17808	-11.712555	േണ്ടി
17809	-11.712560	▁त्याची
17810	-11.712663	ന്ത്യ
17811	-11.712731	▁ബന്ധപ്പെട്ട
17812	-11.712742	▁লিখ
17813	-11.712773	ਖੰਡ
17814	-11.712811	▁वसले
17815	-11.713109	ट्रो
17816	-11.713423	▁എന്നിങ്ങനെ
17817	-11.713424	▁estabelece
17818	-11.713424	▁কর্তৃক
17819	-11.713448	▁શાસન
17820	-11.713515	▁मिळाले
17821	-11.713515	▁వహించాడు
17822	-11.713604	▁বর্গ
17823	-11.713932	▁ਹੁੰਦੀਆਂ
17824	-11.714053	▁роз
17825	-11.714321	ത്തിനായി
17826	-11.714461	▁పాలన
17827	-11.714879	क्का
17828	-11.715726	▁बैठ
17829	-11.715793	▁కలిసి
17830	-11.715807	▁tropical
17831	-11.715807	▁జన్మ
17832	-11.715817	▁વેપાર
17833	-11.715878	▁cuisine
17834	-11.715929	▁આંતર
17835	-11.715935	▁ధర్మ
17836	-11.716076	▁ಸಂಸ್ಥಾನ
17837	-11.716200	▁امیر
17838	-11.716328	▁যাওয়া
17839	-11.716721	چک
17840	-11.716752	▁ઓળખાય
17841	-11.716851	бург
17842	-11.717236	▁ordem
17843	-11.717665	ступил
17844	-11.718143	கணித
17845	-11.718168	▁армии
17846	-11.718168	▁নেতৃত্ব
17847	-11.718168	▁અત્યંત
17848	-11.718168	▁மதுரை
17849	-11.718170	▁chicago
17850	-11.718181	▁penulis
17851	-11.718182	▁römisch
17852	-11.718189	▁तीर्थ
17853	-11.718192	▁pequeno
17854	-11.718458	скими
17855	-11.718496	▁gerakan
17856	-11.718522	ంటూ
17857	-11.719051	entend
17858	-11.719210	।(
17859	-11.719405	▁pengh
17860	-11.719690	▁ಫಲ
17861	-11.719791	▁ഏഴ
17862	-11.719932	missão
17863	-11.720378	ूर्त
17864	-11.720549	கிருஷ்ண
17865	-11.720549	▁நடைபெற்ற
17866	-11.720549	▁ಸಮಸ್ಯೆ
17867	-11.720551	▁explain
17868	-11.720551	કલ્પ
17869	-11.720551	▁नृत्य
17870	-11.720553	fähig
17871	-11.720553	▁proteína
17872	-11.720553	▁sesuai
17873	-11.720557	▁निर्णय
17874	-11.720592	▁ਆਇਆ
17875	-11.720593	▁kehna
17876	-11.720629	▁ਪ੍ਰਬੰਧ
17877	-11.720660	▁ਖ਼ਾਨ
17878	-11.720702	▁മൂലം
17879	-11.720801	gelegt
17880	-11.720811	▁సేవా
17881	-11.720944	▁അദ്ദേഹത്തെ
17882	-11.721084	▁dialect
17883	-11.721103	▁ગયો
17884	-11.721354	▁வந்தது
17885	-11.721390	▁കൊടു
17886	-11.721607	ında
17887	-11.721933	ുണ്ടാക്ക
17888	-11.722205	plasma
17889	-11.722341	வியல்
17890	-11.722508	▁ਦਿਲ
17891	-11.722943	▁સૂર્ય
17892	-11.723019	സ്വാമി
17893	-11.723068	▁కాకుండా
17894	-11.723247	▁વર્ગ
17895	-11.723370	onym
17896	-11.723400	▁গেছে
17897	-11.723406	fug
17898	-11.723785	ಿರಲಿಲ್ಲ
17899	-11.723810	ಯಾಯಿತು
17900	-11.723929	ಗಳೊಂದಿಗೆ
17901	-11.724343	десят
17902	-11.724397	▁होगा
17903	-11.724458	▁nicola
17904	-11.724490	▁பதிப்ப
17905	-11.724627	గోపాల
17906	-11.724738	▁comunidad
17907	-11.724782	▁புத்த
17908	-11.725327	ঢ
17909	-11.725328	▁português
17910	-11.725329	▁উঠে
17911	-11.725335	▁جھیل
17912	-11.725346	▁میدان
17913	-11.725456	▁putih
17914	-11.725557	bahasa
17915	-11.725659	ическим
17916	-11.725666	▁لکھا
17917	-11.725898	▁принял
17918	-11.726221	ುತ್ತಿತ್ತು
17919	-11.726243	▁romantic
17920	-11.726788	াঞ্চল
17921	-11.727400	▁instru
17922	-11.727570	২৮
17923	-11.727726	▁منتخب
17924	-11.727726	▁इमारत
17925	-11.727727	▁gathering
17926	-11.727729	▁listrik
17927	-11.727733	▁જાહેરાત
17928	-11.727873	ುವುದನ್ನು
17929	-11.727875	▁தொழில்
17930	-11.727887	irlanda
17931	-11.729641	▁reduce
17932	-11.729716	▁पुण्य
17933	-11.730060	▁ಹಿಂದಿನ
17934	-11.730130	▁portuguese
17935	-11.730130	▁tradisional
17936	-11.730130	▁ঐতিহ্য
17937	-11.730130	▁લોકપ્રિય
17938	-11.730131	▁pengaruh
17939	-11.730134	▁menerima
17940	-11.730151	▁विशाल
17941	-11.730163	▁സ്വതന്ത്ര
17942	-11.730177	▁માનવામાં
17943	-11.730385	▁పేరుతో
17944	-11.730437	▁ವಿಚಾರ
17945	-11.730569	▁אתה
17946	-11.730783	▁ಸಲ್ಲಿಸ
17947	-11.730788	▁deserve
17948	-11.731031	क्रो
17949	-11.731032	്യൂട്ട
17950	-11.731350	▁ಮಾಡಿದರು
17951	-11.731797	▁роман
17952	-11.731834	▁socialista
17953	-11.732274	▁lord
17954	-11.732296	গ্ন
17955	-11.732424	▁деятель
17956	-11.732540	▁caracteriza
17957	-11.732540	▁físico
17958	-11.732540	▁лишь
17959	-11.732540	▁صنعت
17960	-11.732540	▁لحاظ
17961	-11.732540	▁జూలై
17962	-11.732544	परिवर्तन
17963	-11.732546	▁समस्या
17964	-11.732570	▁حصے
17965	-11.732621	▁известны
17966	-11.732731	▁ಪ್ರಕ್ರಿಯೆ
17967	-11.732803	università
17968	-11.733047	▁கிடைக்க
17969	-11.733301	▁tangan
17970	-11.733397	▁hiking
17971	-11.733484	▁ਘੁ
17972	-11.733855	nehmen
17973	-11.734195	ાયેલી
17974	-11.734464	▁मग
17975	-11.734491	▁paisa
17976	-11.734506	▁स्थापन
17977	-11.734747	▁llama
17978	-11.734955	afghanistan
17979	-11.734955	▁himself
17980	-11.734955	▁અમદાવાદ
17981	-11.734955	▁అమెరికా
17982	-11.734955	▁ಆಧುನಿಕ
17983	-11.734955	▁സാമ്പത്തിക
17984	-11.734955	▁സ്വാധീന
17985	-11.734956	▁никола
17986	-11.734956	▁મહિલા
17987	-11.734970	▁vacation
17988	-11.734971	▁antiguo
17989	-11.735013	▁സംഘടന
17990	-11.735014	▁लढाई
17991	-11.735060	▁پائی
17992	-11.735071	▁બિન
17993	-11.735146	▁religioso
17994	-11.735220	▁steht
17995	-11.735331	યુગ
17996	-11.735415	▁ஆகியவை
17997	-11.735467	▁മധ്യ
17998	-11.735758	▁tennis
17999	-11.735894	குமார
18000	-11.735961	▁regola
18001	-11.736480	▁ഇതിനു
18002	-11.736761	▁আদি
18003	-11.737136	▁promotion
18004	-11.737376	▁communauté
18005	-11.737376	▁penggunaan
18006	-11.737376	▁اعلان
18007	-11.737376	▁मन्दिर
18008	-11.737376	▁ਅਗਸਤ
18009	-11.737377	▁spanish
18010	-11.737383	▁તુવર
18011	-11.737395	▁સમજ
18012	-11.737406	▁ಅವಕಾಶ
18013	-11.737409	▁образом
18014	-11.737432	constituição
18015	-11.737573	▁താഴെ
18016	-11.738564	introduction
18017	-11.739017	বেদ
18018	-11.739105	ದ್ದಾಗ
18019	-11.739376	ehrt
18020	-11.739622	▁খ্রিস্ট
18021	-11.739803	▁gegenüber
18022	-11.739803	▁لندن
18023	-11.739804	▁pemimpin
18024	-11.739804	▁своей
18025	-11.739804	▁அறிமுக
18026	-11.739809	zentrum
18027	-11.739811	▁dhyan
18028	-11.739835	▁confront
18029	-11.739837	▁famoso
18030	-11.739929	▁naviga
18031	-11.739964	спект
18032	-11.740028	▁storico
18033	-11.740207	▁نئے
18034	-11.740212	▁प्रक्रिया
18035	-11.740261	ത്തിലേക്ക്
18036	-11.740292	▁zaroorat
18037	-11.740353	▁இராம
18038	-11.740471	▁discuss
18039	-11.740538	വേഗ
18040	-11.740540	▁ಭಾರತದಲ್ಲಿ
18041	-11.740567	▁commence
18042	-11.740770	▁einstein
18043	-11.740973	▁buah
18044	-11.741428	▁દેવા
18045	-11.741797	▁ಸೇರಿದ
18046	-11.741945	distingu
18047	-11.742017	ಿಸುತ್ತವೆ
18048	-11.742232	▁পশ্চিমে
18049	-11.742237	உயிரிழந்தனர்
18050	-11.742237	గ్రంథ
18051	-11.742237	▁matemática
18052	-11.742237	▁sogenannte
18053	-11.742237	▁سلسلہ
18054	-11.742237	▁द्वितीय
18055	-11.742238	▁జూన్
18056	-11.742241	▁উভয়
18057	-11.742273	▁ಅನುಭವ
18058	-11.742327	▁wichtige
18059	-11.742548	ধর্ম
18060	-11.742830	লিপি
18061	-11.742887	▁எண்
18062	-11.742975	▁jestem
18063	-11.742983	▁nutri
18064	-11.743096	▁પ્રકારની
18065	-11.743417	▁że
18066	-11.743471	▁ਅਭਿ
18067	-11.743475	▁चिक
18068	-11.743548	▁zwar
18069	-11.744005	▁дела
18070	-11.744035	ânia
18071	-11.744605	▁பெற்று
18072	-11.744676	▁китай
18073	-11.744676	▁ਭੂਮਿਕਾ
18074	-11.744690	▁ചൈന
18075	-11.744766	▁మండలంలోని
18076	-11.744890	▁താഴ
18077	-11.744897	લંબ
18078	-11.744978	▁compete
18079	-11.745047	▁കണക്ക
18080	-11.745185	▁நடந்த
18081	-11.745228	▁ತಯಾರಿಸ
18082	-11.745260	ज्ज
18083	-11.745347	▁valid
18084	-11.745495	presión
18085	-11.745856	মাধ্যম
18086	-11.745857	▁పూర్వ
18087	-11.745868	స్సు
18088	-11.746246	impuls
18089	-11.746499	▁مراد
18090	-11.746691	▁نسل
18091	-11.746922	▁بینک
18092	-11.747121	ndependência
18093	-11.747121	▁movimiento
18094	-11.747121	▁артист
18095	-11.747121	▁ਅਧੀਨ
18096	-11.747124	▁લગ્ન
18097	-11.747125	▁заключ
18098	-11.747347	▁ચાલુ
18099	-11.747406	▁prevent
18100	-11.747424	▁વિક્રમ
18101	-11.747643	▁प्रधान
18102	-11.747771	laki
18103	-11.747951	▁ਪੱਤ
18104	-11.748147	▁ವರದಿ
18105	-11.748223	પાદ
18106	-11.748515	ख्यात
18107	-11.749050	▁स्त्री
18108	-11.749312	ಚಾರ್
18109	-11.749572	▁впервые
18110	-11.749572	▁могут
18111	-11.749572	▁مرتبہ
18112	-11.749572	▁এপ্রিল
18113	-11.749572	▁প্রয়োজন
18114	-11.749573	▁märz
18115	-11.749573	▁अतिशय
18116	-11.749574	▁ప్రవేశ
18117	-11.749598	▁außerdem
18118	-11.749653	▁palla
18119	-11.749696	lève
18120	-11.749754	дон
18121	-11.749780	▁হত্যা
18122	-11.749961	▁antigua
18123	-11.750171	ಲಾಗಿತ್ತು
18124	-11.750669	▁llamada
18125	-11.750720	▁ध्यान
18126	-11.750734	ফ্ল
18127	-11.750792	▁scritto
18128	-11.750803	વાળી
18129	-11.750867	▁kids
18130	-11.750921	ുകയായിരുന്നു
18131	-11.751435	▁पड़ा
18132	-11.751655	▁गावात
18133	-11.752028	▁acredita
18134	-11.752028	▁جمہوری
18135	-11.752028	▁प्रशासकीय
18136	-11.752028	▁নভেম্বর
18137	-11.752029	ദ്യോഗിക
18138	-11.752029	▁possède
18139	-11.752029	▁سمندر
18140	-11.752030	શક્તિ
18141	-11.752030	▁jayegi
18142	-11.752032	▁tête
18143	-11.752042	▁ವೃತ್ತಿ
18144	-11.752047	▁বিপ্লব
18145	-11.752088	▁semakin
18146	-11.752092	▁ਪੂਰੀ
18147	-11.752122	▁నీరు
18148	-11.752128	▁publicado
18149	-11.752181	▁arthur
18150	-11.752211	ப்பட்டுள்ளன
18151	-11.752257	▁مارچ
18152	-11.752273	בה
18153	-11.752281	▁ప్రజలు
18154	-11.752283	▁બાકી
18155	-11.752505	▁nível
18156	-11.753574	▁నగరం
18157	-11.753596	▁distinct
18158	-11.753650	▁നീള
18159	-11.754130	▁മൂന്ന്
18160	-11.754461	▁الگ
18161	-11.754492	▁strength
18162	-11.754492	▁ചേർത്ത
18163	-11.754494	ક્ષમતા
18164	-11.754494	▁عورت
18165	-11.754504	ब्ब
18166	-11.754585	দ্দ
18167	-11.754665	▁composé
18168	-11.754948	▁برس
18169	-11.755089	▁వాటి
18170	-11.755419	എൽ
18171	-11.755439	amerikanisch
18172	-11.755525	ಾದ್ಯಂತ
18173	-11.755743	ബേ
18174	-11.756421	▁posible
18175	-11.756888	నిర్వహించారు
18176	-11.756961	▁ਗ੍ਰੰਥ
18177	-11.756961	▁கொள்கை
18178	-11.756961	▁അങ്ങനെ
18179	-11.756962	▁प्रारंभ
18180	-11.756963	▁outubro
18181	-11.756972	▁prática
18182	-11.757032	▁kitni
18183	-11.757062	▁తల్లి
18184	-11.757086	▁avrebbe
18185	-11.757107	▁સાં
18186	-11.757270	▁સહિત
18187	-11.757317	▁పంప
18188	-11.757372	▁இல்லை
18189	-11.757532	▁अंग्रेजी
18190	-11.757710	▁ಅಲ್ಲದೆ
18191	-11.757853	▁élections
18192	-11.758409	glaub
18193	-11.758439	▁ഇദ്ദേഹ
18194	-11.759199	આઈ
18195	-11.759356	▁milieu
18196	-11.759436	▁महाविद्यालय
18197	-11.759437	▁exterior
18198	-11.759437	▁عليه
18199	-11.759439	▁théorie
18200	-11.759445	▁ricerca
18201	-11.759458	▁seguinte
18202	-11.759475	вшие
18203	-11.759475	राष्ट्रीय
18204	-11.759484	▁ذیل
18205	-11.759503	▁baixa
18206	-11.759553	istische
18207	-11.759691	▁ধর্মীয়
18208	-11.759711	алист
18209	-11.759720	▁૧૧
18210	-11.759734	▁ਅਰਬ
18211	-11.759817	▁ಹೊಂದಿದ್ದ
18212	-11.759915	▁ಪದವಿ
18213	-11.759958	▁extend
18214	-11.760074	▁ਪੱਖ
18215	-11.760144	▁மதிப்ப
18216	-11.760172	ografía
18217	-11.760441	▁पात्र
18218	-11.760728	בע
18219	-11.760736	नायक
18220	-11.760885	▁ਮੋਹ
18221	-11.760907	ક્રિયા
18222	-11.761025	▁જાત
18223	-11.761157	▁finish
18224	-11.761211	നാള
18225	-11.761285	руб
18226	-11.761498	autore
18227	-11.761918	▁gegründet
18228	-11.761918	▁incluem
18229	-11.761918	▁molécula
18230	-11.761918	▁היא
18231	-11.761918	▁विद्वान
18232	-11.761918	▁विशिष्ट
18233	-11.761918	▁ਜਿਨ੍ਹਾਂ
18234	-11.761918	▁ਸਮੂਹ
18235	-11.761918	▁પ્રત્યે
18236	-11.761918	▁વાર્તા
18237	-11.761918	▁முதலாம்
18238	-11.761918	▁ಜನಸಂಖ್ಯೆ
18239	-11.761939	ਿਸਟ
18240	-11.762074	▁পরিবেশ
18241	-11.762121	▁मिश्र
18242	-11.762133	▁देण्यात
18243	-11.762289	▁எனப்படும்
18244	-11.762421	▁giving
18245	-11.762932	▁পানি
18246	-11.763094	▁நிறை
18247	-11.763433	▁spät
18248	-11.763621	▁relaciona
18249	-11.763832	ుకున్నారు
18250	-11.764223	▁kerst
18251	-11.764400	ભૂમિ
18252	-11.764400	▁ਰੋਮ
18253	-11.764405	▁penyakit
18254	-11.764406	▁konuş
18255	-11.764411	▁ஆங்கிலேய
18256	-11.764527	▁ರಕ್ತ
18257	-11.764533	▁multiple
18258	-11.764571	▁जिल्ह्यातील
18259	-11.764620	▁سرحد
18260	-11.764629	▁fronteira
18261	-11.764903	▁பள்ளி
18262	-11.765813	числен
18263	-11.766234	▁soldat
18264	-11.766778	▁profession
18265	-11.766848	▁ತಿರು
18266	-11.766898	▁आंबेडकर
18267	-11.766898	▁స్థాపించ
18268	-11.766899	▁meridional
18269	-11.766899	▁santiago
18270	-11.766899	▁কোম্পানি
18271	-11.766900	▁jenderal
18272	-11.766901	mittelalter
18273	-11.766902	▁miguel
18274	-11.766910	▁বস্তু
18275	-11.766910	▁রেখে
18276	-11.766929	▁cuerpo
18277	-11.766929	▁ರಸ್ತೆ
18278	-11.766989	▁മുഖ്യ
18279	-11.767020	▁baseball
18280	-11.767038	ার্থ
18281	-11.767056	▁содержа
18282	-11.767122	▁restaura
18283	-11.767127	ത്തോളം
18284	-11.767207	▁લઇ
18285	-11.767212	▁તત્વ
18286	-11.767267	ಯುಕ್ತ
18287	-11.767441	▁religião
18288	-11.768172	क्षेत्र
18289	-11.768314	▁പിടി
18290	-11.768790	ാധിപ
18291	-11.768972	ങ്ങളായി
18292	-11.769004	ದ್ದಾರೆ
18293	-11.769399	▁película
18294	-11.769399	▁problème
18295	-11.769399	▁সেপ্টেম্বর
18296	-11.769399	▁১৯৭১
18297	-11.769400	▁kekuatan
18298	-11.769400	▁اتحاد
18299	-11.769400	▁మిగిలిన
18300	-11.769408	▁বংশ
18301	-11.769416	▁común
18302	-11.769480	▁વિરોધ
18303	-11.769491	▁dishes
18304	-11.769674	▁platform
18305	-11.769678	▁சோவியத்
18306	-11.769692	▁വിശ്വ
18307	-11.769702	▁julho
18308	-11.769728	ില്ലാത്ത
18309	-11.769852	വ്യവസ്ഥ
18310	-11.769961	▁అంటారు
18311	-11.770000	électro
18312	-11.770273	▁ಅವನು
18313	-11.770425	వర్ణ
18314	-11.770497	▁२२
18315	-11.770594	▁ideia
18316	-11.770842	либо
18317	-11.771213	▁hinter
18318	-11.771658	▁reuni
18319	-11.771791	▁લેખક
18320	-11.771806	▁కళా
18321	-11.771855	▁петр
18322	-11.771894	െങ്കിൽ
18323	-11.771905	▁spanyol
18324	-11.771905	▁venezuela
18325	-11.771905	▁పోలింగ్
18326	-11.771906	▁evidence
18327	-11.771926	▁எல்லை
18328	-11.771946	▁fiume
18329	-11.771948	▁ਸ਼ਕਤੀ
18330	-11.772110	▁safety
18331	-11.772295	▁પ્રભાવ
18332	-11.772342	খ্রিষ্টাব্দে
18333	-11.772477	▁protection
18334	-11.772601	▁angeles
18335	-11.772676	▁ബാല
18336	-11.772878	▁نئی
18337	-11.772971	പ്പറ്റി
18338	-11.773078	யியல்
18339	-11.773107	భాష
18340	-11.773620	▁krist
18341	-11.773730	ൊക്കെ
18342	-11.773811	ജ്ഞാന
18343	-11.773876	▁patron
18344	-11.774109	ಹೋದ
18345	-11.774167	മായിരുന്ന
18346	-11.774227	ுகின்றனர்
18347	-11.774418	independence
18348	-11.774418	▁alemanha
18349	-11.774418	▁partículas
18350	-11.774418	▁отношения
18351	-11.774418	▁جامع
18352	-11.774418	▁ਸੰਯੁਕਤ
18353	-11.774418	▁முயற்சி
18354	-11.774418	▁കൂടുതല
18355	-11.774419	▁incluso
18356	-11.774428	▁عباس
18357	-11.774428	▁೧೯೪
18358	-11.774429	▁இங்கிலாந்த
18359	-11.774433	▁sicilia
18360	-11.774445	▁junho
18361	-11.774539	▁ਨਾਨਕ
18362	-11.774626	▁സ്വയം
18363	-11.774627	▁ਫੈਲ
18364	-11.774768	abilidade
18365	-11.774804	▁ਬਾਬਾ
18366	-11.774867	अम
18367	-11.774872	▁bupati
18368	-11.775186	▁ತೋರಿಸ
18369	-11.775529	▁फुल
18370	-11.775661	ificado
18371	-11.775701	▁treatment
18372	-11.775768	▁violent
18373	-11.775785	▁distingue
18374	-11.776383	▁రోజులు
18375	-11.776430	mitglied
18376	-11.776817	▁చేసే
18377	-11.776937	▁dezember
18378	-11.776937	▁اسرائیل
18379	-11.776937	▁বিজয়ী
18380	-11.776937	▁সামরিক
18381	-11.776937	▁ਮੁਤਾਬਕ
18382	-11.776937	▁સમુદ્ર
18383	-11.776937	▁ಮೈಸೂರು
18384	-11.776938	▁publik
18385	-11.776940	▁अभी
18386	-11.776989	▁કાર્યક્રમ
18387	-11.777036	▁libér
18388	-11.777102	▁livello
18389	-11.777160	▁ਪ੍ਰਯੋਗ
18390	-11.777169	▁ಮೇಲಿನ
18391	-11.777203	числ
18392	-11.777244	▁رکھنے
18393	-11.777321	▁२४
18394	-11.777531	▁régime
18395	-11.777585	▁फ्ल
18396	-11.777730	▁éditions
18397	-11.778461	▁നാലു
18398	-11.779462	▁calendario
18399	-11.779462	▁ఇంటర్నెట్
18400	-11.779462	▁കോൺഗ്രസ്
18401	-11.779481	▁ಪಟ್ಟಣ
18402	-11.779498	▁سکتی
18403	-11.779512	▁escrav
18404	-11.779661	▁darwin
18405	-11.779806	▁geometri
18406	-11.780140	▁మరణాల
18407	-11.780232	▁കുറ്റ
18408	-11.780352	▁प्रसार
18409	-11.780413	▁முக்கியமான
18410	-11.780426	▁coloca
18411	-11.780531	জ্জ
18412	-11.780670	analisi
18413	-11.780761	▁తెలుసు
18414	-11.780870	பாய்
18415	-11.780974	▁prende
18416	-11.781302	▁അധിക
18417	-11.781994	▁cricket
18418	-11.781994	▁meditation
18419	-11.781994	▁modèle
18420	-11.781994	▁император
18421	-11.781994	▁इनमें
18422	-11.781994	▁ਛੋਟੇ
18423	-11.781994	▁ઓછી
18424	-11.781994	▁શ્રેણી
18425	-11.781994	▁ಲಭ್ಯ
18426	-11.781996	▁ensuite
18427	-11.782008	▁consegue
18428	-11.782011	▁જોખમ
18429	-11.782084	▁ರಾಜಧಾನಿ
18430	-11.782204	ಯಾಗಿದ್ದ
18431	-11.782231	▁erreicht
18432	-11.782269	▁erhielt
18433	-11.782351	▁variety
18434	-11.782592	▁airport
18435	-11.782739	енным
18436	-11.783072	▁റോമ
18437	-11.783314	ത്തിനുള്ള
18438	-11.783585	▁നൽകുന്ന
18439	-11.783662	▁சிறப்ப
18440	-11.783749	പോകുന്ന
18441	-11.783798	▁ਮਹਾਨ
18442	-11.784165	▁திருமண
18443	-11.784169	▁தாவர
18444	-11.784278	க்கிறார்
18445	-11.784410	ਿਓ
18446	-11.784441	▁मात्रा
18447	-11.784532	▁христиан
18448	-11.784532	▁खूप
18449	-11.784532	▁દાયકા
18450	-11.784533	▁permanece
18451	-11.784533	▁ڈاکٹر
18452	-11.784534	▁responsabil
18453	-11.784538	▁bronze
18454	-11.784569	праздн
18455	-11.784634	▁tumhara
18456	-11.784815	движ
18457	-11.785808	▁vergleich
18458	-11.786154	топ
18459	-11.786281	క్షి
18460	-11.786283	▁bengal
18461	-11.787076	intelligence
18462	-11.787076	பெரும்பாலும்
18463	-11.787076	▁کینیڈا
18464	-11.787076	▁ज़िले
18465	-11.787076	▁ਸਥਾਪਨਾ
18466	-11.787076	▁ನಿರ್ದಿಷ್ಟ
18467	-11.787079	বৃত্ত
18468	-11.787083	▁dibangun
18469	-11.787085	▁സംസ്കൃത
18470	-11.787086	▁wobei
18471	-11.787111	▁ਪੱਧਰ
18472	-11.787114	▁keadaan
18473	-11.787118	▁killed
18474	-11.787127	titut
18475	-11.787136	▁journey
18476	-11.787148	▁location
18477	-11.787191	▁બાળકો
18478	-11.787211	▁കൊച്ചി
18479	-11.787216	▁канад
18480	-11.787345	▁lenguaje
18481	-11.787346	▁ಹಳೆಯ
18482	-11.787411	▁meteor
18483	-11.787544	▁ಕಟ್ಟಡ
18484	-11.787694	▁educação
18485	-11.787798	▁వెళ్ళ
18486	-11.787930	ೆಂದೂ
18487	-11.788095	▁అదే
18488	-11.788116	▁información
18489	-11.788199	▁૨૦૧
18490	-11.788546	▁शाखा
18491	-11.789062	▁شام
18492	-11.789627	▁pelabuhan
18493	-11.789627	▁قبول
18494	-11.789627	▁জন্মগ্রহণ
18495	-11.789627	▁વધારો
18496	-11.789627	▁ഹിന്ദു
18497	-11.789629	▁പരാജയ
18498	-11.789633	▁ભૂમિકા
18499	-11.789636	▁শ্রী
18500	-11.789643	▁locais
18501	-11.789649	▁न्यायालय
18502	-11.789807	▁باقی
18503	-11.790085	zionale
18504	-11.790279	▁रहती
18505	-11.790325	ಫೈ
18506	-11.790356	▁دیتے
18507	-11.790416	കളായി
18508	-11.790458	▁ernst
18509	-11.790873	ন্না
18510	-11.791219	▁рим
18511	-11.791262	పల్లిలో
18512	-11.791360	▁પૂરી
18513	-11.791398	▁ನೇರ
18514	-11.791406	подоб
18515	-11.791956	▁ചെയ്യുന്നത്
18516	-11.792185	entsprechend
18517	-11.792185	▁انتہائی
18518	-11.792185	▁પૃથ્વી
18519	-11.792185	▁સિવાય
18520	-11.792185	▁കോളേജ
18521	-11.792196	▁kondisi
18522	-11.792240	▁spiritual
18523	-11.792326	bewegung
18524	-11.792364	▁beragam
18525	-11.792413	▁юго
18526	-11.792489	▁откры
18527	-11.792541	▁launch
18528	-11.792585	▁पढ़
18529	-11.792609	▁వహించ
18530	-11.792789	ుతాడు
18531	-11.792795	▁सुविधा
18532	-11.793739	স্টা
18533	-11.794126	שת
18534	-11.794336	களான
18535	-11.794394	ಢ
18536	-11.794693	▁શ્ર
18537	-11.794749	▁opportunity
18538	-11.794749	▁perempuan
18539	-11.794749	▁первой
18540	-11.794749	▁जनसंख्या
18541	-11.794749	▁मुस्लिम
18542	-11.794749	▁রচিত
18543	-11.794749	▁ಬೆಂಬಲ
18544	-11.794751	▁ähnlich
18545	-11.794756	▁famous
18546	-11.794760	▁dibuat
18547	-11.794803	▁नागरिक
18548	-11.794958	▁योग्य
18549	-11.795191	జ్ఞాన
18550	-11.795321	ുകളെ
18551	-11.795351	▁പോയ
18552	-11.795435	▁ਬਣਾਈ
18553	-11.795512	ਰੂਪ
18554	-11.795543	▁universe
18555	-11.795925	കൊടുത്ത
18556	-11.796038	▁ਗੁਣ
18557	-11.796184	ಿಂದಲೂ
18558	-11.796885	▁optim
18559	-11.797174	عظم
18560	-11.797247	మరణ
18561	-11.797319	▁pertumbuhan
18562	-11.797319	▁ਸਤੰਬਰ
18563	-11.797319	▁പ്രഖ്യാപി
18564	-11.797320	▁собой
18565	-11.797320	▁આશરે
18566	-11.797326	▁स्पेन
18567	-11.797343	▁ওঠে
18568	-11.797351	▁महायुद्ध
18569	-11.797434	▁gauche
18570	-11.797449	▁கடல்
18571	-11.797451	▁quadra
18572	-11.797458	▁ఒక్క
18573	-11.797474	▁ಉದಾಹರಣೆಗೆ
18574	-11.797478	▁longitud
18575	-11.797543	খণ্ড
18576	-11.797574	▁glass
18577	-11.797662	▁நாட்டு
18578	-11.797744	▁ਭਾਸ਼ਾਵਾਂ
18579	-11.797981	kreuz
18580	-11.798173	figur
18581	-11.798290	édition
18582	-11.798326	▁જરૂરી
18583	-11.798352	ેશ્વર
18584	-11.798735	▁కృష్ణా
18585	-11.798780	▁pertence
18586	-11.798919	bilità
18587	-11.798997	▁rank
18588	-11.799897	imperatore
18589	-11.799897	ശ്ശേരി
18590	-11.799897	▁ਲਾਹੌਰ
18591	-11.799948	▁गणेश
18592	-11.799951	▁için
18593	-11.799978	త్యా
18594	-11.800057	▁bildet
18595	-11.800126	▁ಇಂಗ್ಲ
18596	-11.800137	▁భారతదేశంలో
18597	-11.800196	▁ਪੁਸਤਕ
18598	-11.800197	▁lagega
18599	-11.800198	▁ಅನಂತರ
18600	-11.800229	▁બધા
18601	-11.800336	చేత
18602	-11.800441	▁હોવાનું
18603	-11.800483	gestalt
18604	-11.801136	▁व्हि
18605	-11.801194	دعو
18606	-11.801723	▁झाड
18607	-11.801856	ಕೋಟೆ
18608	-11.801977	▁larga
18609	-11.802211	assu
18610	-11.802254	ordine
18611	-11.802261	ologische
18612	-11.802481	петербург
18613	-11.802481	▁catholic
18614	-11.802481	▁dipimpin
18615	-11.802481	▁giuseppe
18616	-11.802481	▁própria
18617	-11.802481	▁আবিষ্কার
18618	-11.802481	▁ಸಾರ್ವಜನಿಕ
18619	-11.802483	▁erstmals
18620	-11.802485	▁война
18621	-11.802486	▁entonces
18622	-11.802498	▁சொற்
18623	-11.802508	▁मधु
18624	-11.802520	▁target
18625	-11.802526	▁muerte
18626	-11.802567	ੀਕਰਨ
18627	-11.802647	▁உயிர்
18628	-11.802835	▁மாநிலத்தில்
18629	-11.803078	▁ensino
18630	-11.803164	oceano
18631	-11.803176	▁schnell
18632	-11.803301	ਗੜ੍ਹ
18633	-11.803567	एफ
18634	-11.803717	דבר
18635	-11.803741	िस्तान
18636	-11.803761	▁ಮೊದಲಾದ
18637	-11.803838	৬৫
18638	-11.804080	▁चक्र
18639	-11.804124	▁தோற்ற
18640	-11.805072	▁ترجمہ
18641	-11.805072	▁संशोधन
18642	-11.805075	bedeutend
18643	-11.805082	▁thodi
18644	-11.805088	▁अभिनय
18645	-11.805092	▁kahani
18646	-11.805100	▁земли
18647	-11.805113	▁baixo
18648	-11.805120	▁историческ
18649	-11.805123	opération
18650	-11.805129	▁এশিয়া
18651	-11.805137	▁ತಿಳಿಸ
18652	-11.805152	▁tecnologia
18653	-11.805289	▁своё
18654	-11.805297	വിഷയ
18655	-11.805927	▁sujet
18656	-11.806325	▁அவ்வ
18657	-11.806355	ುವುದಕ್ಕೆ
18658	-11.806403	ബോധ
18659	-11.806874	▁घाल
18660	-11.807425	▁piace
18661	-11.807519	▁করত
18662	-11.807669	▁ফেব্রুয়ারি
18663	-11.807669	▁பெரும்பாலான
18664	-11.807669	▁ಇನ್ನೊಂದು
18665	-11.807670	সূত্র
18666	-11.807670	▁ਵਿਧਾਨ
18667	-11.807673	▁বসবাস
18668	-11.807675	▁ਇਨਾਮ
18669	-11.807676	▁yahudi
18670	-11.807779	▁suivant
18671	-11.807802	▁ഫാ
18672	-11.807810	▁ಮುಕ್ತ
18673	-11.807835	▁૧૯૨
18674	-11.807929	▁ಎಂದರೆ
18675	-11.808032	▁radical
18676	-11.808049	▁ಕಾವ್ಯ
18677	-11.808102	▁येतात
18678	-11.808108	innen
18679	-11.808119	▁കിട്ട
18680	-11.808249	चन्द्र
18681	-11.808393	▁capture
18682	-11.808394	▁ഇന്ത്യയിൽ
18683	-11.808406	ન્દ્ર
18684	-11.808703	▁атом
18685	-11.808867	▁સ્પે
18686	-11.809089	▁ನೆರವ
18687	-11.809528	पाळ
18688	-11.810273	▁comércio
18689	-11.810273	▁जिनमें
18690	-11.810273	▁ಮಾರುಕಟ್ಟೆ
18691	-11.810278	▁достиг
18692	-11.810300	▁attention
18693	-11.810325	▁రచించ
18694	-11.810377	▁одним
18695	-11.810431	▁biasa
18696	-11.810435	▁ഏറെ
18697	-11.810493	▁parallel
18698	-11.810494	▁પાડવા
18699	-11.810495	સર્જન
18700	-11.810548	خیر
18701	-11.810627	▁victoria
18702	-11.810814	▁возник
18703	-11.810888	मेंट
18704	-11.810913	▁உதவ
18705	-11.811044	habitants
18706	-11.811314	▁ਖਾਨ
18707	-11.811642	ल्फ
18708	-11.812216	औ
18709	-11.812437	▁जोड़
18710	-11.812582	ಿಸಲ್ಪಟ್ಟ
18711	-11.812646	▁ಹಿಂದಿ
18712	-11.812884	▁satellite
18713	-11.812884	▁ग्रेगोरी
18714	-11.812884	▁অধিকাংশ
18715	-11.812884	▁মন্দির
18716	-11.812886	amministra
18717	-11.812912	▁eastern
18718	-11.812913	▁uniform
18719	-11.812947	▁వచ్చింది
18720	-11.812954	▁নির্দেশ
18721	-11.813350	▁ಪ್ರಯೋಗ
18722	-11.813478	▁સાધન
18723	-11.813614	▁മാറ്റി
18724	-11.814157	ifié
18725	-11.814362	▁চালু
18726	-11.815377	européen
18727	-11.815501	▁konstitusi
18728	-11.815502	▁gemeinsam
18729	-11.815502	▁setembro
18730	-11.815502	▁तापमान
18731	-11.815502	▁सांस्कृतिक
18732	-11.815502	▁তৎকালীন
18733	-11.815502	▁বিভক্ত
18734	-11.815502	▁વિશાળ
18735	-11.815505	▁logiciel
18736	-11.815505	▁unterscheid
18737	-11.815511	▁೧೯೬
18738	-11.815517	▁२६
18739	-11.815557	▁ਲਹਿਰ
18740	-11.815621	যোগ্য
18741	-11.815625	▁французский
18742	-11.815627	▁ਪ੍ਰਕਾਸ਼ਿਤ
18743	-11.815646	▁മേൽ
18744	-11.815651	▁ਨਿੱ
18745	-11.815807	▁mikro
18746	-11.816179	నగర్
18747	-11.816189	ല്ലാതെ
18748	-11.816356	▁بنانے
18749	-11.816550	▁ರೀತಿಯಲ್ಲಿ
18750	-11.817205	ிருந்து
18751	-11.817419	வீரர்
18752	-11.817905	▁valeur
18753	-11.818127	▁pegunungan
18754	-11.818127	▁teknologi
18755	-11.818127	▁ಉತ್ಪಾದನೆ
18756	-11.818128	ക്ഷേപ
18757	-11.818128	▁emotional
18758	-11.818231	▁breath
18759	-11.818306	▁ਸਰੀਰ
18760	-11.818334	▁puerto
18761	-11.818393	▁ਕੁੱਲ
18762	-11.818436	▁tourist
18763	-11.818551	स्को
18764	-11.818692	▁పత్రిక
18765	-11.819088	▁ملتا
18766	-11.819197	▁শব্দটি
18767	-11.819646	▁বীর
18768	-11.819725	▁શીખ
18769	-11.820008	▁કરાવ
18770	-11.820163	▁نماز
18771	-11.820542	స్తే
18772	-11.820575	നാഥ
18773	-11.820689	▁పేర
18774	-11.820758	agriculture
18775	-11.820758	verhältnis
18776	-11.820758	▁pueblo
18777	-11.820758	▁tenggara
18778	-11.820758	▁ঐতিহাসিক
18779	-11.820758	▁లొకేషన్
18780	-11.820758	▁విజయనగర
18781	-11.820759	edificio
18782	-11.820759	▁பிரதேச
18783	-11.820791	▁سابق
18784	-11.820851	▁achhi
18785	-11.820887	▁நடித்துள்ள
18786	-11.820936	▁aceh
18787	-11.820960	▁externa
18788	-11.821201	reihe
18789	-11.821205	▁mendapatkan
18790	-11.821474	▁helpful
18791	-11.821507	▁பெற்றார்
18792	-11.821630	▁അളവ
18793	-11.822218	ovest
18794	-11.822390	ిస్తూ
18795	-11.822680	గీత
18796	-11.823170	▁निकाल
18797	-11.823397	▁ocidental
18798	-11.823397	▁toutefois
18799	-11.823397	▁तैयार
18800	-11.823397	▁ਦਿੱਤੇ
18801	-11.823397	▁ಎರಡನೇ
18802	-11.823398	▁അവകാശ
18803	-11.823408	▁tokyo
18804	-11.823409	▁described
18805	-11.823413	▁૧૪
18806	-11.823450	▁ಆಟಗಾರ
18807	-11.823458	saudara
18808	-11.823462	▁والوں
18809	-11.823503	▁సిద్ధ
18810	-11.823553	▁હસ્ત
18811	-11.823604	▁পিতা
18812	-11.823669	▁একমাত্র
18813	-11.823689	▁workout
18814	-11.823771	ేష్
18815	-11.823819	▁diberikan
18816	-11.823858	▁ajuda
18817	-11.824121	▁saturn
18818	-11.824879	▁શિવ
18819	-11.824913	▁fragment
18820	-11.825363	▁എന്നിവയാണ്
18821	-11.825755	ış
18822	-11.825924	▁lavora
18823	-11.826041	▁అధ్యక్ష
18824	-11.826042	▁বেশিরভাগ
18825	-11.826042	▁ఉద్యమ
18826	-11.826043	▁soviética
18827	-11.826043	▁تحقیق
18828	-11.826044	സമയത്ത്
18829	-11.826142	▁факт
18830	-11.826304	▁முதலில்
18831	-11.826517	▁aapko
18832	-11.826541	▁deutlich
18833	-11.826565	▁одной
18834	-11.826620	ும்போது
18835	-11.826767	▁honest
18836	-11.827364	ഞ്ജ
18837	-11.827381	▁మార్చి
18838	-11.827645	▁જાતિ
18839	-11.827913	▁انگریز
18840	-11.828694	▁hollywood
18841	-11.828695	▁తెలియ
18842	-11.828700	▁దర్శకుడు
18843	-11.828713	▁பரிசு
18844	-11.828744	▁possess
18845	-11.828755	▁peaceful
18846	-11.828794	▁obliga
18847	-11.828806	▁throughout
18848	-11.828906	▁ఉండేది
18849	-11.828931	ાઉન્ડ
18850	-11.829041	▁പ്രചാര
18851	-11.829237	afrique
18852	-11.829253	▁скоро
18853	-11.829383	▁bachche
18854	-11.829600	▁dataran
18855	-11.829671	ಜ್ಜ
18856	-11.830172	стрел
18857	-11.830834	വരുത്ത
18858	-11.831206	വുമായ
18859	-11.831347	▁வெளியிட
18860	-11.831354	▁rugby
18861	-11.831354	▁révolution
18862	-11.831354	▁জানুয়ারি
18863	-11.831354	▁ఎమ్బీబీయెస్
18864	-11.831354	▁ముఖ్యమంత్రి
18865	-11.831354	▁ವಿದ್ಯಾರ್ಥಿ
18866	-11.831354	▁ಸಂದರ್ಭದಲ್ಲಿ
18867	-11.831365	▁ਟਾਪੂ
18868	-11.831391	▁brought
18869	-11.831408	▁دہلی
18870	-11.831446	▁غلام
18871	-11.831480	ाचार्य
18872	-11.831531	▁ઊંચા
18873	-11.831594	▁شعب
18874	-11.831938	▁имеют
18875	-11.832086	▁ruolo
18876	-11.832461	▁ప్రాంతంలో
18877	-11.832493	▁derrota
18878	-11.832616	نام
18879	-11.832694	મુખ
18880	-11.832835	meister
18881	-11.833298	▁శాసనసభ
18882	-11.833363	ম্বা
18883	-11.834021	▁первая
18884	-11.834021	▁اسمبلی
18885	-11.834021	▁উদ্দেশ্য
18886	-11.834021	▁ਵਧੇਰੇ
18887	-11.834021	▁રહ્યો
18888	-11.834021	▁ജനുവരി
18889	-11.834023	നാരായണ
18890	-11.834033	▁российской
18891	-11.834039	lândia
18892	-11.834048	▁मान्यता
18893	-11.834049	áceas
18894	-11.834050	▁வாழ்ந்த
18895	-11.834051	▁ਵਪਾਰ
18896	-11.834054	ਤੰਤਰ
18897	-11.834145	যাত্রা
18898	-11.834219	▁تیز
18899	-11.834245	▁কেন্দ্রীয়
18900	-11.834478	▁निकट
18901	-11.834534	▁jabatan
18902	-11.834657	▁२३
18903	-11.834795	▁തിരുവ
18904	-11.834984	▁بکر
18905	-11.835105	▁పిల్లల
18906	-11.835185	crypt
18907	-11.835372	▁statut
18908	-11.835583	ridge
18909	-11.835827	▁ఆటల
18910	-11.835952	ಮಂಡಲ
18911	-11.835981	ாசிரியர
18912	-11.836005	ಲ್ಲದೇ
18913	-11.836127	▁manifest
18914	-11.836294	ânico
18915	-11.836695	▁ఫిబ్రవరి
18916	-11.836697	▁espaço
18917	-11.836698	▁schedule
18918	-11.836699	▁afraid
18919	-11.836699	▁ಪದ್ಧತಿ
18920	-11.836699	▁animais
18921	-11.836700	▁తేదీ
18922	-11.836713	ಮೂರ್ತಿ
18923	-11.836879	▁jogador
18924	-11.836884	▁પસાર
18925	-11.837020	▁jamais
18926	-11.837083	▁implement
18927	-11.837095	દ્રા
18928	-11.837165	océan
18929	-11.837172	verfassung
18930	-11.837209	▁પાડે
18931	-11.837239	▁येतो
18932	-11.837352	▁credit
18933	-11.837551	▁ಸತ್ಯ
18934	-11.837655	▁مہا
18935	-11.838096	▁gioca
18936	-11.839160	ദേവി
18937	-11.839238	ക്കുമ്പോൾ
18938	-11.839344	▁విశ్వ
18939	-11.839375	▁অর্থনৈতিক
18940	-11.839375	▁ਅੱਗੇ
18941	-11.839375	▁ਕੰਪਨੀ
18942	-11.839375	▁અગાઉ
18943	-11.839375	▁ఒకప్రాథమిక
18944	-11.839375	▁പ്രസിഡന്റ
18945	-11.839376	▁ವಿಶಿಷ್ಟ
18946	-11.839386	▁nenhum
18947	-11.839396	▁permanente
18948	-11.839398	▁buenos
18949	-11.839399	▁ತಲುಪ
18950	-11.839420	▁ਅਨੇਕ
18951	-11.839475	▁ಆದರೂ
18952	-11.839489	▁पुनर्
18953	-11.839559	▁германии
18954	-11.839877	▁निधन
18955	-11.840097	ਮੈਂਟ
18956	-11.840190	▁ਖਾਸ
18957	-11.840355	പോലും
18958	-11.841001	▁longue
18959	-11.841169	▁interpret
18960	-11.841720	২৯
18961	-11.841866	эс
18962	-11.842053	স্থল
18963	-11.842064	▁nietzsche
18964	-11.842064	▁दूसरी
18965	-11.842064	▁पुन्हा
18966	-11.842064	▁विष्णु
18967	-11.842064	▁ਵਾਸਤੇ
18968	-11.842065	verwaltung
18969	-11.842067	▁bandiera
18970	-11.842067	▁కొడుకు
18971	-11.842100	▁సముద్ర
18972	-11.842276	setzen
18973	-11.842344	▁brasileira
18974	-11.842371	▁ज्यादा
18975	-11.843343	▁monarch
18976	-11.843655	▁concret
18977	-11.843838	ದಿಂದಾಗಿ
18978	-11.843846	▁calcula
18979	-11.844458	▁xiv
18980	-11.844759	ಶ್ರೇಣಿ
18981	-11.844759	▁senjata
18982	-11.844759	▁большинство
18983	-11.844759	▁बाहेर
18984	-11.844759	▁ਤਹਿਸੀਲ
18985	-11.844759	▁ਭੌਤਿਕ
18986	-11.844759	▁સંશોધન
18987	-11.844760	économie
18988	-11.844760	నరసింహ
18989	-11.844760	▁فرانسیسی
18990	-11.844762	▁progetto
18991	-11.844762	▁মুক্তি
18992	-11.844769	▁хотя
18993	-11.844770	▁ಯುರೋಪ
18994	-11.844785	▁ਅਨੁਵਾਦ
18995	-11.844859	stück
18996	-11.844914	▁ਹੱਥ
18997	-11.844945	▁આપ્યો
18998	-11.845039	▁киев
18999	-11.845176	europäischen
19000	-11.845360	▁प्रमाणात
19001	-11.845556	▁cristal
19002	-11.845599	▁બનાવવા
19003	-11.846630	▁исследова
19004	-11.846939	▁contenu
19005	-11.847035	▁નાખ
19006	-11.847462	സിദ്ധാന്ത
19007	-11.847462	▁ਦਿੰਦਾ
19008	-11.847462	▁ਸੰਸਕ੍ਰਿਤ
19009	-11.847466	▁જાણીતા
19010	-11.847471	esercito
19011	-11.847477	▁તળાવ
19012	-11.847525	▁મુક્ત
19013	-11.847560	▁सिद्धांत
19014	-11.847566	▁davon
19015	-11.847858	▁ದೇಹ
19016	-11.847873	▁പ്രമുഖ
19017	-11.847969	▁ਮਰਦ
19018	-11.848454	▁courant
19019	-11.848646	▁авиа
19020	-11.848687	ಿಸಲಾಗ
19021	-11.848745	höchst
19022	-11.848773	▁પૈકી
19023	-11.848957	ിപ്പിച്ചു
19024	-11.849072	ிருந்தார்
19025	-11.849441	▁வைத்து
19026	-11.849851	▁ਰਾਸ਼ਟਰੀ
19027	-11.850172	▁científica
19028	-11.850172	▁déjà
19029	-11.850172	▁অর্থাৎ
19030	-11.850174	▁canadá
19031	-11.850174	▁महाभारत
19032	-11.850175	efficient
19033	-11.850181	▁siège
19034	-11.850252	ühl
19035	-11.850256	▁resort
19036	-11.850285	▁ഇംഗ്ലീഷ്
19037	-11.850290	▁услови
19038	-11.850456	ారెడ్డి
19039	-11.850459	▁построен
19040	-11.850722	▁отдельн
19041	-11.850743	▁ಗಳಿಸ
19042	-11.850885	▁таким
19043	-11.850984	▁अंतरावर
19044	-11.851672	▁добр
19045	-11.851864	haupt
19046	-11.852149	town
19047	-11.852571	▁öffentlich
19048	-11.852858	തന്ത്ര
19049	-11.852889	▁deuxième
19050	-11.852889	▁الجزائر
19051	-11.852889	▁दुसरे
19052	-11.852889	▁पर्यटन
19053	-11.852889	▁पहुंच
19054	-11.852889	▁বৈশিষ্ট্য
19055	-11.852889	▁પાકિસ્તાન
19056	-11.852889	▁લાંબા
19057	-11.852890	▁ആധുനിക
19058	-11.852892	▁எண்ணிக்கை
19059	-11.852895	▁इटली
19060	-11.852896	▁রাশিয়া
19061	-11.852901	▁titolo
19062	-11.852931	▁رہتے
19063	-11.852953	▁ಬದುಕ
19064	-11.852962	▁விஜய
19065	-11.853062	பகுதி
19066	-11.853216	ಭ್ರ
19067	-11.853246	▁દરિયા
19068	-11.853274	▁तेथे
19069	-11.853282	પ્ટ
19070	-11.853318	▁కంటే
19071	-11.853760	ঁচ
19072	-11.854451	▁dritte
19073	-11.855025	▁मूर्ति
19074	-11.855361	▁మరణించ
19075	-11.855615	▁einwohner
19076	-11.855615	▁lisboa
19077	-11.855615	▁miembro
19078	-11.855615	▁província
19079	-11.855615	▁موقع
19080	-11.855615	▁પુરસ્કાર
19081	-11.855615	▁സമുദ്ര
19082	-11.855616	▁தற்போது
19083	-11.855617	▁caratterizz
19084	-11.855617	▁জুলাই
19085	-11.855618	ספר
19086	-11.855632	▁партия
19087	-11.855783	▁கொண்டுள்ளது
19088	-11.855886	▁সমস্ত
19089	-11.856069	▁tools
19090	-11.856316	തൊഴ
19091	-11.857371	ിട്ടില്ല
19092	-11.857665	utiliz
19093	-11.857785	യായിരുന്ന
19094	-11.857973	▁ਮੈਂ
19095	-11.858008	ਾਉਂਦੀ
19096	-11.858033	▁diamant
19097	-11.858191	бель
19098	-11.858346	▁kebanyakan
19099	-11.858346	▁possível
19100	-11.858346	▁succès
19101	-11.858346	▁उपन्यास
19102	-11.858346	▁दूसरा
19103	-11.858347	▁ਪਦਾਰਥ
19104	-11.858354	▁عراق
19105	-11.858356	▁செலுத்த
19106	-11.858372	▁மன்னர்
19107	-11.858412	▁دہائی
19108	-11.858467	કર્તા
19109	-11.858471	▁annual
19110	-11.858489	▁asocia
19111	-11.858559	бол
19112	-11.858598	ಬಹುದಾದ
19113	-11.858641	▁पूरी
19114	-11.858651	▁వంశ
19115	-11.858686	▁निर्मिती
19116	-11.858715	▁jazz
19117	-11.858788	▁شکار
19118	-11.859044	▁જર્મન
19119	-11.859257	championship
19120	-11.859958	▁दिशा
19121	-11.859972	▁நாட்கள
19122	-11.861086	▁britannique
19123	-11.861086	▁econômica
19124	-11.861086	▁militär
19125	-11.861086	▁کمپنی
19126	-11.861086	▁अशोक
19127	-11.861087	শ্রেণী
19128	-11.861087	పల్లె
19129	-11.861088	▁مغل
19130	-11.861089	▁পত্রিকা
19131	-11.861092	▁dichiara
19132	-11.861093	▁disease
19133	-11.861096	▁réalisé
19134	-11.861140	▁despite
19135	-11.861300	દ્વાર
19136	-11.861309	▁కొంత
19137	-11.861404	▁கிமீ
19138	-11.861457	కృత
19139	-11.862144	ొక్క
19140	-11.862204	▁genau
19141	-11.862236	▁খো
19142	-11.862827	▁நீள
19143	-11.863152	▁представлен
19144	-11.863453	தற்
19145	-11.863615	▁حیات
19146	-11.863711	▁количество
19147	-11.863833	▁máquina
19148	-11.863833	▁pubblico
19149	-11.863833	▁администра
19150	-11.863833	▁طاقت
19151	-11.863833	▁نہایت
19152	-11.863833	▁ਗਾਂਧੀ
19153	-11.863833	▁ਵਿਦਵਾਨ
19154	-11.863833	▁વસ્તુ
19155	-11.863833	▁ತೀವ್ರ
19156	-11.863834	▁pekerja
19157	-11.863836	▁पहला
19158	-11.863837	▁ಹತ್ತಿರ
19159	-11.863838	▁चुनाव
19160	-11.863843	▁வீழ்
19161	-11.863854	▁நாட்டின்
19162	-11.864003	▁ಪರಿಸರ
19163	-11.864077	▁સંઘ
19164	-11.864201	▁संबंधित
19165	-11.864307	▁शादी
19166	-11.864316	▁fungsi
19167	-11.864505	പ്റ്റ
19168	-11.864568	▁സത്യ
19169	-11.864600	▁médica
19170	-11.865182	దర్శన
19171	-11.865428	ющим
19172	-11.866230	▁degree
19173	-11.866235	kampf
19174	-11.866588	▁château
19175	-11.866588	▁recommend
19176	-11.866588	▁ಆರೋಗ್ಯ
19177	-11.866589	▁वातावरण
19178	-11.866589	▁সমস্যা
19179	-11.866589	▁శిశు
19180	-11.866590	▁confedera
19181	-11.866590	▁соглаш
19182	-11.866590	▁नियंत्रण
19183	-11.866599	▁website
19184	-11.866602	▁recipe
19185	-11.866677	▁верхов
19186	-11.866856	lösung
19187	-11.867344	പഞ്ചായത്ത
19188	-11.867671	▁മൂലക
19189	-11.868258	खण्ड
19190	-11.868415	▁घेण्या
19191	-11.869350	▁حدیث
19192	-11.869350	▁જાન્યુઆરી
19193	-11.869352	▁melihat
19194	-11.869354	▁tedesco
19195	-11.869357	▁huruf
19196	-11.869364	▁ਏਸ਼ੀਆ
19197	-11.869365	▁થોડા
19198	-11.869396	▁ابتدائی
19199	-11.869424	▁పద్మ
19200	-11.869468	▁આપ્યું
19201	-11.869501	▁семь
19202	-11.869515	▁upset
19203	-11.869531	▁असलेला
19204	-11.869593	▁acquis
19205	-11.869654	▁رکھتا
19206	-11.869906	▁باغ
19207	-11.869940	മണ്ഡല
19208	-11.870116	▁communicat
19209	-11.870210	▁கடல
19210	-11.870255	▁foot
19211	-11.870901	ప్పటికీ
19212	-11.870906	▁ಹಾಡು
19213	-11.871238	▁చూడ
19214	-11.871588	▁буду
19215	-11.871858	stituito
19216	-11.872120	▁పురస్కార
19217	-11.872121	gebäude
19218	-11.872121	▁interview
19219	-11.872121	▁многие
19220	-11.872121	▁режиссёр
19221	-11.872121	▁असल्याने
19222	-11.872121	▁सार्वजनिक
19223	-11.872121	▁যোগাযোগ
19224	-11.872121	▁રહ્યું
19225	-11.872121	▁ವಯಸ್ಸ
19226	-11.872122	▁ప్రదేశ్
19227	-11.872124	▁వివిధ
19228	-11.872131	▁हूँ
19229	-11.872135	▁جہاز
19230	-11.872141	▁фронт
19231	-11.872199	▁distance
19232	-11.872263	▁পুত্র
19233	-11.872273	▁ప్రాంతం
19234	-11.872320	▁neutron
19235	-11.872440	étend
19236	-11.872517	▁purani
19237	-11.872773	▁enorme
19238	-11.873116	▁час
19239	-11.873181	מד
19240	-11.874086	▁వెళ్ళి
19241	-11.874309	▁رضی
19242	-11.874437	▁ತೋರ
19243	-11.874836	verschiedene
19244	-11.874899	▁announced
19245	-11.874899	▁keturunan
19246	-11.874899	▁lingkungan
19247	-11.874899	▁самолёт
19248	-11.874899	▁कैलंडर
19249	-11.874899	▁অনুষ্ঠান
19250	-11.874899	▁కెఫె
19251	-11.874899	▁ವಿನ್ಯಾಸ
19252	-11.874901	▁ਅਬਾਦੀ
19253	-11.874902	▁பணியாற்ற
19254	-11.874925	▁સુરત
19255	-11.874957	▁trabaja
19256	-11.875000	▁peuple
19257	-11.875015	संस्थे
19258	-11.875063	griechisch
19259	-11.875072	▁রোমান
19260	-11.875107	▁باہر
19261	-11.875176	▁শিব
19262	-11.875893	ਯੂ
19263	-11.877267	▁சென்று
19264	-11.877664	ચ્ચ
19265	-11.877684	▁چنانچہ
19266	-11.877684	▁పథకం
19267	-11.877686	▁côté
19268	-11.877689	▁stasiun
19269	-11.877700	▁രചിച്ച
19270	-11.877769	▁ناول
19271	-11.877791	geschlossen
19272	-11.877918	▁ভবন
19273	-11.878017	▁magic
19274	-11.878055	▁nommé
19275	-11.878093	▁bbc
19276	-11.878113	▁servicio
19277	-11.878754	ট্রি
19278	-11.879133	▁release
19279	-11.879162	mouth
19280	-11.879864	hilfe
19281	-11.880477	▁britânico
19282	-11.880477	▁católica
19283	-11.880477	▁دوبارہ
19284	-11.880477	▁নিয়ন্ত্রণ
19285	-11.880477	▁ਮਹੱਤਵਪੂਰਨ
19286	-11.880477	▁સગવડ
19287	-11.880477	▁தகவல்
19288	-11.880477	▁పతాకంపై
19289	-11.880480	▁memories
19290	-11.880489	▁ਸਾਰੀਆਂ
19291	-11.880490	▁೧೯೩
19292	-11.880495	▁നിന്നുള്ള
19293	-11.880507	▁அனுப்ப
19294	-11.880529	▁স্বাধীন
19295	-11.880566	▁ketua
19296	-11.880724	స్థాయి
19297	-11.880804	▁شادی
19298	-11.880841	▁হলেও
19299	-11.880870	lichkeit
19300	-11.880951	▁рост
19301	-11.881129	ônica
19302	-11.881129	▁ಬೆಲೆ
19303	-11.881165	▁ഇതിനെ
19304	-11.881361	এফ
19305	-11.881491	▁చెంద
19306	-11.881602	▁மன்னன
19307	-11.881789	▁ibn
19308	-11.881798	▁சூரிய
19309	-11.882483	▁ठिकाण
19310	-11.882880	▁conoce
19311	-11.883278	▁espanhol
19312	-11.883278	▁अहमद
19313	-11.883279	geordnet
19314	-11.883279	▁económica
19315	-11.883279	▁propiedad
19316	-11.883279	▁تہذیب
19317	-11.883279	▁प्रचलित
19318	-11.883279	▁सम्बन्ध
19319	-11.883279	▁ਹਾਲਾਂਕਿ
19320	-11.883282	▁kegiatan
19321	-11.883282	▁వివాహ
19322	-11.883286	▁योगदान
19323	-11.883286	▁ਦੂਜੀ
19324	-11.883295	▁ಉಂಟಾಗ
19325	-11.883312	▁screen
19326	-11.883327	▁அறிவியல்
19327	-11.883424	▁magnitudine
19328	-11.883524	▁एशिया
19329	-11.883998	▁لیگ
19330	-11.884033	▁cantidad
19331	-11.884324	▁compart
19332	-11.884554	▁அழைக்கப்பட
19333	-11.884748	stieg
19334	-11.885644	kontrol
19335	-11.885826	▁predic
19336	-11.886087	सारख्या
19337	-11.886087	▁frankfurt
19338	-11.886087	▁внутренн
19339	-11.886087	▁ਰਹਿੰਦੇ
19340	-11.886088	потреб
19341	-11.886088	▁بیٹے
19342	-11.886089	sammlung
19343	-11.886089	▁આવતી
19344	-11.886097	▁अनुभव
19345	-11.886103	▁প্রযুক্তি
19346	-11.886106	▁resources
19347	-11.886106	▁ஸ்ரீ
19348	-11.886123	થ્થ
19349	-11.886181	▁mudança
19350	-11.886181	▁സസ്യ
19351	-11.886237	ঘাট
19352	-11.886244	▁हवाई
19353	-11.886424	▁જિલ્લાનું
19354	-11.886442	▁சுற்றி
19355	-11.886472	కారుడు
19356	-11.886585	▁comunista
19357	-11.888673	ическое
19358	-11.888905	▁اگرچہ
19359	-11.888905	▁مدینہ
19360	-11.888905	▁अभिनेत्री
19361	-11.888905	▁कर्नाटक
19362	-11.888905	▁ਅਜਿਹਾ
19363	-11.888906	▁campagne
19364	-11.888906	▁peristiwa
19365	-11.888906	▁почти
19366	-11.888910	▁અંદર
19367	-11.888911	▁conceito
19368	-11.888917	▁೧೯೫
19369	-11.888927	▁ਆਉਣ
19370	-11.888995	physik
19371	-11.889066	▁પ્રવાહ
19372	-11.889244	▁célula
19373	-11.889370	▁फक्त
19374	-11.890145	▁సేవ
19375	-11.890558	சாமி
19376	-11.891156	ावरून
19377	-11.891391	▁धु
19378	-11.891527	▁fosf
19379	-11.891728	▁ಉತ್ಪನ್ನ
19380	-11.891729	▁novembro
19381	-11.891729	▁دسمبر
19382	-11.891729	▁अधिकांश
19383	-11.891729	▁सर्वोच्च
19384	-11.891729	▁অক্টোবর
19385	-11.891729	▁সমুদ্র
19386	-11.891729	▁అసెంబ్లీ
19387	-11.891730	▁લીધે
19388	-11.891731	▁katolik
19389	-11.891731	▁коммун
19390	-11.891733	jährige
19391	-11.891735	▁చివరి
19392	-11.891741	বিরোধী
19393	-11.891741	▁প্রজাতি
19394	-11.891754	▁இதனை
19395	-11.891768	ന്മാരുടെ
19396	-11.891792	▁दूध
19397	-11.891809	▁weltkrieg
19398	-11.891823	▁ஆகியோர்
19399	-11.891906	ங்களிலும்
19400	-11.891921	▁ठार
19401	-11.892129	▁ಐದು
19402	-11.892159	▁niño
19403	-11.892271	▁આત્મ
19404	-11.893180	పరిచ
19405	-11.893234	பூமி
19406	-11.893496	▁پوری
19407	-11.893735	ইউরোপীয়
19408	-11.894307	▁interessa
19409	-11.894562	scientifique
19410	-11.894562	▁منتقل
19411	-11.894563	▁columbia
19412	-11.894565	▁noël
19413	-11.894567	▁episode
19414	-11.894569	▁amazon
19415	-11.894569	▁ਦੂਜਾ
19416	-11.894570	▁measure
19417	-11.894575	▁শিশু
19418	-11.894698	▁সম্মান
19419	-11.894700	▁પ્રમુખ
19420	-11.894716	▁पूरे
19421	-11.894757	▁കണ്ടെത്തിയ
19422	-11.894776	શાસ્ત્રી
19423	-11.894814	പ്രശ്ന
19424	-11.894962	▁ਤੱਤ
19425	-11.895153	▁andrea
19426	-11.895394	grenze
19427	-11.895545	▁தன்மை
19428	-11.895599	▁ગ્રે
19429	-11.896841	▁ಅವಳ
19430	-11.897038	▁लढ
19431	-11.897256	▁magnitud
19432	-11.897403	▁perbedaan
19433	-11.897403	▁सहायता
19434	-11.897403	▁हिस्सा
19435	-11.897405	▁اخبار
19436	-11.897406	▁jaringan
19437	-11.897406	▁pendapat
19438	-11.897408	▁routine
19439	-11.897408	▁على
19440	-11.897410	▁sucesso
19441	-11.897414	▁பாண்டிய
19442	-11.897424	নির্ভর
19443	-11.897511	▁nervous
19444	-11.897544	▁ಅವಧಿಯಲ್ಲಿ
19445	-11.897702	▁expert
19446	-11.897814	▁કિમી
19447	-11.898536	ാവശ്യ
19448	-11.898974	▁virg
19449	-11.899302	ouvre
19450	-11.899440	▁ਸਿਰਫ
19451	-11.900251	▁പുരാതന
19452	-11.900252	▁holiday
19453	-11.900252	▁vehicle
19454	-11.900252	▁طالب
19455	-11.900252	▁উপাদান
19456	-11.900252	▁జరిగింది
19457	-11.900253	▁ડોલર
19458	-11.900260	▁pangeran
19459	-11.900373	▁zeigt
19460	-11.900477	▁સ્પર્ધા
19461	-11.900486	▁পুরো
19462	-11.900517	▁дума
19463	-11.900834	fälle
19464	-11.901405	▁рыб
19465	-11.901768	▁tourism
19466	-11.902077	elettro
19467	-11.902126	▁دکھا
19468	-11.902700	▁implementa
19469	-11.903109	▁ludwig
19470	-11.903109	▁ಉಲ್ಲೇಖ
19471	-11.903110	▁befindet
19472	-11.903110	▁ehemalige
19473	-11.903110	▁اقبال
19474	-11.903110	▁اکتوبر
19475	-11.903110	▁চৌধুরী
19476	-11.903110	▁মিলিয়ন
19477	-11.903110	▁మైదానం
19478	-11.903110	▁ಯುನೈಟೆಡ್
19479	-11.903111	▁pertengahan
19480	-11.903119	▁publié
19481	-11.903119	▁ਪੂਰਵ
19482	-11.903120	▁luogo
19483	-11.903186	▁समाप्त
19484	-11.903193	▁বাইরে
19485	-11.903226	▁blieb
19486	-11.903232	▁היה
19487	-11.903337	ിന്റേയും
19488	-11.903383	▁ফিরে
19489	-11.905219	▁devenu
19490	-11.905255	▁moneta
19491	-11.905974	diffusion
19492	-11.905974	ശേഖര
19493	-11.905974	▁conflict
19494	-11.905974	▁próximo
19495	-11.905974	▁находится
19496	-11.905974	▁обычно
19497	-11.905974	▁ਇੰਗਲੈਂਡ
19498	-11.905974	▁ਧਾਰਮਿਕ
19499	-11.905974	▁గాంధీ
19500	-11.905974	▁హిందూ
19501	-11.905975	▁প্রমাণ
19502	-11.905981	▁مثال
19503	-11.905986	வெண்
19504	-11.905992	▁બજાર
19505	-11.905999	फ्ट
19506	-11.906000	▁చేసింది
19507	-11.906013	▁текст
19508	-11.906017	▁ácido
19509	-11.906195	▁deixa
19510	-11.906247	▁முதலிய
19511	-11.906295	▁দিতে
19512	-11.906360	▁મેળવવા
19513	-11.906915	ómica
19514	-11.907435	வரிசை
19515	-11.907500	▁contract
19516	-11.908463	edizione
19517	-11.908823	ющей
19518	-11.908848	▁proprietà
19519	-11.908848	▁железн
19520	-11.908848	▁множеств
19521	-11.908848	▁जनवरी
19522	-11.908848	▁இயற்கை
19523	-11.908848	▁இராச்சிய
19524	-11.908850	▁physique
19525	-11.908856	▁افغانستان
19526	-11.908857	▁первым
19527	-11.908865	▁૧૫
19528	-11.908879	▁പക്ഷേ
19529	-11.908903	▁کرکٹ
19530	-11.908915	▁некоторые
19531	-11.908934	▁ஒன்றாகும்
19532	-11.909015	বিধ
19533	-11.909037	▁গল্প
19534	-11.909054	▁tradisi
19535	-11.909075	▁প্রক্রিয়া
19536	-11.909313	దర్శక
19537	-11.909349	▁ему
19538	-11.910181	శాస్త్రి
19539	-11.910542	ographic
19540	-11.910783	▁വിദ്യാഭ്യാസ
19541	-11.910834	▁గుండా
19542	-11.910902	भूमी
19543	-11.910915	▁పద్య
19544	-11.911166	▁راہ
19545	-11.911269	восточн
19546	-11.911304	▁ਔਰਤ
19547	-11.911730	sponsibility
19548	-11.911730	▁awesome
19549	-11.911730	▁مقبول
19550	-11.911730	▁प्रशासन
19551	-11.911730	▁हिन्दू
19552	-11.911730	▁শতাংশ
19553	-11.911730	▁ఆర్థిక
19554	-11.911730	▁ಸಾಮಾಜಿಕ
19555	-11.911736	▁विमानतळ
19556	-11.911742	▁আয়তন
19557	-11.911743	▁ಉನ್ನತ
19558	-11.911864	▁પરિવાર
19559	-11.911883	▁teilweise
19560	-11.911929	▁ataque
19561	-11.911961	▁नीचे
19562	-11.912002	▁choose
19563	-11.912068	▁angry
19564	-11.912683	மாவட்டத்தில்
19565	-11.912729	▁italy
19566	-11.913009	▁செல்லும்
19567	-11.913030	▁रूस
19568	-11.914135	▁ಕುರಿತ
19569	-11.914620	క్షేత్ర
19570	-11.914620	▁categoria
19571	-11.914620	▁precipita
19572	-11.914620	▁septembre
19573	-11.914620	▁источник
19574	-11.914620	▁ਸਮੁੰਦਰ
19575	-11.914620	▁தொலைவில்
19576	-11.914620	▁ವಾಣಿಜ್ಯ
19577	-11.914620	▁സൈനിക
19578	-11.914624	శక్తి
19579	-11.914630	▁развития
19580	-11.914631	▁partecipa
19581	-11.914646	oggetto
19582	-11.914668	▁christoph
19583	-11.914807	▁fuerte
19584	-11.914937	▁ஐந்து
19585	-11.914956	kunde
19586	-11.916434	▁লক্ষ্য
19587	-11.916992	скоп
19588	-11.917219	▁ফার্
19589	-11.917228	trieb
19590	-11.917518	▁руковод
19591	-11.917519	initiative
19592	-11.917519	▁filósofo
19593	-11.917519	▁sustainable
19594	-11.917519	▁помощь
19595	-11.917519	▁অভিনেত্রী
19596	-11.917519	▁ਰਹਿੰਦਾ
19597	-11.917519	▁రవాణా
19598	-11.917519	▁ಇಂಗ್ಲಿಷ್
19599	-11.917522	▁क्रांति
19600	-11.917534	▁উন্নত
19601	-11.917535	▁fernando
19602	-11.917544	▁olympic
19603	-11.917547	▁savings
19604	-11.917561	▁meilleur
19605	-11.917580	▁kerstmis
19606	-11.917615	কালীন
19607	-11.917744	▁گئیں
19608	-11.917808	▁bright
19609	-11.918325	▁psico
19610	-11.918532	▁సర్వ
19611	-11.918997	▁algorithm
19612	-11.919003	▁grenz
19613	-11.919171	eği
19614	-11.919311	▁ప్రారంభించ
19615	-11.919450	▁ಗಾಯ
19616	-11.920425	ಚಿಕಿತ್ಸೆ
19617	-11.920425	▁anniversary
19618	-11.920425	▁олимпи
19619	-11.920425	▁قبائل
19620	-11.920425	▁नेतृत्व
19621	-11.920425	▁लोकसभा
19622	-11.920425	▁व्यवसाय
19623	-11.920425	▁পরিচালিত
19624	-11.920425	▁வாழ்க்கை
19625	-11.920425	▁ಬಹುತೇಕ
19626	-11.920425	▁അല്ലെങ്കിൽ
19627	-11.920426	gewählt
19628	-11.920427	▁numeri
19629	-11.920428	▁bangunan
19630	-11.920428	▁riconosci
19631	-11.920430	▁مخالف
19632	-11.920436	▁ഭക്ഷണ
19633	-11.920461	▁dibagi
19634	-11.920464	▁किल्ल्या
19635	-11.920468	▁ਕੁਦਰਤ
19636	-11.920475	▁tandis
19637	-11.920478	▁چاند
19638	-11.920534	▁above
19639	-11.920594	▁ਸਪੇਸ
19640	-11.920654	▁گزر
19641	-11.920699	▁रेखा
19642	-11.920825	вшая
19643	-11.920850	పూర్ణ
19644	-11.920852	▁führen
19645	-11.920922	▁نکال
19646	-11.920997	ಸಿಂಹ
19647	-11.922467	▁भेट
19648	-11.922786	▁നിന്നാണ്
19649	-11.923193	ಬಹುದ
19650	-11.923224	ഘടക
19651	-11.923304	развит
19652	-11.923341	വ്യത്യാസ
19653	-11.923341	▁possuem
19654	-11.923341	▁আগস্ট
19655	-11.923341	▁নির্মিত
19656	-11.923341	▁ડિસેમ્બર
19657	-11.923341	▁ಮಾರಾಟ
19658	-11.923343	▁दुसरा
19659	-11.923347	▁efeito
19660	-11.923354	శాస్త్రవేత్త
19661	-11.923356	▁физик
19662	-11.923359	▁જાપાન
19663	-11.923365	▁avoid
19664	-11.923387	▁lecture
19665	-11.923550	കുമാര
19666	-11.923565	▁scène
19667	-11.923728	મંડળ
19668	-11.923867	▁agora
19669	-11.924190	▁diferente
19670	-11.925014	▁చూప
19671	-11.926265	▁ثابت
19672	-11.926265	▁కొరియర్
19673	-11.926265	▁ಅಭಿಪ್ರಾಯ
19674	-11.926265	▁ഗാന്ധി
19675	-11.926266	▁ಉದ್ಯಮ
19676	-11.926268	▁mówi
19677	-11.926304	▁রাখে
19678	-11.926335	▁diwali
19679	-11.926345	▁высоко
19680	-11.926493	▁armenia
19681	-11.926933	▁тай
19682	-11.927258	▁થયેલા
19683	-11.927563	▁guarda
19684	-11.928949	▁നാഗ
19685	-11.929197	▁diketahui
19686	-11.929197	▁انجام
19687	-11.929197	▁പ്രാധാന്യ
19688	-11.929198	▁ഉത്സവ
19689	-11.929199	▁nonostante
19690	-11.929204	▁શરીર
19691	-11.929207	▁channel
19692	-11.929212	▁संकेत
19693	-11.929220	▁konsep
19694	-11.929236	▁kahaniyan
19695	-11.929279	▁தொடக்க
19696	-11.929293	▁പ്രധാനമായും
19697	-11.929310	▁ubica
19698	-11.929583	▁incident
19699	-11.929667	▁точк
19700	-11.929674	▁வேத
19701	-11.929675	▁kharch
19702	-11.929936	▁ಹಾಕಿ
19703	-11.929964	▁ஆய்வ
19704	-11.929984	▁bulgaria
19705	-11.930368	▁seguido
19706	-11.931275	▁build
19707	-11.931314	ੇਂਟ
19708	-11.931419	▁लिहिले
19709	-11.931508	बंदी
19710	-11.931790	ഴുത
19711	-11.932138	▁confidence
19712	-11.932138	▁европы
19713	-11.932138	▁خصوصی
19714	-11.932138	▁బృందం
19715	-11.932138	▁ಆದ್ದರಿಂದ
19716	-11.932142	▁೧೨
19717	-11.932159	▁फ्रेंच
19718	-11.932162	▁સ્ટેટ્સ
19719	-11.932183	▁ਵੇਲੇ
19720	-11.932370	▁तौर
19721	-11.932471	▁theatre
19722	-11.932674	▁ল্যা
19723	-11.932750	▁sprachen
19724	-11.932915	▁mesir
19725	-11.932925	▁précis
19726	-11.934679	▁journalist
19727	-11.935041	▁ٹیم
19728	-11.935087	▁ಅವಧಿ
19729	-11.935088	pportunities
19730	-11.935088	öffentlicht
19731	-11.935088	▁amsterdam
19732	-11.935088	▁એશિયા
19733	-11.935088	▁સપાટી
19734	-11.935089	alphabet
19735	-11.935089	▁hitchcock
19736	-11.935089	▁scholar
19737	-11.935090	▁tubuh
19738	-11.935095	▁melawan
19739	-11.935100	▁estrella
19740	-11.935105	▁உரிமை
19741	-11.935155	▁работы
19742	-11.935168	▁perdana
19743	-11.935210	▁సుందర
19744	-11.935266	▁বর্ণনা
19745	-11.935471	▁ಬರೆಯ
19746	-11.935565	▁liquid
19747	-11.937016	ometri
19748	-11.937167	വെച്ച
19749	-11.937308	▁ಸಂಸ್ಕೃತಿ
19750	-11.937345	பூர்வ
19751	-11.937560	▁религи
19752	-11.938047	▁crítica
19753	-11.938047	▁développé
19754	-11.938047	▁kesultanan
19755	-11.938047	▁siècle
19756	-11.938047	▁необходим
19757	-11.938047	▁الفاظ
19758	-11.938047	▁معروف
19759	-11.938047	▁নির্দিষ্ট
19760	-11.938047	▁ધાર્મિક
19761	-11.938047	▁చలనచిత్ర
19762	-11.938051	conocimiento
19763	-11.938052	▁ভিন্ন
19764	-11.938055	▁address
19765	-11.938061	▁веществ
19766	-11.938064	▁মাঝে
19767	-11.938135	▁ಮಂಗಳ
19768	-11.938165	projekt
19769	-11.938237	▁улиц
19770	-11.938780	▁ਵਾਂਗ
19771	-11.938802	ುದರಿಂದ
19772	-11.939775	विषयी
19773	-11.940271	▁ಬೀರ
19774	-11.940594	▁établi
19775	-11.941014	▁jeweils
19776	-11.941014	▁pengetahuan
19777	-11.941014	▁कुटुंब
19778	-11.941014	▁ਪਰੰਪਰਾ
19779	-11.941014	▁ગયું
19780	-11.941014	▁ఉంటాయి
19781	-11.941014	▁మహిళ
19782	-11.941014	▁ധാരാളം
19783	-11.941018	▁churchill
19784	-11.941021	▁medicine
19785	-11.941072	▁bacteria
19786	-11.941088	▁അനുഭവ
19787	-11.941121	▁egypt
19788	-11.941308	▁iklim
19789	-11.941349	▁પેદા
19790	-11.941387	▁നീണ്ട
19791	-11.941516	পরিষদ
19792	-11.941527	▁ప్రసిద్ధి
19793	-11.942467	▁affair
19794	-11.942534	▁அடுத்து
19795	-11.943018	ಗೂಡ
19796	-11.943068	▁জার্মানি
19797	-11.943094	समोर
19798	-11.943391	ordinateur
19799	-11.943505	▁mendapat
19800	-11.943829	సహాయ
19801	-11.943991	contemporary
19802	-11.943991	પુરુષ
19803	-11.943991	▁academy
19804	-11.943991	▁contrôle
19805	-11.943991	▁octubre
19806	-11.943991	▁اضافہ
19807	-11.943991	▁ਘਟਨਾ
19808	-11.943995	▁ಜನವರಿ
19809	-11.943998	▁చూసి
19810	-11.944000	arrêt
19811	-11.944010	▁fossil
19812	-11.944020	▁ਫ਼ਰਾਂਸ
19813	-11.944032	▁ਭੇਜ
19814	-11.944035	▁భాగంగా
19815	-11.944041	▁খাদ্য
19816	-11.944045	▁طرز
19817	-11.944064	▁राष्ट्रपति
19818	-11.944336	▁عنہ
19819	-11.944481	религиозн
19820	-11.945183	▁precede
19821	-11.946070	പിടിച്ച
19822	-11.946102	zeichnet
19823	-11.946976	ursprünglich
19824	-11.946976	▁barcelona
19825	-11.946976	▁revolução
19826	-11.946976	▁вместе
19827	-11.946976	▁певица
19828	-11.946976	▁سیاست
19829	-11.946976	▁రోడ్లు
19830	-11.946976	▁ಇತ್ಯಾದಿ
19831	-11.946980	▁hardware
19832	-11.946982	▁entretanto
19833	-11.947006	▁proporciona
19834	-11.947019	▁golpe
19835	-11.947034	▁consulta
19836	-11.947035	▁ਕਪੂਰ
19837	-11.947050	▁ಸ್ವರೂಪ
19838	-11.947062	▁কেবল
19839	-11.947096	▁എഴുത്ത
19840	-11.947098	▁उपस्थित
19841	-11.947191	▁лидер
19842	-11.947229	▁পঞ্চ
19843	-11.947650	besuch
19844	-11.948497	▁génér
19845	-11.948554	▁segment
19846	-11.948677	▁ലക്ഷ്യ
19847	-11.948777	▁હાર્
19848	-11.949341	▁গাছ
19849	-11.949970	▁awareness
19850	-11.949970	▁décembre
19851	-11.949970	▁mehsoos
19852	-11.949970	▁здесь
19853	-11.949970	▁итальян
19854	-11.949970	▁радио
19855	-11.949970	▁हालांकि
19856	-11.949970	▁ઉલ્લેખ
19857	-11.949970	▁લશ્કર
19858	-11.949972	populacional
19859	-11.949993	▁codice
19860	-11.949999	▁tramite
19861	-11.950037	▁സ്വീകരിച്ച
19862	-11.950073	कडील
19863	-11.950125	▁২০১১
19864	-11.950182	▁پیرس
19865	-11.950288	вшего
19866	-11.950473	▁tibet
19867	-11.950616	▁estrela
19868	-11.951738	पोर्ट
19869	-11.952715	அடிப்படையில்
19870	-11.952972	▁princípio
19871	-11.952972	▁حوالے
19872	-11.952972	▁മനസ്സിലാക്ക
19873	-11.952973	▁pertempuran
19874	-11.952974	▁затем
19875	-11.952977	allemagne
19876	-11.952979	▁árbol
19877	-11.952980	mètre
19878	-11.952983	▁jullie
19879	-11.953013	▁proclama
19880	-11.953071	▁aircraft
19881	-11.953079	▁ખરીદ
19882	-11.953096	▁ஓவிய
19883	-11.953158	▁dispers
19884	-11.953241	▁ഒന്നാം
19885	-11.953250	▁existência
19886	-11.953358	▁ਨਵੇਂ
19887	-11.953370	▁تخت
19888	-11.953382	▁engels
19889	-11.953457	▁camb
19890	-11.954461	▁அடுத்த
19891	-11.954539	ాభి
19892	-11.954695	േഷന
19893	-11.954720	▁பயன
19894	-11.955045	▁число
19895	-11.955434	▁ಸಾಧಿಸ
19896	-11.955862	▁особ
19897	-11.955985	▁yogyakarta
19898	-11.955985	▁पहिली
19899	-11.955985	▁রবীন্দ্র
19900	-11.955985	▁ಕಾಂಗ್ರೆಸ್
19901	-11.955985	▁ಬೆಳವಣಿಗೆ
19902	-11.955986	▁delicious
19903	-11.955987	మోహన్
19904	-11.955987	▁ਅਕਸਰ
19905	-11.955987	▁പരീക്ഷ
19906	-11.955994	▁minyak
19907	-11.956022	▁ಸ್ವತಂತ್ರ
19908	-11.956168	▁hojas
19909	-11.956308	▁வைக்க
19910	-11.956491	▁உருசிய
19911	-11.956573	ാർഡ
19912	-11.956581	клон
19913	-11.957884	ಭದ್ರ
19914	-11.957900	▁ಆತ್ಮ
19915	-11.958434	▁அம்ம
19916	-11.958753	▁sprech
19917	-11.959006	▁lincoln
19918	-11.959006	▁مخصوص
19919	-11.959006	▁نمبر
19920	-11.959006	▁अंतर्गत
19921	-11.959006	▁ਜਨਰਲ
19922	-11.959006	▁హిందీ
19923	-11.959006	▁വൈദ്യുത
19924	-11.959007	▁münchen
19925	-11.959007	▁nintendo
19926	-11.959007	▁ಶಬ್ದ
19927	-11.959009	▁illustra
19928	-11.959010	▁lombard
19929	-11.959018	▁ਹਾਸਲ
19930	-11.959021	▁nucleo
19931	-11.959022	मूर्ती
19932	-11.959035	▁೧೫
19933	-11.959038	▁مالک
19934	-11.959039	▁جاپان
19935	-11.959048	▁లభించ
19936	-11.959059	▁ಸೇರಿದಂತೆ
19937	-11.959075	existence
19938	-11.959175	▁ગુરુ
19939	-11.959190	જ્જ
19940	-11.959210	▁customer
19941	-11.959305	schritt
19942	-11.959454	ेन्द्र
19943	-11.960134	സ്വഭാവ
19944	-11.960511	▁акт
19945	-11.960751	▁ಶ್ರ
19946	-11.961370	▁പെരു
19947	-11.961764	מרי
19948	-11.962036	▁academic
19949	-11.962036	▁altitude
19950	-11.962036	▁kesehatan
19951	-11.962036	▁اعلیٰ
19952	-11.962036	▁چھوٹے
19953	-11.962036	▁শহীদ
19954	-11.962036	▁ਬੰਗਾਲ
19955	-11.962037	▁alrededor
19956	-11.962037	▁विद्यार्थ
19957	-11.962039	▁masjid
19958	-11.962044	▁weltweit
19959	-11.962046	▁césar
19960	-11.962049	ಬಹುದಾಗಿದೆ
19961	-11.962060	▁ottoman
19962	-11.962099	▁gabriel
19963	-11.962689	▁મોકલ
19964	-11.963388	▁அடைந்த
19965	-11.964240	▁ਛਪ
19966	-11.964555	ஸ்திர
19967	-11.964634	▁infect
19968	-11.965075	▁pequeño
19969	-11.965075	▁फलंदाज
19970	-11.965075	▁ਸ਼੍ਰੀ
19971	-11.965075	▁વેચાણ
19972	-11.965075	▁గోదావరి
19973	-11.965076	▁efecto
19974	-11.965076	▁ਰਾਸ਼ਟਰਪਤੀ
19975	-11.965077	▁చైనా
19976	-11.965078	▁pandawa
19977	-11.965078	▁zarurat
19978	-11.965080	▁تحریر
19979	-11.965081	▁corporation
19980	-11.965081	▁teknik
19981	-11.965106	▁brazil
19982	-11.965185	▁महासागर
19983	-11.965209	▁wanita
19984	-11.965235	▁मोठी
19985	-11.965245	▁größten
19986	-11.966588	లాంటి
19987	-11.966640	ক্ক
19988	-11.967191	▁oxida
19989	-11.967351	సింహ
19990	-11.968123	▁প্রোগ্রাম
19991	-11.968124	▁lifestyle
19992	-11.968124	▁अंग्रेज़ी
19993	-11.968124	▁घोषित
19994	-11.968124	▁विद्युत
19995	-11.968124	▁જોઇએ
19996	-11.968124	▁નક્કી
19997	-11.968127	▁cahaya
19998	-11.968136	▁स्टेशन
19999	-11.968137	▁shaadi
20000	-11.968140	▁পর্বত
20001	-11.968206	শ্রম
20002	-11.968208	▁eingesetzt
20003	-11.968365	gebracht
20004	-11.968843	प्ट
20005	-11.968846	▁stimm
20006	-11.968893	▁precedente
20007	-11.969107	▁জ্ঞান
20008	-11.970198	ിരുന്നില്ല
20009	-11.970205	▁गेल्या
20010	-11.970391	ార్థ
20011	-11.970652	ਮੁਖੀ
20012	-11.970778	▁ರೀತಿ
20013	-11.971183	▁democratic
20014	-11.971183	▁dibentuk
20015	-11.971183	▁fevereiro
20016	-11.971183	▁literature
20017	-11.971183	▁superfície
20018	-11.971183	▁পরিকল্পনা
20019	-11.971183	▁ਬ੍ਰਿਟਿਸ਼
20020	-11.971183	▁ધરાવતી
20021	-11.971183	▁ஐரோப்பிய
20022	-11.971183	▁పంపిణీ
20023	-11.971183	▁ಧಾರ್ಮಿಕ
20024	-11.971184	▁conference
20025	-11.971184	▁producción
20026	-11.971184	▁মহিলা
20027	-11.971185	▁ക്രിസ്തു
20028	-11.971187	▁ഫ്രാൻസ
20029	-11.971196	▁chemical
20030	-11.971207	▁ടീമ
20031	-11.971231	స్వామివారి
20032	-11.971239	▁उदय
20033	-11.971265	▁વિજય
20034	-11.971322	▁అభి
20035	-11.971403	▁सिंध
20036	-11.971429	ostellazione
20037	-11.971567	прям
20038	-11.971675	▁восточно
20039	-11.972963	attuale
20040	-11.973321	▁metropolita
20041	-11.973454	▁ಗೆದ್ದ
20042	-11.973564	▁തുടർന്നു
20043	-11.974250	diperkirakan
20044	-11.974250	▁exército
20045	-11.974250	▁petróleo
20046	-11.974250	▁sowohl
20047	-11.974250	▁австрали
20048	-11.974250	▁принцип
20049	-11.974250	▁तत्कालीन
20050	-11.974250	▁संगठन
20051	-11.974250	▁অত্যন্ত
20052	-11.974250	▁ਇਲਾਕੇ
20053	-11.974250	▁ਥਿਊਰੀ
20054	-11.974250	▁ਪ੍ਰਾਚੀਨ
20055	-11.974250	▁આર્થિક
20056	-11.974250	▁મુંબઈ
20057	-11.974252	▁கப்பல்
20058	-11.974252	▁ಪ್ರಕಟಿಸ
20059	-11.974253	▁canadian
20060	-11.974256	▁કોલેજ
20061	-11.974257	▁વર્લ્ડ
20062	-11.974261	▁berdiri
20063	-11.974280	▁ಸುಂದರ
20064	-11.974319	▁تباہ
20065	-11.974534	▁എന്നിവിട
20066	-11.975912	ుచున్న
20067	-11.976064	ausgabe
20068	-11.976667	▁স্পেন
20069	-11.976956	▁చెబుత
20070	-11.977327	▁profesional
20071	-11.977327	▁افواج
20072	-11.977327	▁سنگھ
20073	-11.977327	▁जॉर्ज
20074	-11.977327	▁महात्मा
20075	-11.977327	▁ਪੈਂਦਾ
20076	-11.977327	▁ક્રિકેટ
20077	-11.977327	▁સપ્ટેમ્બર
20078	-11.977327	▁முதன்மை
20079	-11.977327	▁నిజామాబాద్
20080	-11.977327	▁సంరక్షణ
20081	-11.977328	▁కొరకు
20082	-11.977328	▁സ്ഥിര
20083	-11.977329	▁pesisir
20084	-11.977329	▁scuola
20085	-11.977329	▁బహు
20086	-11.977331	▁reflect
20087	-11.977333	▁bestehen
20088	-11.977335	▁प्रश्न
20089	-11.977341	▁ferdinand
20090	-11.977345	▁೨೦೧
20091	-11.977349	satunya
20092	-11.977383	▁उद्यान
20093	-11.977637	distribution
20094	-11.977899	▁ஆதரவ
20095	-11.977931	▁meningkat
20096	-11.977993	▁arrange
20097	-11.978245	▁ஜெய
20098	-11.978541	▁seguir
20099	-11.979170	ಗಳಿಗಿಂತ
20100	-11.979958	ಪ್ರದೇಶಗಳಲ್ಲಿ
20101	-11.980291	▁testament
20102	-11.980413	તિહાસિક
20103	-11.980413	▁politician
20104	-11.980413	▁بہترین
20105	-11.980413	▁निश्चित
20106	-11.980413	▁পাশাপাশি
20107	-11.980413	▁કામગીરી
20108	-11.980413	▁துடுப்பாட்ட
20109	-11.980413	▁ಎರಡನೆಯ
20110	-11.980413	▁ಮುಂಬಯಿ
20111	-11.980415	▁నిర్మాత
20112	-11.980422	▁સ્વીકાર
20113	-11.980427	▁ಲೇಖನ
20114	-11.980460	▁даже
20115	-11.980467	▁kematian
20116	-11.980625	▁cielo
20117	-11.980630	▁gustav
20118	-11.980831	▁einzige
20119	-11.981078	▁राजकारण
20120	-11.981854	attribut
20121	-11.982732	வேண்டிய
20122	-11.983156	▁construct
20123	-11.983509	▁succeed
20124	-11.983509	▁популяр
20125	-11.983509	▁औद्योगिक
20126	-11.983511	▁conselho
20127	-11.983511	▁erschien
20128	-11.983511	▁heavy
20129	-11.983511	▁semplice
20130	-11.983511	▁оказа
20131	-11.983512	▁companies
20132	-11.983522	▁personnage
20133	-11.983524	▁পাহাড়
20134	-11.983538	▁square
20135	-11.983561	▁নিয়ম
20136	-11.983586	▁સંયુક્ત
20137	-11.983646	▁എതിർ
20138	-11.983662	▁अंश
20139	-11.983987	▁fluid
20140	-11.984141	▁layla
20141	-11.984263	après
20142	-11.984872	പെട
20143	-11.985375	▁ಸೇರಿಸ
20144	-11.985643	▁ત્રિ
20145	-11.986066	▁jaaye
20146	-11.986479	▁સ્થિત
20147	-11.986614	▁പരാമർശ
20148	-11.986614	▁സൂചിപ്പിക്ക
20149	-11.986615	▁chocolate
20150	-11.986615	▁diciembre
20151	-11.986615	▁matematika
20152	-11.986615	▁surabaya
20153	-11.986615	▁первые
20154	-11.986615	▁خدمات
20155	-11.986615	▁মসজিদ
20156	-11.986615	▁મોટું
20157	-11.986615	▁మాత్రమే
20158	-11.986615	▁ಸಿದ್ಧಾಂತ
20159	-11.986615	▁പുരസ്കാര
20160	-11.986615	▁ഭഗവതി
20161	-11.986616	▁railway
20162	-11.986616	▁বোঝা
20163	-11.986617	prinzip
20164	-11.986619	▁должно
20165	-11.986622	▁ડાય
20166	-11.986628	▁ऐसी
20167	-11.986651	▁neutral
20168	-11.986737	▁secteur
20169	-11.986759	▁montagne
20170	-11.986775	▁religious
20171	-11.987735	instruction
20172	-11.987838	ಭೂತ
20173	-11.989730	▁septiembre
20174	-11.989730	▁sulawesi
20175	-11.989730	▁कृषि
20176	-11.989730	▁ਮੁਹੰਮਦ
20177	-11.989730	▁વાતાવરણ
20178	-11.989730	▁ಒಕ್ಕೂಟ
20179	-11.989731	శేఖర
20180	-11.989734	bücher
20181	-11.989734	▁غالب
20182	-11.989735	▁حرارت
20183	-11.989738	▁உறுதி
20184	-11.989742	▁உண்மை
20185	-11.989770	▁selalu
20186	-11.989846	▁பழைய
20187	-11.989884	వలసి
20188	-11.990239	▁दरवाज
20189	-11.990332	▁театр
20190	-11.990405	ీకరణ
20191	-11.990428	▁فضا
20192	-11.990474	▁pluto
20193	-11.990533	▁сын
20194	-11.990600	▁находи
20195	-11.990755	▁கீழ
20196	-11.992730	▁भेज
20197	-11.992855	▁anwendung
20198	-11.992855	▁disponible
20199	-11.992855	▁компьютер
20200	-11.992855	▁مولانا
20201	-11.992855	▁घोषणा
20202	-11.992855	▁वैदिक
20203	-11.992855	▁शुरुआत
20204	-11.992855	▁પ્રસિદ્ધ
20205	-11.992855	▁વડોદરા
20206	-11.992855	▁நிர்வாக
20207	-11.992855	▁ಅಂತಿಮ
20208	-11.992855	▁ಧ್ವನಿ
20209	-11.992855	▁ബ്രഹ്മ
20210	-11.992856	▁supérieur
20211	-11.992856	▁ನಿಯಂತ್ರಣ
20212	-11.992857	▁কার্যক্রম
20213	-11.992861	▁siempre
20214	-11.992862	▁زمانہ
20215	-11.992871	▁будет
20216	-11.992877	▁translation
20217	-11.992921	musulman
20218	-11.992939	óxido
20219	-11.993006	▁homework
20220	-11.993079	▁красно
20221	-11.994224	▁ఎదుర
20222	-11.994392	▁নিকট
20223	-11.994424	▁prevale
20224	-11.994720	ਬੰਧ
20225	-11.994809	▁данным
20226	-11.995031	▁celular
20227	-11.995241	▁ließ
20228	-11.995365	ম্ভ
20229	-11.995659	▁registro
20230	-11.995990	▁selanjutnya
20231	-11.995990	▁композитор
20232	-11.995990	▁छोटा
20233	-11.995990	▁ਆਉਂਦਾ
20234	-11.995990	▁వ్యక్తి
20235	-11.995990	▁ಪಾಕಿಸ್ತಾನ
20236	-11.995992	espagnol
20237	-11.995993	▁широко
20238	-11.995995	▁বিশ্বকাপ
20239	-11.996026	▁നിർദ്ദേശ
20240	-11.996037	▁commerce
20241	-11.996052	▁ಒಪ್ಪಂದ
20242	-11.996082	▁விரும்ப
20243	-11.996093	▁வருகிறது
20244	-11.996094	ிடையே
20245	-11.996110	▁वृक्ष
20246	-11.996113	▁प्रतीक
20247	-11.996215	сложн
20248	-11.996485	ಿರುವುದರಿಂದ
20249	-11.996666	ੈਂਸ
20250	-11.996698	▁ਇਸਲਾਮ
20251	-11.997228	▁கொண்டிருந்த
20252	-11.997472	ferenz
20253	-11.997662	▁psycholog
20254	-11.999079	▁sentiment
20255	-11.999135	▁berlangsung
20256	-11.999135	▁théâtre
20257	-11.999135	▁памятник
20258	-11.999135	▁специальн
20259	-11.999135	▁সম্রাট
20260	-11.999135	▁সেনাবাহিনী
20261	-11.999135	▁ਬੱਚਿਆਂ
20262	-11.999135	▁શ્રેષ્ઠ
20263	-11.999135	▁இரண்டாவது
20264	-11.999135	▁పశ్చిమ
20265	-11.999135	▁ತಂತ್ರಜ್ಞಾನ
20266	-11.999135	▁പൂർത്തിയാ
20267	-11.999136	▁retrouve
20268	-11.999137	▁ಜುಲೈ
20269	-11.999141	▁heritage
20270	-11.999168	▁outfit
20271	-11.999183	▁medical
20272	-11.999186	▁સરળ
20273	-11.999199	▁رہتا
20274	-11.999210	▁जेव्हा
20275	-11.999230	▁સ્ટેશન
20276	-11.999278	പ്പെടുകയും
20277	-11.999351	▁ഏഷ്യ
20278	-11.999384	▁batalla
20279	-11.999391	▁ਪਾਠ
20280	-11.999407	▁cultiva
20281	-11.999613	▁ahli
20282	-11.999829	▁ವೀರ
20283	-11.999990	▁శాసన
20284	-12.000243	ியுள்ளார்
20285	-12.000296	▁पद्म
20286	-12.000730	▁mexican
20287	-12.001440	испол
20288	-12.001489	▁ನಿರ್ದೇಶಕ
20289	-12.001756	લ્ફ
20290	-12.001893	▁കുറിച്ച
20291	-12.002141	▁যদি
20292	-12.002289	▁ਛੋਟੀ
20293	-12.002289	▁દિલ્હી
20294	-12.002290	▁histórica
20295	-12.002290	▁oggetti
20296	-12.002290	▁península
20297	-12.002290	▁باوجود
20298	-12.002290	▁অথবা
20299	-12.002290	▁ਅਸੀਂ
20300	-12.002290	▁ਵਿਭਾਗ
20301	-12.002290	▁ബിരുദ
20302	-12.002291	▁jupiter
20303	-12.002291	▁pequeña
20304	-12.002291	▁облада
20305	-12.002291	▁ಪ್ರಾಂತ್ಯ
20306	-12.002291	▁ആഫ്രിക്ക
20307	-12.002295	▁نسبت
20308	-12.002296	influenza
20309	-12.002297	▁प्रयास
20310	-12.002309	herrschaft
20311	-12.002320	▁ਡਿਗਰੀ
20312	-12.002353	anstalt
20313	-12.002992	▁развитие
20314	-12.003036	উদ্দিন
20315	-12.003615	▁ಸರಕಾರ
20316	-12.004515	▁করছে
20317	-12.004777	ebene
20318	-12.005453	gemeinschaft
20319	-12.005454	▁berakhir
20320	-12.005454	▁kebudayaan
20321	-12.005454	▁дипломат
20322	-12.005454	▁طویل
20323	-12.005454	▁ત્યારબાદ
20324	-12.005454	▁ફેરફાર
20325	-12.005454	▁அரசியல்வாதி
20326	-12.005455	▁گروہ
20327	-12.005456	▁dadurch
20328	-12.005458	▁japão
20329	-12.005458	▁পুলিশ
20330	-12.005461	▁రాజధాని
20331	-12.005506	▁ਕਾਫ਼ੀ
20332	-12.005507	▁প্রাণী
20333	-12.005542	േക്കാൾ
20334	-12.005586	▁jorge
20335	-12.006000	▁చంప
20336	-12.006556	▁మందుల
20337	-12.006996	▁ലഭിക്ക
20338	-12.007606	▁ਅਮਰ
20339	-12.007663	▁общественн
20340	-12.008628	তাত্ত্বিক
20341	-12.008629	▁territory
20342	-12.008629	▁ياني
20343	-12.008629	▁किंतु
20344	-12.008629	▁મુલાકાત
20345	-12.008629	▁ಅತ್ಯುತ್ತಮ
20346	-12.008630	▁aristotel
20347	-12.008630	▁চিকিৎসা
20348	-12.008630	▁புரட்சி
20349	-12.008631	▁molecular
20350	-12.008631	▁पश्चात
20351	-12.008632	వైపు
20352	-12.008633	▁membantu
20353	-12.008634	▁menetap
20354	-12.008635	▁رقبہ
20355	-12.008636	▁venezia
20356	-12.008636	▁ಜರ್ಮನಿ
20357	-12.008643	▁driving
20358	-12.008703	▁उत्तम
20359	-12.008738	▁ਦਰਜ
20360	-12.008806	▁complement
20361	-12.008846	▁diberi
20362	-12.008940	▁иванов
20363	-12.008991	▁நடவடிக்கை
20364	-12.009290	రామారావు
20365	-12.009297	▁ആത്മ
20366	-12.009323	▁লীগ
20367	-12.009494	▁ஜோ
20368	-12.009532	தொடர
20369	-12.009691	▁હેતુ
20370	-12.010087	govern
20371	-12.010096	▁સક્રિય
20372	-12.010447	ಎಚ್
20373	-12.010780	▁ટાઇ
20374	-12.011611	konsum
20375	-12.011747	qualifi
20376	-12.011813	▁músico
20377	-12.011813	▁semelhante
20378	-12.011813	▁موضوع
20379	-12.011813	▁કહ્યું
20380	-12.011815	ശതമാന
20381	-12.011815	▁ਯੁੱਧ
20382	-12.011815	▁గుర్తించ
20383	-12.011903	▁efek
20384	-12.011913	▁தயாரிக்க
20385	-12.011941	▁escrita
20386	-12.011941	▁অফিস
20387	-12.011975	▁ಕಳೆದ
20388	-12.012049	അദ്ദേഹത്തിന്
20389	-12.012163	முடியாத
20390	-12.012192	▁configura
20391	-12.012196	চাঁদ
20392	-12.012371	ફ્રે
20393	-12.012399	▁банк
20394	-12.012618	▁लोह
20395	-12.012881	ನಂತರ
20396	-12.014616	▁джон
20397	-12.015008	indépendance
20398	-12.015008	▁konflik
20399	-12.015008	▁municipio
20400	-12.015008	▁সোভিয়েত
20401	-12.015009	▁bersifat
20402	-12.015009	▁तत्त्व
20403	-12.015010	പുരുഷ
20404	-12.015010	▁ਸਾਂਝ
20405	-12.015014	▁isliye
20406	-12.015017	▁parliament
20407	-12.015022	▁યોગ્ય
20408	-12.015036	▁würde
20409	-12.015039	▁شیخ
20410	-12.015041	▁دریافت
20411	-12.015059	▁അണു
20412	-12.015079	▁یہودی
20413	-12.015099	▁destroy
20414	-12.015112	▁অবদান
20415	-12.015125	▁खिलाफ
20416	-12.015183	فضل
20417	-12.015241	▁ignore
20418	-12.015395	▁આવક
20419	-12.015734	रत्न
20420	-12.015801	▁manufactur
20421	-12.016274	▁விளையாட
20422	-12.016585	▁représente
20423	-12.016815	ദർശ
20424	-12.017676	▁definitiva
20425	-12.018188	▁கழக
20426	-12.018213	▁olahraga
20427	-12.018213	▁москве
20428	-12.018213	▁ذریعہ
20429	-12.018213	▁نتیجے
20430	-12.018213	▁२०११
20431	-12.018213	▁જવાબદાર
20432	-12.018213	▁વપરાશ
20433	-12.018213	▁ಹೋರಾಟ
20434	-12.018214	ಭೌತ
20435	-12.018214	▁સતત
20436	-12.018219	▁случае
20437	-12.018223	▁comunque
20438	-12.018240	▁gruppi
20439	-12.018250	▁ಮತ್ತೊಂದು
20440	-12.018285	▁വിശ്വസിക്ക
20441	-12.018314	▁प्यार
20442	-12.019035	▁पूरा
20443	-12.019406	▁هل
20444	-12.019547	யியல
20445	-12.019670	сообщени
20446	-12.020000	విషయ
20447	-12.020191	▁స్ప
20448	-12.021428	▁äußer
20449	-12.021428	▁விலங்கு
20450	-12.021429	▁insgesamt
20451	-12.021429	▁proyecto
20452	-12.021429	▁नोबेल
20453	-12.021429	▁ਮਗਰੋਂ
20454	-12.021429	▁આયોજન
20455	-12.021429	▁જોઈએ
20456	-12.021429	▁செருமனி
20457	-12.021429	▁மில்லியன்
20458	-12.021430	▁தொழிற்
20459	-12.021431	▁terremoto
20460	-12.021432	▁berubah
20461	-12.021432	▁ضروری
20462	-12.021432	▁வசதி
20463	-12.021433	▁મિલિયન
20464	-12.021454	▁average
20465	-12.021555	▁ઉમેર
20466	-12.021556	തവണ
20467	-12.021594	▁jacob
20468	-12.022145	▁mitglieder
20469	-12.022467	قدس
20470	-12.022614	त्मक
20471	-12.022998	▁૧૨
20472	-12.024522	oppose
20473	-12.024525	▁تیر
20474	-12.024654	▁behavior
20475	-12.024654	▁आंदोलन
20476	-12.024654	▁छोटी
20477	-12.024654	▁मतदारसंघ
20478	-12.024654	▁চেষ্টা
20479	-12.024654	▁বিদ্রোহ
20480	-12.024654	▁ਸਾਮਰਾਜ
20481	-12.024654	▁માન્યતા
20482	-12.024654	▁ಆಫ್ರಿಕಾ
20483	-12.024655	▁acuerdo
20484	-12.024655	▁দ্রুত
20485	-12.024655	▁প্রস্তাব
20486	-12.024658	▁eleições
20487	-12.024658	▁ખર્ચ
20488	-12.024659	▁afonso
20489	-12.024666	▁molekul
20490	-12.024670	ೋದ್ಯಮ
20491	-12.024673	▁gehören
20492	-12.024683	▁índia
20493	-12.024754	▁கணினி
20494	-12.025067	▁ಹರಡ
20495	-12.025088	▁ಸಾವಿರ
20496	-12.025591	রকম
20497	-12.025664	▁இயல
20498	-12.025680	hielt
20499	-12.025760	▁இதழ
20500	-12.026688	▁பயன்பட
20501	-12.027415	▁ਅੰਗਰੇਜ਼
20502	-12.027544	▁দর্শন
20503	-12.027889	береж
20504	-12.027891	▁domínio
20505	-12.027891	▁متعدد
20506	-12.027891	▁کنارے
20507	-12.027891	▁२००८
20508	-12.027891	▁ਇਮਾਰਤ
20509	-12.027891	▁చేశాడు
20510	-12.027892	▁dictionary
20511	-12.027893	▁travaux
20512	-12.027896	▁അതേ
20513	-12.027904	▁spesies
20514	-12.027907	▁کتب
20515	-12.027913	▁ವಿರೋಧ
20516	-12.027923	▁pdf
20517	-12.028237	▁costume
20518	-12.028666	▁rouge
20519	-12.028940	मोहन
20520	-12.029026	▁ಗಂಗ
20521	-12.029103	▁গ্যাস
20522	-12.029420	▁অধিকার
20523	-12.029655	▁ಮುಂದಿನ
20524	-12.030191	ಶ್ರಮ
20525	-12.031137	দৈর্ঘ্য
20526	-12.031137	పోయింది
20527	-12.031137	▁recupera
20528	-12.031137	▁ستمبر
20529	-12.031137	▁অন্তর্গত
20530	-12.031137	▁ਫਰਵਰੀ
20531	-12.031137	▁તમાકુ
20532	-12.031137	▁నలుగురు
20533	-12.031137	▁ನವೆಂಬರ್
20534	-12.031137	▁ಬಂಡವಾಳ
20535	-12.031138	▁pollution
20536	-12.031138	▁practical
20537	-12.031138	▁власть
20538	-12.031138	▁गाँव
20539	-12.031139	▁प्रस्ताव
20540	-12.031141	▁juillet
20541	-12.031142	മാർഗ്ഗ
20542	-12.031145	▁façon
20543	-12.031145	▁புனித
20544	-12.031147	▁ইন্ডিয়া
20545	-12.031154	▁цвет
20546	-12.031159	▁purpose
20547	-12.031186	▁ಜೂನ್
20548	-12.031235	▁உள்ளடக்க
20549	-12.032988	▁secure
20550	-12.033615	લ્ક
20551	-12.034253	▁ఈయన
20552	-12.034394	ప్రతిష్ఠ
20553	-12.034394	▁règle
20554	-12.034394	▁terbentuk
20555	-12.034394	▁продолжа
20556	-12.034394	▁পৌরসভা
20557	-12.034394	▁ಪರಮಾಣು
20558	-12.034395	পৃষ্ঠ
20559	-12.034395	స్థితి
20560	-12.034395	▁aluminium
20561	-12.034395	▁committee
20562	-12.034395	▁своего
20563	-12.034395	▁প্রাকৃতিক
20564	-12.034395	▁એન્જિન
20565	-12.034395	▁ಸರಾಸರಿ
20566	-12.034397	▁criminal
20567	-12.034397	▁மட்டும்
20568	-12.034398	▁स्रोत
20569	-12.034428	▁જણાવ્યું
20570	-12.034439	▁gigante
20571	-12.034442	▁избран
20572	-12.034468	▁cioè
20573	-12.034494	▁reproduc
20574	-12.034510	▁podría
20575	-12.034731	ാത്മ
20576	-12.034743	ശാഖ
20577	-12.035467	▁ಅನಿಲ
20578	-12.035593	நூற்றாண்டில்
20579	-12.037127	▁говори
20580	-12.037663	connaissance
20581	-12.037663	▁kebijakan
20582	-12.037663	▁matemático
20583	-12.037663	▁méthode
20584	-12.037663	▁supposed
20585	-12.037663	▁বৌদ্ধ
20586	-12.037663	▁નોંધપાત્ર
20587	-12.037663	▁પ્રખ્યાત
20588	-12.037663	▁గ్రంథాలయం
20589	-12.037663	▁మార్కెట్
20590	-12.037663	▁ഏതാണ്ട്
20591	-12.037663	▁തമ്മിൽ
20592	-12.037663	▁khushboo
20593	-12.037663	▁malgré
20594	-12.037663	▁menjabat
20595	-12.037663	▁कादंबरी
20596	-12.037664	▁തത്ത്വ
20597	-12.037666	▁округ
20598	-12.037675	▁lokasi
20599	-12.037682	▁অণু
20600	-12.037773	▁контрол
20601	-12.037879	▁நினைவ
20602	-12.037980	▁அழக
20603	-12.037992	▁реформ
20604	-12.038215	▁verifica
20605	-12.039268	হীন
20606	-12.039856	▁größere
20607	-12.040941	▁einfluss
20608	-12.040941	▁mendirikan
20609	-12.040941	▁mémoire
20610	-12.040941	▁verbreitet
20611	-12.040941	▁تاکہ
20612	-12.040941	▁आसपास
20613	-12.040941	▁একাধিক
20614	-12.040941	▁મહારાષ્ટ્ર
20615	-12.040941	▁રાજકીય
20616	-12.040941	▁விளையாட்டு
20617	-12.040941	▁ಮೌಲ್ಯ
20618	-12.040942	▁московск
20619	-12.040944	▁فراہم
20620	-12.040944	▁आरंभ
20621	-12.040944	▁ईश्वर
20622	-12.040945	▁espanha
20623	-12.040949	▁comunale
20624	-12.040951	▁официально
20625	-12.040953	▁pièce
20626	-12.040954	▁papua
20627	-12.040957	▁ಅಧಿಕೃತ
20628	-12.040962	▁ఎన్నికల
20629	-12.040975	▁ਬੱਚੇ
20630	-12.040977	▁bosnia
20631	-12.040980	▁океан
20632	-12.041004	▁социалист
20633	-12.041013	▁majeur
20634	-12.041102	▁जहाज
20635	-12.041216	▁monitor
20636	-12.041438	▁अवस्था
20637	-12.041585	▁અટક
20638	-12.041716	▁имени
20639	-12.041980	▁محا
20640	-12.042095	നേതാവ
20641	-12.042337	ಗಳಿಗಾಗಿ
20642	-12.043444	▁തുടങ്ങ
20643	-12.043596	▁૧૯૧
20644	-12.044194	ющая
20645	-12.044230	▁మద్రాసు
20646	-12.044230	▁ಮದುವೆ
20647	-12.044230	▁സേവന
20648	-12.044231	▁práctica
20649	-12.044231	▁انھوں
20650	-12.044231	▁ممکن
20651	-12.044231	▁अप्रैल
20652	-12.044231	▁প্রচুর
20653	-12.044234	▁milliard
20654	-12.044236	▁terrible
20655	-12.044242	▁basketball
20656	-12.044243	▁sumatra
20657	-12.044245	▁જેટલા
20658	-12.044246	▁തലസ്ഥാന
20659	-12.044331	möglichkeit
20660	-12.044334	▁towards
20661	-12.044900	▁matéria
20662	-12.046131	▁ಭಾಷಾ
20663	-12.046978	▁especie
20664	-12.047531	▁ਅਜਿਹੀ
20665	-12.047531	▁ਅੰਮ੍ਰਿਤਸਰ
20666	-12.047531	▁ਲੁਧਿਆਣਾ
20667	-12.047531	▁ਹਿੱਸੇ
20668	-12.047531	▁એપ્રિલ
20669	-12.047531	▁భూమి
20670	-12.047531	▁​​
20671	-12.047532	▁febrero
20672	-12.047535	▁عدالت
20673	-12.047547	bezirk
20674	-12.047548	▁மனைவி
20675	-12.047553	മീറ്ററ
20676	-12.047649	▁riguarda
20677	-12.047684	▁samuel
20678	-12.047755	креп
20679	-12.047849	▁ಬೀಜ
20680	-12.048040	▁главе
20681	-12.048101	▁ചേർന്നു
20682	-12.048112	▁statue
20683	-12.050842	▁olímpico
20684	-12.050842	▁troisième
20685	-12.050842	▁walaupun
20686	-12.050842	▁মহাসাগর
20687	-12.050842	▁નવેમ્બર
20688	-12.050843	▁octobre
20689	-12.050843	▁متاثر
20690	-12.050843	▁व्याख्या
20691	-12.050843	▁ਪਛਾਣ
20692	-12.050844	untersuchung
20693	-12.050844	▁ಅಭಿನಯ
20694	-12.050846	▁dortmund
20695	-12.050860	ntertainment
20696	-12.050863	▁ಗಾತ್ರ
20697	-12.050866	▁confident
20698	-12.050867	▁leaving
20699	-12.050868	▁೧೬
20700	-12.050873	▁قیمت
20701	-12.050873	▁મિશ્ર
20702	-12.050888	▁masculin
20703	-12.050964	▁చదువ
20704	-12.050988	ándose
20705	-12.051085	▁andorra
20706	-12.051562	దుర్గ
20707	-12.051671	▁ಸಂಸ್ಕೃತ
20708	-12.051994	▁धारा
20709	-12.052301	▁admira
20710	-12.052937	കോവില
20711	-12.054165	কাহিনী
20712	-12.054165	▁soekarno
20713	-12.054165	▁ಘೋಷಿಸ
20714	-12.054168	▁seseorang
20715	-12.054170	▁presença
20716	-12.054171	▁siguiente
20717	-12.054193	▁शास्त्रीय
20718	-12.054257	utilisation
20719	-12.054275	▁conosce
20720	-12.054359	▁செயல
20721	-12.054507	கொள்வ
20722	-12.054729	▁ചേർന്ന്
20723	-12.054790	▁membrana
20724	-12.055482	ാസന
20725	-12.055951	sequenz
20726	-12.056643	brücke
20727	-12.056644	▁ਰੋਗ
20728	-12.056990	దొర
20729	-12.057255	ющего
20730	-12.057288	▁যুগে
20731	-12.057497	▁пассажир
20732	-12.057497	▁трёх
20733	-12.057498	▁singapura
20734	-12.057499	▁исключ
20735	-12.057499	▁தமது
20736	-12.057499	▁ತಮಿಳು
20737	-12.057507	▁তালিকা
20738	-12.057559	gebildet
20739	-12.057562	▁اوپر
20740	-12.057610	▁ਪਤਨੀ
20741	-12.057624	▁forever
20742	-12.057649	▁cannot
20743	-12.057971	ómico
20744	-12.058565	▁సహాయక
20745	-12.058588	▁વોલ્
20746	-12.058857	▁ক্রি
20747	-12.059731	▁catalog
20748	-12.059832	▁ваш
20749	-12.060207	▁средств
20750	-12.060333	▁कन्या
20751	-12.060843	সম্পন্ন
20752	-12.060843	▁econômico
20753	-12.060843	▁elizabeth
20754	-12.060843	▁крестьян
20755	-12.060843	▁आयोजित
20756	-12.060843	▁प्रदर्शित
20757	-12.060843	▁সন্তান
20758	-12.060843	▁ಭೇಟಿ
20759	-12.060843	▁പിന്തുണ
20760	-12.060843	▁bergabung
20761	-12.060843	▁بطور
20762	-12.060843	▁ಬೆಂಗಳೂರಿನ
20763	-12.060845	▁وجود
20764	-12.060845	▁স্ত্রী
20765	-12.060846	expansion
20766	-12.060847	▁раствор
20767	-12.060851	▁wedding
20768	-12.060862	▁distrik
20769	-12.062244	▁решение
20770	-12.062792	räum
20771	-12.064198	▁صحیح
20772	-12.064198	▁নিহত
20773	-12.064198	▁విష్ణు
20774	-12.064198	▁കോഴിക്കോട്
20775	-12.064199	▁alcohol
20776	-12.064199	▁женщин
20777	-12.064219	പുരാണ
20778	-12.064276	▁నియమ
20779	-12.066167	▁విషయం
20780	-12.066955	▁ભજવ
20781	-12.066984	▁ਲੋੜ
20782	-12.067195	▁పుట్ట
20783	-12.067565	iculièrement
20784	-12.067565	écrivain
20785	-12.067565	используется
20786	-12.067565	▁themselves
20787	-12.067565	▁صوبے
20788	-12.067565	▁വലിപ്പ
20789	-12.067566	▁memperoleh
20790	-12.067566	▁índice
20791	-12.067566	▁جولائی
20792	-12.067566	▁مقصد
20793	-12.067567	▁শান্তি
20794	-12.067569	▁применя
20795	-12.067570	▁earlier
20796	-12.067571	▁ricorda
20797	-12.067572	▁सांगितले
20798	-12.067573	▁ശബ്ദ
20799	-12.067574	▁wesentlich
20800	-12.067575	▁proportion
20801	-12.067580	▁ಕ್ರಾಂತಿ
20802	-12.067606	ాచార్య
20803	-12.067606	മൃഗ
20804	-12.067641	▁giochi
20805	-12.067642	▁ચૂક
20806	-12.067652	▁കഴിവ
20807	-12.067656	▁ساحل
20808	-12.067658	▁adolf
20809	-12.067859	accueil
20810	-12.068337	▁museu
20811	-12.069521	защит
20812	-12.069624	▁જરૂર
20813	-12.070944	▁خوبصورت
20814	-12.070944	▁மாகாண
20815	-12.070944	▁ఏప్రిల్
20816	-12.070944	▁ಅಸ್ತಿತ್ವ
20817	-12.070949	▁महिन्या
20818	-12.070949	▁ਚਿੱਤਰ
20819	-12.070951	▁ticket
20820	-12.070951	▁dafür
20821	-12.070964	▁dimostra
20822	-12.070969	▁kitchen
20823	-12.070986	▁latitud
20824	-12.071021	▁ಮಹತ್ವ
20825	-12.071052	▁यज्ञ
20826	-12.071056	યુક્ત
20827	-12.071061	▁andrew
20828	-12.071105	▁raggiunge
20829	-12.071189	▁पाठव
20830	-12.071314	gewicht
20831	-12.071361	▁adicion
20832	-12.071790	▁നേരിട്ട
20833	-12.072847	▁જોડાયેલ
20834	-12.073742	produkt
20835	-12.074283	▁उत्पाद
20836	-12.074333	ликобритании
20837	-12.074333	▁menemukan
20838	-12.074333	▁noroeste
20839	-12.074333	▁responsable
20840	-12.074333	▁институт
20841	-12.074333	▁तालुका
20842	-12.074333	▁पत्थर
20843	-12.074333	▁पुलिस
20844	-12.074333	▁ತಾಲ್ಲೂಕಿನ
20845	-12.074333	▁ವ್ಯತ್ಯಾಸ
20846	-12.074334	▁ਅਵਾਰਡ
20847	-12.074335	▁dipakai
20848	-12.074338	▁amount
20849	-12.074342	▁برابر
20850	-12.074343	spruch
20851	-12.074357	▁૧૭
20852	-12.074363	▁ಕೀಟ
20853	-12.074391	▁lunch
20854	-12.074397	▁ਹਜ਼ਾਰ
20855	-12.074408	▁branco
20856	-12.074431	▁আলোচনা
20857	-12.074485	▁رحم
20858	-12.074635	▁পক্ষে
20859	-12.074674	ಗೀತೆ
20860	-12.075175	▁நீண்ட
20861	-12.075362	põe
20862	-12.076941	സെന്റ
20863	-12.077000	▁ಕರೆಯಲಾಗ
20864	-12.077518	▁നേതൃത്വ
20865	-12.077735	indipendenza
20866	-12.077735	వార్తాపత్రిక
20867	-12.077735	▁assembleia
20868	-12.077735	▁mengikuti
20869	-12.077735	▁ग्रन्थ
20870	-12.077735	▁ইংল্যান্ড
20871	-12.077735	▁রেকর্ড
20872	-12.077735	▁সিদ্ধান্ত
20873	-12.077735	▁ਅਜਿਹੇ
20874	-12.077735	▁ਮੁਸਲਮਾਨ
20875	-12.077735	▁ਵਿਦਿਆਰਥੀ
20876	-12.077735	▁புகழ்
20877	-12.077735	▁வரலாற்று
20878	-12.077735	▁స్త్రీ
20879	-12.077735	▁ಕಾನೂನು
20880	-12.077738	▁ఆంగ్ల
20881	-12.077741	നൃത്ത
20882	-12.077742	▁extinta
20883	-12.077821	▁получа
20884	-12.077847	technische
20885	-12.077868	ajout
20886	-12.078947	▁beech
20887	-12.079514	плот
20888	-12.079518	▁ലഭിക്കുന്ന
20889	-12.079816	gänge
20890	-12.080757	chemische
20891	-12.081148	কাঠামো
20892	-12.081148	​
20893	-12.081148	▁pembentukan
20894	-12.081148	▁pertahanan
20895	-12.081148	▁империи
20896	-12.081148	▁немецкий
20897	-12.081148	▁поздн
20898	-12.081148	▁سربراہ
20899	-12.081148	▁अमेरिकी
20900	-12.081148	▁हिमालय
20901	-12.081148	▁আলাদা
20902	-12.081148	▁ટૂંક
20903	-12.081148	▁അറബി
20904	-12.081149	▁escuela
20905	-12.081149	▁mengambil
20906	-12.081149	▁पराभव
20907	-12.081149	▁கிரேக்க
20908	-12.081151	▁chhote
20909	-12.081154	▁పరపతి
20910	-12.081162	▁وسیع
20911	-12.081193	▁ਗੈਰ
20912	-12.081252	▁নাটক
20913	-12.081277	▁joueur
20914	-12.081647	papier
20915	-12.081661	முருக
20916	-12.082420	രേഖപ്പെടുത്ത
20917	-12.082658	▁തീരുമാന
20918	-12.082734	ിലേയ്ക്ക
20919	-12.083206	▁അവതരിപ്പി
20920	-12.083360	▁ಬ್ಲ
20921	-12.084286	▁emplea
20922	-12.084573	departamento
20923	-12.084573	पृष्ठ
20924	-12.084573	▁cheezein
20925	-12.084573	▁نومبر
20926	-12.084573	▁विद्यालय
20927	-12.084573	▁संदर्भ
20928	-12.084573	▁संविधान
20929	-12.084573	▁સંદર્ભ
20930	-12.084573	▁ಡಿಸೆಂಬರ್
20931	-12.084573	▁ഫെബ്രുവരി
20932	-12.084573	▁മുഴുവൻ
20933	-12.084574	▁अगस्त
20934	-12.084576	▁മുതലായ
20935	-12.084579	▁స్నేహ
20936	-12.084591	▁उत्सव
20937	-12.084592	▁overall
20938	-12.084596	▁exchange
20939	-12.084598	▁circun
20940	-12.084598	▁ebenso
20941	-12.084676	ಈ
20942	-12.085038	▁technologi
20943	-12.085415	глуб
20944	-12.086855	ాడని
20945	-12.087956	▁monete
20946	-12.088009	dibandingkan
20947	-12.088009	▁essentielle
20948	-12.088009	▁responsável
20949	-12.088009	▁âmbito
20950	-12.088009	▁лондон
20951	-12.088009	▁தெற்கு
20952	-12.088009	▁ജ്യോതി
20953	-12.088010	▁יכול
20954	-12.088010	▁মুজিব
20955	-12.088010	▁સિસ્ટમ
20956	-12.088013	▁সহায়তা
20957	-12.088014	▁давай
20958	-12.088017	▁couleur
20959	-12.088019	▁becoming
20960	-12.088020	▁begitu
20961	-12.088027	▁ആക്രമണ
20962	-12.088048	▁bilangan
20963	-12.088051	▁ਪੂਰਬੀ
20964	-12.088054	▁आकाश
20965	-12.088072	▁sakit
20966	-12.088204	irlande
20967	-12.088287	▁besoin
20968	-12.088334	▁ਬੈਠ
20969	-12.088387	▁കവിത
20970	-12.088398	▁ayuda
20971	-12.088407	stärke
20972	-12.088471	▁இராச
20973	-12.088523	▁rileva
20974	-12.088652	vertrag
20975	-12.088787	సృష్టి
20976	-12.089067	▁funziona
20977	-12.089927	▁వ్యాస
20978	-12.090379	ുമായുള്ള
20979	-12.090661	▁अंग्रेज
20980	-12.090977	कर्ता
20981	-12.091457	▁bangladesh
20982	-12.091457	▁corrisponde
20983	-12.091457	▁düsseldorf
20984	-12.091457	▁específica
20985	-12.091457	▁zusätzlich
20986	-12.091457	▁تنظیم
20987	-12.091457	▁वृद्धि
20988	-12.091457	▁અસ્તિત્વ
20989	-12.091457	▁వ్యతిరేక
20990	-12.091458	▁انعام
20991	-12.091458	▁کونسل
20992	-12.091459	geschrieben
20993	-12.091459	▁रसायन
20994	-12.091463	▁belakang
20995	-12.091469	▁ਹਮਲਾ
20996	-12.092105	ಾತ್ಮ
20997	-12.092182	▁ಬದಲಾಗ
20998	-12.092185	▁నవల
20999	-12.092318	▁существова
21000	-12.094080	▁bulgar
21001	-12.094460	technologie
21002	-12.094589	ஊ
21003	-12.094917	▁consiglio
21004	-12.094917	▁newspaper
21005	-12.094917	▁رہنما
21006	-12.094917	▁जुलाई
21007	-12.094917	▁येथून
21008	-12.094917	▁અંદાજ
21009	-12.094917	▁ઓક્ટોબર
21010	-12.094917	▁સમસ્યા
21011	-12.094917	▁நோபல்
21012	-12.094917	▁పరిశ్రమ
21013	-12.094918	▁mengandung
21014	-12.094918	▁publique
21015	-12.094920	gefähr
21016	-12.094926	▁اگست
21017	-12.094929	verbindungen
21018	-12.094935	▁elected
21019	-12.094941	▁jatuh
21020	-12.094985	▁doença
21021	-12.094987	▁গ্রিক
21022	-12.095160	▁suburb
21023	-12.095197	▁ఆనంద
21024	-12.095264	▁fernseh
21025	-12.096677	▁dreh
21026	-12.097307	communist
21027	-12.098358	▁சுந்தர
21028	-12.098389	▁శ్రీనివాస
21029	-12.098390	physics
21030	-12.098390	▁pronuncia
21031	-12.098390	▁ಜಗತ್ತಿನ
21032	-12.098390	▁ನಡುವಿನ
21033	-12.098391	▁നിയന്ത്രണ
21034	-12.098392	▁membangun
21035	-12.098392	▁জুড়ে
21036	-12.098395	ೊಮ್ಮೆ
21037	-12.098402	sicherheit
21038	-12.098463	algebra
21039	-12.098505	▁cardinal
21040	-12.098883	▁హనుమ
21041	-12.098967	▁ఆత్మ
21042	-12.099225	▁ਚਰਚ
21043	-12.099464	▁изменен
21044	-12.099858	ుకుంది
21045	-12.099988	▁personaggi
21046	-12.100893	▁व्यक्त
21047	-12.101114	கிறான்
21048	-12.101382	ாலய
21049	-12.101873	▁ಒತ್ತಡ
21050	-12.101874	▁agrícola
21051	-12.101874	▁byzantin
21052	-12.101874	▁penelitian
21053	-12.101874	▁художник
21054	-12.101874	▁محبت
21055	-12.101874	▁ہمیشہ
21056	-12.101874	▁ऋषि
21057	-12.101874	▁દર્શાવે
21058	-12.101874	▁નિયંત્રણ
21059	-12.101874	▁ಪೈಕಿ
21060	-12.101874	▁ಸೂಕ್ಷ್ಮ
21061	-12.101875	▁आचार्य
21062	-12.101875	▁ಲೇಖಕ
21063	-12.101877	▁asleep
21064	-12.101877	▁spreek
21065	-12.101890	నాయుడు
21066	-12.101891	▁kalender
21067	-12.101898	▁fayda
21068	-12.102676	▁mondial
21069	-12.103008	ಭೇದ
21070	-12.103168	était
21071	-12.103564	ificar
21072	-12.103962	зависимости
21073	-12.104280	transportasi
21074	-12.104458	▁химическ
21075	-12.105040	মূল্য
21076	-12.105371	স্বাস্থ্য
21077	-12.105371	▁connaît
21078	-12.105371	▁struggle
21079	-12.105371	▁जागतिक
21080	-12.105371	▁பேருந்து
21081	-12.105371	▁ಘಟನೆ
21082	-12.105371	▁ಸಾಕಷ್ಟು
21083	-12.105374	▁audience
21084	-12.105374	▁ਪੱਤਰਕਾਰ
21085	-12.105376	▁ஈடுபட்ட
21086	-12.105386	▁ਲਿਪੀ
21087	-12.105408	▁przy
21088	-12.105529	▁внешн
21089	-12.106056	östlich
21090	-12.107299	ировать
21091	-12.107944	игра
21092	-12.108879	extrême
21093	-12.108879	মুক্তিযোদ্ধা
21094	-12.108879	▁campeonato
21095	-12.108879	▁ketinggian
21096	-12.108879	▁દિશામાં
21097	-12.108879	▁સામ્રાજ્ય
21098	-12.108880	▁ಮಾತನಾಡ
21099	-12.108880	▁സംഭാവന
21100	-12.108883	▁itália
21101	-12.108886	▁மீட்டர்
21102	-12.108889	▁ಅದಕ್ಕೆ
21103	-12.108992	▁वापस
21104	-12.109076	▁gratuit
21105	-12.109119	▁नोंद
21106	-12.109149	డతాడు
21107	-12.109291	▁stefan
21108	-12.109293	membran
21109	-12.109298	ನಾಡಿನ
21110	-12.109397	ोत्तर
21111	-12.109762	▁இம்ம
21112	-12.110553	gewinn
21113	-12.110978	cionado
21114	-12.111396	▁имел
21115	-12.111713	▁ಆಸ್ಟ್ರೇಲಿಯ
21116	-12.112342	▁ابتدا
21117	-12.112400	▁بجائے
21118	-12.112400	▁उद्देश्य
21119	-12.112400	▁জমিদার
21120	-12.112400	▁মৌসুম
21121	-12.112400	▁শিক্ষক
21122	-12.112401	enseignement
21123	-12.112401	ಶ್ಲೇಷ
21124	-12.112402	▁पाँच
21125	-12.112402	▁ದಶಕದ
21126	-12.112410	▁interface
21127	-12.112415	▁ਭੈਣ
21128	-12.112422	▁memory
21129	-12.112466	▁compromis
21130	-12.112672	▁exclu
21131	-12.112742	register
21132	-12.112851	▁കാലഘട്ട
21133	-12.112878	▁procede
21134	-12.112968	▁শীত
21135	-12.113468	metropolitan
21136	-12.113578	смотр
21137	-12.114264	ಐ
21138	-12.114500	▁baith
21139	-12.115895	యుద్ధం
21140	-12.115934	▁atmosphere
21141	-12.115934	▁पहचान
21142	-12.115934	▁அரசாங்க
21143	-12.115934	▁ఏటీఎమ్
21144	-12.115934	▁ಅಕ್ಟೋಬರ್
21145	-12.115940	▁બંગાળ
21146	-12.115941	▁ਨਿਯਮ
21147	-12.115952	▁సైన్య
21148	-12.115958	▁ಅಂತ್ಯ
21149	-12.115975	▁élevé
21150	-12.115984	▁અનુભવ
21151	-12.115994	▁ಏಕೆಂದರೆ
21152	-12.116045	▁reserve
21153	-12.116055	ক্ষেপ
21154	-12.116202	संभव
21155	-12.116554	▁સંસ્કૃત
21156	-12.118937	▁социал
21157	-12.119229	▁keluar
21158	-12.119479	geschäft
21159	-12.119480	▁económico
21160	-12.119480	▁ovvero
21161	-12.119480	▁इन्हें
21162	-12.119480	▁म्हटले
21163	-12.119480	▁তাপমাত্রা
21164	-12.119480	▁ਕੱਢ
21165	-12.119480	▁ಸಂಪ್ರದಾಯ
21166	-12.119481	▁memilih
21167	-12.119482	▁prodotti
21168	-12.119482	▁सहायक
21169	-12.119483	▁engineering
21170	-12.119483	▁താലൂക്ക
21171	-12.119486	▁átomo
21172	-12.119491	▁ಸಮೀಪ
21173	-12.119493	▁પ્રકાશિત
21174	-12.119493	▁ఐదు
21175	-12.119550	▁domestic
21176	-12.119551	▁രക്ത
21177	-12.119591	prüf
21178	-12.119631	▁സാധിക്ക
21179	-12.119707	▁désigne
21180	-12.119775	alliance
21181	-12.119788	▁વાહન
21182	-12.119895	▁judge
21183	-12.120002	owned
21184	-12.121126	ഫലമായി
21185	-12.123037	▁உறுப்பினர்
21186	-12.123038	▁श्रेणी
21187	-12.123038	▁ಅಳವಡಿಸ
21188	-12.123038	▁ಮಾಧ್ಯಮ
21189	-12.123039	pengembangan
21190	-12.123039	▁disponibil
21191	-12.123039	▁perjalanan
21192	-12.123039	▁principle
21193	-12.123039	▁python
21194	-12.123039	▁اپریل
21195	-12.123039	▁بغاوت
21196	-12.123039	▁सूचना
21197	-12.123039	▁অঙ্গরাজ্য
21198	-12.123039	▁দার্শনিক
21199	-12.123039	▁সিস্টেম
21200	-12.123039	▁కార్యకర్త
21201	-12.123039	▁ಖಾಸಗಿ
21202	-12.123039	▁ದೆಹಲಿ
21203	-12.123043	▁thailand
21204	-12.123047	bibliothek
21205	-12.123047	▁लघु
21206	-12.123064	▁ਵਾਪਸ
21207	-12.123075	▁ਸੁੰਦਰ
21208	-12.123093	▁месяц
21209	-12.123192	▁బయట
21210	-12.123857	▁deposit
21211	-12.124134	ಶಂಕರ
21212	-12.124189	തിനാല
21213	-12.124276	▁وکٹ
21214	-12.124812	▁चतुर
21215	-12.125255	▁elettroni
21216	-12.125610	राष्ट्र
21217	-12.126610	gratulations
21218	-12.126610	സാങ്കേതിക
21219	-12.126610	▁penerbangan
21220	-12.126611	▁gelombang
21221	-12.126611	▁போராட்ட
21222	-12.126611	▁നമ്പൂതിരി
21223	-12.126613	▁জায়গা
21224	-12.126613	▁ਆਬਾਦੀ
21225	-12.126636	▁innovation
21226	-12.126670	kategori
21227	-12.126677	▁оборон
21228	-12.126692	▁defesa
21229	-12.127329	▁plastic
21230	-12.127336	▁poema
21231	-12.127540	लिखित
21232	-12.127549	approche
21233	-12.128509	▁ਟਿ
21234	-12.130195	kenntnis
21235	-12.130195	▁rápido
21236	-12.130195	▁sydney
21237	-12.130195	▁انقلاب
21238	-12.130195	▁مطلب
21239	-12.130195	▁مقابلے
21240	-12.130195	▁छत्रपती
21241	-12.130195	▁व्यावसायिक
21242	-12.130195	▁२००७
21243	-12.130195	▁ਜ਼ਿੰਦਗੀ
21244	-12.130195	▁முழுவதும்
21245	-12.130197	▁ತಿಳಿಯ
21246	-12.130202	▁knew
21247	-12.130204	▁સુંદર
21248	-12.130209	▁બિલ
21249	-12.130218	sätze
21250	-12.130222	▁retreat
21251	-12.130226	ಲ್ಯಾಂಡ್
21252	-12.130230	▁litoral
21253	-12.130239	േശ്വര
21254	-12.130292	▁trasforma
21255	-12.130301	▁છૂટ
21256	-12.130479	▁கிடைத்த
21257	-12.130495	ారని
21258	-12.130504	▁sociedad
21259	-12.131307	▁சதுர
21260	-12.131954	▁университет
21261	-12.133375	ுமாறு
21262	-12.133791	▁નાગરિક
21263	-12.133791	▁ఉద్యోగ
21264	-12.133792	చ్ఛ
21265	-12.133792	▁ابراہیم
21266	-12.133792	▁కారణంగా
21267	-12.133793	▁août
21268	-12.133793	▁گورنر
21269	-12.133796	▁replaced
21270	-12.133862	▁નીકળ
21271	-12.133882	explique
21272	-12.134058	▁index
21273	-12.134350	▁bowl
21274	-12.134585	గూడ
21275	-12.135524	▁suicid
21276	-12.135834	ുന്നതിനായി
21277	-12.136298	oficialmente
21278	-12.136805	▁వచ్చే
21279	-12.137103	tengah
21280	-12.137401	▁ప్రకటించ
21281	-12.137402	▁descoberta
21282	-12.137402	▁expensive
21283	-12.137402	▁workshop
21284	-12.137402	▁हैदराबाद
21285	-12.137402	▁বিস্তৃত
21286	-12.137402	▁ਗਿਰਜਾਘਰ
21287	-12.137402	▁பேரூராட்சி
21288	-12.137402	▁ಬೌದ್ಧ
21289	-12.137403	▁revolusi
21290	-12.137408	▁ग्रीक
21291	-12.137431	▁પસંદગી
21292	-12.137433	▁પ્રયાસ
21293	-12.137444	ాబాద్
21294	-12.137450	▁chanson
21295	-12.137473	▁பிரபல
21296	-12.137551	▁female
21297	-12.137552	engembangkan
21298	-12.137671	▁conecta
21299	-12.137829	▁స్థానిక
21300	-12.141025	gründung
21301	-12.141025	▁católico
21302	-12.141025	▁голосов
21303	-12.141025	▁خلیفہ
21304	-12.141025	▁یافتہ
21305	-12.141025	▁मुख्यमंत्री
21306	-12.141025	▁ਖਿਡਾਰੀ
21307	-12.141025	▁ફ્રેન્ચ
21308	-12.141025	▁ರಾಸಾಯನಿಕ
21309	-12.141026	சுவாமி
21310	-12.141026	▁мэри
21311	-12.141026	▁символ
21312	-12.141026	▁സ്ഥാപിക്ക
21313	-12.141028	▁usuario
21314	-12.141030	▁डोंगर
21315	-12.141030	▁ചടങ്ങ
21316	-12.141031	▁ದೊರಕ
21317	-12.141034	▁близ
21318	-12.141042	▁подписан
21319	-12.141044	▁அமைச்ச
21320	-12.141046	▁hungaria
21321	-12.141047	▁ਸ਼ਹੀਦ
21322	-12.141052	▁फुट
21323	-12.141057	▁поэтому
21324	-12.141108	▁दाखव
21325	-12.141120	▁పోషించ
21326	-12.143296	കാണപ്പെടുന്ന
21327	-12.144661	orthodox
21328	-12.144661	ಲಕ್ಷ್ಮ
21329	-12.144661	▁responsible
21330	-12.144661	▁söyle
21331	-12.144661	▁órbita
21332	-12.144661	▁объём
21333	-12.144661	▁टेनिस
21334	-12.144661	▁ਸ਼ੈਲੀ
21335	-12.144661	▁సాధారణ
21336	-12.144661	▁ಭಿನ್ನ
21337	-12.144662	▁darüber
21338	-12.144662	▁પુનઃ
21339	-12.144663	மூர்த்தி
21340	-12.144665	▁alessandr
21341	-12.144665	▁значительно
21342	-12.144665	▁অভিযান
21343	-12.144666	▁رہائش
21344	-12.144671	▁tulisan
21345	-12.144672	পোর্ট
21346	-12.144673	▁కుమారుడు
21347	-12.144674	▁पंडित
21348	-12.144678	▁করবে
21349	-12.144681	▁население
21350	-12.144682	▁básica
21351	-12.144684	▁సత్యనారాయణ
21352	-12.144685	▁организации
21353	-12.144687	▁کرنسی
21354	-12.144697	▁emotions
21355	-12.144720	▁urbain
21356	-12.144872	రత్న
21357	-12.144976	▁നീക്ക
21358	-12.145380	▁வாழ்வ
21359	-12.145618	▁नीति
21360	-12.146125	▁பார்க்க
21361	-12.146781	▁acepta
21362	-12.146848	▁ವಿವರಿಸ
21363	-12.148004	amour
21364	-12.148311	▁mencakup
21365	-12.148311	▁казахстан
21366	-12.148311	▁سڑک
21367	-12.148311	▁অধ্যাপক
21368	-12.148311	▁উপস্থিত
21369	-12.148311	▁સંચાલન
21370	-12.148311	▁ಗ್ರೆಗೋರಿಯನ್
21371	-12.148312	▁הזה
21372	-12.148312	▁نظم
21373	-12.148312	▁সক্ষম
21374	-12.148314	▁suficiente
21375	-12.148320	▁વધારા
21376	-12.148326	▁धातु
21377	-12.148330	▁معاشی
21378	-12.148335	▁дуже
21379	-12.148345	independente
21380	-12.148346	▁влияние
21381	-12.148359	▁preserva
21382	-12.148390	▁свято
21383	-12.148400	▁holland
21384	-12.148549	▁отказ
21385	-12.148693	▁कल्पना
21386	-12.148940	▁आवाज
21387	-12.149538	▁konstant
21388	-12.150103	ificação
21389	-12.150887	angelo
21390	-12.151973	▁हिंदु
21391	-12.151974	▁keamanan
21392	-12.151974	▁renaissance
21393	-12.151974	▁большой
21394	-12.151974	▁ફેબ્રુઆરી
21395	-12.151974	▁સામાજિક
21396	-12.151974	▁చదివిన
21397	-12.151974	▁ಗಣರಾಜ್ಯ
21398	-12.151975	ത്തുടർന്ന്
21399	-12.151975	▁menolak
21400	-12.151975	▁железнодоро
21401	-12.151975	▁જેટલી
21402	-12.151977	▁प्रतिशत
21403	-12.151978	▁jornal
21404	-12.151978	▁quickly
21405	-12.151979	▁itself
21406	-12.151986	▁présence
21407	-12.151991	▁distanza
21408	-12.152821	leitung
21409	-12.154065	▁ગરમ
21410	-12.154895	▁எடுக்க
21411	-12.155650	ಬೇಕೆಂದು
21412	-12.155650	യുടേയും
21413	-12.155650	▁display
21414	-12.155650	▁perbatasan
21415	-12.155650	▁२००४
21416	-12.155650	▁প্রজাতন্ত্র
21417	-12.155650	▁તાપમાન
21418	-12.155650	▁పోలీసు
21419	-12.155650	▁సొసైటీ
21420	-12.155650	▁ಅರಣ್ಯ
21421	-12.155650	▁ಆಳ್ವಿಕೆ
21422	-12.155650	▁ಪರೀಕ್ಷೆ
21423	-12.155650	▁സ്വന്തം
21424	-12.155651	▁encourage
21425	-12.155651	▁squadra
21426	-12.155652	▁संग्रहालय
21427	-12.155658	▁గొప్ప
21428	-12.155667	▁కన్నడ
21429	-12.155670	▁પરંપરાગત
21430	-12.155671	▁bolivia
21431	-12.155681	▁కాలువ
21432	-12.155714	▁alimentos
21433	-12.155750	empereur
21434	-12.155840	▁принима
21435	-12.155891	▁જૈન
21436	-12.156287	ً
21437	-12.156377	▁ਅਪਣ
21438	-12.156458	ಹೈಡ್ರ
21439	-12.158449	▁റോഡ
21440	-12.158919	चालक
21441	-12.159253	▁petrol
21442	-12.159340	▁dólares
21443	-12.159340	▁ejército
21444	-12.159340	▁gregoriano
21445	-12.159340	▁встреча
21446	-12.159340	▁которое
21447	-12.159340	▁настоящее
21448	-12.159340	▁существует
21449	-12.159340	▁ضرورت
21450	-12.159340	▁சுதந்திர
21451	-12.159340	▁కొనసాగ
21452	-12.159340	▁മുഹമ്മദ്
21453	-12.159341	▁избира
21454	-12.159341	▁தொடர்பான
21455	-12.159341	▁వ్యాపార
21456	-12.159348	▁движения
21457	-12.159349	▁abraham
21458	-12.159350	▁कानून
21459	-12.159375	▁وطن
21460	-12.159436	▁klima
21461	-12.159438	▁levou
21462	-12.159629	ഉ
21463	-12.161844	▁દુર્
21464	-12.163044	▁academia
21465	-12.163044	▁plutôt
21466	-12.163044	▁благо
21467	-12.163044	▁выборы
21468	-12.163044	▁сценарист
21469	-12.163044	▁किन्तु
21470	-12.163044	▁ਨਿਰਮਾਣ
21471	-12.163044	▁હિસ્સો
21472	-12.163044	▁ఆగష్టు
21473	-12.163045	▁ਤਬਦੀਲ
21474	-12.163047	▁మాత్రం
21475	-12.163052	▁બન્યું
21476	-12.163055	▁ਜ਼ਰੂਰ
21477	-12.163066	▁domingo
21478	-12.163071	▁૧૬
21479	-12.163083	▁ਮੀਟਰ
21480	-12.163098	ländische
21481	-12.163239	▁ਪ੍ਰੇਮ
21482	-12.163336	▁adquir
21483	-12.163541	▁പതിപ്പ
21484	-12.163703	▁અમલ
21485	-12.163828	▁அறிந்த
21486	-12.163969	▁ধীরে
21487	-12.164245	▁хозяйств
21488	-12.164268	ਵਿਗਿਆਨ
21489	-12.166008	▁показ
21490	-12.166761	▁genutzt
21491	-12.166761	▁математик
21492	-12.166761	▁إلى
21493	-12.166761	▁بغیر
21494	-12.166761	▁विश्वचषक
21495	-12.166761	▁આકર્ષ
21496	-12.166761	▁రష్యా
21497	-12.166762	productivity
21498	-12.166762	▁அடையாள
21499	-12.166763	▁मुझे
21500	-12.166764	പോലുള്ള
21501	-12.166764	▁vittoria
21502	-12.166765	▁extension
21503	-12.166768	▁صلى
21504	-12.166773	▁پتھر
21505	-12.166779	▁طلب
21506	-12.166782	▁beziehung
21507	-12.166789	ਿਸਤਾਨ
21508	-12.166799	▁ਜਾਪਾਨ
21509	-12.166806	▁parlamentar
21510	-12.166810	▁વર્ણન
21511	-12.166859	▁pendek
21512	-12.167036	▁agrupa
21513	-12.167038	▁собак
21514	-12.167480	▁வெளியேற
21515	-12.168547	ਬੰਦੀ
21516	-12.168620	▁अंदाज
21517	-12.168998	▁જણાવ
21518	-12.169230	বিদ্যালয়ে
21519	-12.169846	литовск
21520	-12.169893	वचन
21521	-12.170437	▁явля
21522	-12.170492	▁விவசாய
21523	-12.170493	പണ്ഡിത
21524	-12.170493	▁principaux
21525	-12.170493	▁समुदाय
21526	-12.170493	▁সৈন্য
21527	-12.170493	▁பிரெஞ்சு
21528	-12.170493	▁సుమారు
21529	-12.170493	▁അകലെ
21530	-12.170495	▁دولت
21531	-12.170496	▁abitanti
21532	-12.170497	▁matlab
21533	-12.170498	▁দেখে
21534	-12.170499	▁aksara
21535	-12.170506	▁threat
21536	-12.170506	▁೧೯೨
21537	-12.170506	▁avril
21538	-12.170521	inicialmente
21539	-12.170538	▁alcanza
21540	-12.170542	▁তুলে
21541	-12.170552	▁പുതു
21542	-12.170555	▁ਸੜਕ
21543	-12.170579	▁राहिले
21544	-12.170721	▁ਫੇਰ
21545	-12.172173	ಉ
21546	-12.173510	▁ઊભ
21547	-12.173664	▁உறவ
21548	-12.174238	exploitation
21549	-12.174238	свобожд
21550	-12.174238	▁طریقہ
21551	-12.174238	▁ਬਾਦਸ਼ਾਹ
21552	-12.174239	▁acontece
21553	-12.174239	▁dangerous
21554	-12.174239	▁penguasa
21555	-12.174239	▁കോടതി
21556	-12.174241	chrétien
21557	-12.174244	kunft
21558	-12.174244	▁ਬੈਂਕ
21559	-12.174267	▁सड़क
21560	-12.174268	intérieur
21561	-12.174281	▁प्रदर्शन
21562	-12.174305	▁acesso
21563	-12.174856	▁ચલાવ
21564	-12.174938	▁назначен
21565	-12.175302	▁வேண்ட
21566	-12.177997	▁প্রতিযোগিতা
21567	-12.177998	▁représenté
21568	-12.177998	▁velocità
21569	-12.177998	▁ریلوے
21570	-12.177998	▁قلعہ
21571	-12.177998	▁ऊर्जा
21572	-12.177998	▁पुढील
21573	-12.177998	▁प्रस्तुत
21574	-12.177998	▁व्यापक
21575	-12.177998	▁सुरक्षा
21576	-12.177998	▁हृदय
21577	-12.177998	▁அதாவது
21578	-12.177998	▁ಬೃಹತ್
21579	-12.177998	▁ಬೆಂಗಳೂರು
21580	-12.177998	▁ವ್ಯವಹಾರ
21581	-12.177998	▁ವ್ಯಾಪಕ
21582	-12.177999	▁санкт
21583	-12.177999	▁ಫ್ರಾನ್ಸ್
21584	-12.177999	▁lässt
21585	-12.178000	▁bologna
21586	-12.178004	▁संगणक
21587	-12.178006	▁condições
21588	-12.178011	▁മാർച്ച്
21589	-12.178012	तन्त्र
21590	-12.178014	▁dharma
21591	-12.178016	▁మాట్లాడ
21592	-12.178036	▁новый
21593	-12.178115	▁عطا
21594	-12.178123	▁сформирова
21595	-12.178220	திறன்
21596	-12.178361	▁riporta
21597	-12.178444	▁понима
21598	-12.179034	நூற்றாண்டின்
21599	-12.179341	உ
21600	-12.179877	াউন্ড
21601	-12.180185	ఈ
21602	-12.180351	ெடுத்த
21603	-12.180492	передач
21604	-12.180498	autorité
21605	-12.180838	▁മകന
21606	-12.180943	ভিত্তিক
21607	-12.181771	chwindigkeit
21608	-12.181771	▁incredible
21609	-12.181771	▁rápida
21610	-12.181771	▁иностранн
21611	-12.181771	▁осуществля
21612	-12.181771	▁مصنف
21613	-12.181771	▁ਅੰਤਰਰਾਸ਼ਟਰੀ
21614	-12.181771	▁ਸਗੋਂ
21615	-12.181771	▁નવલકથા
21616	-12.181771	▁இத்தாலிய
21617	-12.181771	▁சராசரி
21618	-12.181771	▁ವಾತಾವರಣ
21619	-12.181771	▁അന്തരീക്ഷ
21620	-12.181771	▁ജൂലൈ
21621	-12.181772	▁વ્યાપાર
21622	-12.181773	▁போரில்
21623	-12.181773	▁సీతారామ
21624	-12.181775	▁ਸਿਸਟਮ
21625	-12.181777	▁статус
21626	-12.181779	▁clothes
21627	-12.181792	▁कल्याण
21628	-12.181798	▁ശക്തമായ
21629	-12.181804	ouvrage
21630	-12.181852	▁પર્વત
21631	-12.181916	▁தொகுப்ப
21632	-12.181969	▁евро
21633	-12.182394	തുടർന്ന
21634	-12.183640	▁pretend
21635	-12.184550	▁broadcast
21636	-12.185558	▁ಸಮುದಾಯ
21637	-12.185559	▁résultat
21638	-12.185559	▁церкви
21639	-12.185559	▁электрон
21640	-12.185559	▁चरित्र
21641	-12.185559	▁२००६
21642	-12.185559	▁শ্রেষ্ঠ
21643	-12.185559	▁રેલ્વે
21644	-12.185559	▁రీడింగ్
21645	-12.185559	▁ഡിസംബർ
21646	-12.185560	▁वस्तू
21647	-12.185562	▁कहीं
21648	-12.185566	▁સ્પષ્ટ
21649	-12.185578	▁easily
21650	-12.185580	▁conocida
21651	-12.185595	▁एखाद
21652	-12.185616	ഭേദ
21653	-12.185619	▁soldier
21654	-12.185630	▁পার্টি
21655	-12.185699	▁ഭാര്യ
21656	-12.185714	stimme
21657	-12.185787	▁obriga
21658	-12.186069	▁সিলেট
21659	-12.187297	ಬಸವ
21660	-12.188698	▁খ্রিষ্টাব্দ
21661	-12.188803	meninggalkan
21662	-12.189360	▁തയ്യാറ
21663	-12.189361	▁পৌঁছ
21664	-12.189361	▁గుంటూరు
21665	-12.189362	statunitense
21666	-12.189362	▁célèbre
21667	-12.189362	▁keputusan
21668	-12.189362	▁mussolini
21669	-12.189362	▁теории
21670	-12.189362	▁ابھی
21671	-12.189362	▁सर्वश्रेष्ठ
21672	-12.189362	▁ઓગસ્ટ
21673	-12.189362	▁நடிகர்
21674	-12.189362	▁ಪುರಾಣ
21675	-12.189363	▁নিম্ন
21676	-12.189363	▁اسکول
21677	-12.189364	▁ಸೂಕ್ತ
21678	-12.189366	▁историк
21679	-12.189367	▁ਜ਼ਮੀਨ
21680	-12.189368	▁consumo
21681	-12.189370	▁பின்பற்ற
21682	-12.189372	▁স্টেশন
21683	-12.189376	▁जैव
21684	-12.189391	▁১৯৯০
21685	-12.189474	▁humaine
21686	-12.189701	▁यादव
21687	-12.189751	▁revue
21688	-12.189807	ónimo
21689	-12.190069	écriture
21690	-12.191585	ધ્ધ
21691	-12.192489	ഓ
21692	-12.192835	▁பார்த்த
21693	-12.193096	ическом
21694	-12.193178	▁filipina
21695	-12.193178	▁naissance
21696	-12.193178	▁offiziell
21697	-12.193178	▁tionghoa
21698	-12.193178	▁депутат
21699	-12.193178	▁جاسکتا
21700	-12.193178	▁प्रत्यक्ष
21701	-12.193178	▁ਦਿੰਦੇ
21702	-12.193178	▁અગિયાર
21703	-12.193179	▁árvore
21704	-12.193181	▁михаил
21705	-12.193183	▁ഗണപതി
21706	-12.193186	▁ബ്രിട്ട
21707	-12.193189	▁mexico
21708	-12.193193	പ്രവർത്തക
21709	-12.193227	▁критик
21710	-12.193372	▁pendiri
21711	-12.193395	▁ਐਕਟ
21712	-12.193557	പൂർവ്വ
21713	-12.194466	▁impedi
21714	-12.197009	fondamentale
21715	-12.197009	▁प्राकृतिक
21716	-12.197009	▁উপকূল
21717	-12.197009	▁সামাজিক
21718	-12.197009	▁ಮಹಿಳೆಯರ
21719	-12.197010	▁jesús
21720	-12.197010	▁ਹਲਕਾ
21721	-12.197017	▁mengatakan
21722	-12.197024	▁جذب
21723	-12.197038	schaffen
21724	-12.197042	▁profesor
21725	-12.197042	▁जमीन
21726	-12.197051	▁ಪ್ರತಿನಿಧಿ
21727	-12.197064	▁следующ
21728	-12.197070	ಗೃಹ
21729	-12.197103	સમૂહ
21730	-12.197133	এইচ
21731	-12.197371	neptun
21732	-12.197563	▁damage
21733	-12.197961	▁escape
21734	-12.198205	▁కల్ప
21735	-12.198253	▁научно
21736	-12.198611	▁ভোট
21737	-12.199296	িডিয়া
21738	-12.199554	عارف
21739	-12.200294	▁колони
21740	-12.200624	▁ಉದಾಹರಣೆ
21741	-12.200854	миллион
21742	-12.200855	শাস্ত্র
21743	-12.200855	ವಾರ್ಷಿಕ
21744	-12.200855	▁découverte
21745	-12.200855	▁economía
21746	-12.200855	▁kekaisaran
21747	-12.200855	▁mathematics
21748	-12.200855	▁portugis
21749	-12.200855	▁документ
21750	-12.200855	▁اقوام
21751	-12.200855	▁تسلیم
21752	-12.200855	▁ലേഖന
21753	-12.200856	▁indépendant
21754	-12.200857	▁flugzeug
21755	-12.200857	▁металл
21756	-12.200858	▁kabinet
21757	-12.200869	▁સેન્ટર
21758	-12.200871	▁കീഴിൽ
21759	-12.200873	▁সড়ক
21760	-12.200881	▁survey
21761	-12.200891	▁menikah
21762	-12.200923	▁dvd
21763	-12.200940	▁ಪ್ರೀತಿ
21764	-12.201075	emploi
21765	-12.201094	ógrafo
21766	-12.201135	frequenz
21767	-12.201235	▁soutien
21768	-12.201273	ешь
21769	-12.201296	▁ಸೈನ್ಯ
21770	-12.202055	▁insect
21771	-12.202140	lógico
21772	-12.202176	मधे
21773	-12.203119	▁భీమ
21774	-12.203482	elefant
21775	-12.204696	▁પરંપરા
21776	-12.204717	▁importância
21777	-12.204717	▁necessary
21778	-12.204717	▁noviembre
21779	-12.204717	▁موسیقی
21780	-12.204717	▁सर्वप्रथम
21781	-12.204717	▁२०१०
21782	-12.204717	▁ਇੰਡੀਆ
21783	-12.204717	▁ઉંમર
21784	-12.204717	▁തമ്മിലുള്ള
21785	-12.204718	▁douglas
21786	-12.204718	▁болгар
21787	-12.204718	▁книж
21788	-12.204719	техническ
21789	-12.204720	▁arjuna
21790	-12.204722	▁தொழில்நுட்ப
21791	-12.204725	▁chapter
21792	-12.204732	▁sociais
21793	-12.204739	▁bantuan
21794	-12.204747	▁اکبر
21795	-12.204756	▁ਚੰਦਰ
21796	-12.204765	ശൈലി
21797	-12.204800	▁istemal
21798	-12.205600	▁ಮಂತ್ರಿ
21799	-12.206850	ट्रि
21800	-12.206990	▁ಆಚರಿಸ
21801	-12.207232	ుకొన్న
21802	-12.207740	▁পৃথিবী
21803	-12.208025	▁результат
21804	-12.208413	పాలీటెక్నిక్
21805	-12.208592	▁líquido
21806	-12.208592	▁rencontre
21807	-12.208592	▁soviétique
21808	-12.208592	▁verwendung
21809	-12.208592	▁whether
21810	-12.208592	▁благодаря
21811	-12.208592	▁واضح
21812	-12.208592	▁इन्होंने
21813	-12.208592	▁ग्रामीण
21814	-12.208592	▁युनायटेड
21815	-12.208592	▁रेलवे
21816	-12.208592	▁२००१
21817	-12.208592	▁পৃথক
21818	-12.208592	▁ਡਾਕਟਰ
21819	-12.208592	▁મોટાભાગના
21820	-12.208592	▁સિદ્ધાંત
21821	-12.208592	▁ചക്രവർത്തി
21822	-12.208592	▁സ്കൂള
21823	-12.208593	▁секрет
21824	-12.208593	▁روشنی
21825	-12.208593	▁நாடாளுமன்ற
21826	-12.208594	▁పర్వత
21827	-12.208597	▁உலோக
21828	-12.208601	▁ਕਲੱਬ
21829	-12.208601	▁ધાતુ
21830	-12.208605	▁அமைதி
21831	-12.208606	▁ஏனைய
21832	-12.208633	▁ফেলে
21833	-12.208704	▁muestra
21834	-12.208800	▁participe
21835	-12.208972	▁sostitu
21836	-12.211571	durchschnitt
21837	-12.212392	ব্রি
21838	-12.212483	▁activity
21839	-12.212483	▁littérature
21840	-12.212483	▁struggling
21841	-12.212483	▁دراصل
21842	-12.212483	▁ਛੋਟਾ
21843	-12.212483	▁ਮਹਾਰਾਜਾ
21844	-12.212484	▁espacial
21845	-12.212484	▁অভ্যন্তর
21846	-12.212484	▁નેશનલ
21847	-12.212484	▁રાજધાની
21848	-12.212484	▁ബുദ്ധമത
21849	-12.212485	▁citizen
21850	-12.212485	▁किनारे
21851	-12.212491	▁людей
21852	-12.212494	▁distancia
21853	-12.212499	▁ਕਾਨੂੰਨ
21854	-12.212500	▁வேதியிய
21855	-12.212506	▁dépend
21856	-12.212510	▁jaldi
21857	-12.212615	రాఘవ
21858	-12.212845	▁vertical
21859	-12.212872	ാരംഭ
21860	-12.213004	▁உரோம
21861	-12.213274	▁codifica
21862	-12.213351	সম্পদ
21863	-12.213488	▁கடந்த
21864	-12.214911	ируют
21865	-12.214928	schreibung
21866	-12.216390	▁flexibility
21867	-12.216390	▁mendukung
21868	-12.216390	▁उसमें
21869	-12.216390	▁एकदिवसीय
21870	-12.216390	▁विष्णू
21871	-12.216390	▁विस्तृत
21872	-12.216390	▁வரலாறு
21873	-12.216390	▁ಗುಂಪು
21874	-12.216390	▁കമ്പ്യൂട്ടർ
21875	-12.216390	▁താപനില
21876	-12.216390	▁പ്രത്യക്ഷ
21877	-12.216391	▁اوسط
21878	-12.216392	▁teaching
21879	-12.216392	▁ഗവേഷണ
21880	-12.216401	▁термин
21881	-12.216404	espagne
21882	-12.216406	spiegel
21883	-12.216417	▁zunehmend
21884	-12.216422	▁लौट
21885	-12.216426	ફ્ટ
21886	-12.216467	▁दर्जा
21887	-12.217834	▁update
21888	-12.218558	▁அமைத்த
21889	-12.219472	ురాలు
21890	-12.219705	▁europäische
21891	-12.219992	позиц
21892	-12.220311	▁bagaimana
21893	-12.220311	▁berbentuk
21894	-12.220311	▁выборах
21895	-12.220311	▁چونکہ
21896	-12.220311	▁असल्याचे
21897	-12.220311	▁पारितोषिक
21898	-12.220311	▁ਕੰਪਿਊਟਰ
21899	-12.220311	▁ਗਰੁੱਪ
21900	-12.220311	▁અત્યાર
21901	-12.220311	▁అంతర్జాతీయ
21902	-12.220311	▁అలాగే
21903	-12.220311	▁మార్కెటింగ్
21904	-12.220312	▁alemania
21905	-12.220320	▁purchase
21906	-12.220321	प्रभु
21907	-12.220325	▁ಸ್ಥಿರ
21908	-12.220326	▁nuovi
21909	-12.220345	▁મળ્યા
21910	-12.220612	▁envolve
21911	-12.220981	▁அளித்த
21912	-12.221402	syarat
21913	-12.222980	▁strange
21914	-12.224248	▁اصطلاح
21915	-12.224249	▁dipilih
21916	-12.224249	▁phénomène
21917	-12.224249	▁príncipe
21918	-12.224249	▁vollständig
21919	-12.224249	▁рсфср
21920	-12.224249	▁سلسلے
21921	-12.224249	▁یونین
21922	-12.224249	▁आफ्रिके
21923	-12.224249	▁రైలు
21924	-12.224249	▁సమీకృత
21925	-12.224249	▁നവംബർ
21926	-12.224250	▁തെരഞ്ഞെടു
21927	-12.224253	▁ಸಂಕೇತ
21928	-12.224256	▁ಪತ್ತೆ
21929	-12.224268	▁plural
21930	-12.224331	affront
21931	-12.224348	▁chinois
21932	-12.224373	▁nähe
21933	-12.224801	▁сельско
21934	-12.225354	кисл
21935	-12.225751	particularly
21936	-12.226642	informatique
21937	-12.227302	വാഹന
21938	-12.228201	▁ऑलिंपिक
21939	-12.228201	▁रामायण
21940	-12.228201	▁लक्ष्मण
21941	-12.228201	▁सरस्वती
21942	-12.228201	▁ਫ਼ਾਰਸੀ
21943	-12.228201	▁ફક્ત
21944	-12.228201	▁தேர்ந்தெடு
21945	-12.228203	▁berwarna
21946	-12.228203	▁virginia
21947	-12.228205	▁کشمیر
21948	-12.228212	▁വളർത്ത
21949	-12.228214	▁ਮਾਡਲ
21950	-12.228220	construcción
21951	-12.228220	▁politics
21952	-12.228223	▁свойств
21953	-12.228264	amérique
21954	-12.228294	▁ইতালি
21955	-12.228361	▁получен
21956	-12.229659	▁propriedade
21957	-12.230751	bibl
21958	-12.231475	ಚಕ್ರ
21959	-12.232169	ೋತ್ಸವ
21960	-12.232169	▁sebbene
21961	-12.232169	▁تخلیق
21962	-12.232169	▁مجھے
21963	-12.232169	▁इत्यादि
21964	-12.232169	▁संरक्षण
21965	-12.232169	▁তুলনায়
21966	-12.232169	▁પ્રયત્ન
21967	-12.232169	▁ಪ್ರಸ್ತುತ
21968	-12.232169	▁ಮೇಲ್ಮೈ
21969	-12.232170	▁মুসলমান
21970	-12.232173	▁vittorio
21971	-12.232197	▁সাহিত্যিক
21972	-12.232212	▁primavera
21973	-12.232240	ాబాదు
21974	-12.232242	▁behtar
21975	-12.232249	▁സഹായിക്ക
21976	-12.232268	печат
21977	-12.232347	ಬೋಧ
21978	-12.232914	angkut
21979	-12.233051	ிலிருந்த
21980	-12.233433	▁பதின
21981	-12.234097	traditionnel
21982	-12.234633	ಕೂಟ
21983	-12.236153	▁собственно
21984	-12.236153	▁ఉత్సవ
21985	-12.236154	▁fácil
21986	-12.236154	▁рассматрива
21987	-12.236154	▁آواز
21988	-12.236154	▁مطالعہ
21989	-12.236154	▁চিন্তা
21990	-12.236154	▁ਹੁਸ਼ਿਆਰਪੁਰ
21991	-12.236154	▁મગફળી
21992	-12.236154	▁સંકળાયેલ
21993	-12.236154	▁கவிஞர்
21994	-12.236154	▁ಯಶಸ್ವಿ
21995	-12.236154	▁ಸಂವಿಧಾನ
21996	-12.236155	▁catholique
21997	-12.236155	▁tamaño
21998	-12.236156	menggantikan
21999	-12.236156	ജാത
22000	-12.236163	▁حامل
22001	-12.236164	▁славян
22002	-12.236197	▁अच्छा
22003	-12.236229	યંત્ર
22004	-12.236237	▁tradizional
22005	-12.236300	▁albania
22006	-12.236318	▁equipo
22007	-12.236425	নায়ক
22008	-12.237072	बाबत
22009	-12.237479	▁señal
22010	-12.237556	വിദ്യാഭ്യാസം
22011	-12.238090	భారత
22012	-12.239225	toxic
22013	-12.239247	независим
22014	-12.240152	▁çalış
22015	-12.240153	ਸੰਗ੍ਰਹਿ
22016	-12.240153	▁sekaligus
22017	-12.240153	▁toulouse
22018	-12.240153	▁तीव्र
22019	-12.240153	▁संस्कार
22020	-12.240153	▁மங்கோலிய
22021	-12.240154	▁ধ্বংস
22022	-12.240155	▁agregada
22023	-12.240156	▁तुलना
22024	-12.240156	▁मदद
22025	-12.240157	▁कोशिका
22026	-12.240161	▁возраст
22027	-12.240164	▁সুন্দর
22028	-12.240177	भूषण
22029	-12.240193	▁നോവല
22030	-12.240373	ipotesi
22031	-12.240375	▁benannt
22032	-12.240831	ഗീത
22033	-12.240952	▁sanct
22034	-12.241384	▁composti
22035	-12.241434	▁земле
22036	-12.241629	▁cabr
22037	-12.243002	▁sensibil
22038	-12.243401	adaptation
22039	-12.244169	അന്താരാഷ്ട്ര
22040	-12.244169	സമ്പ്രദായ
22041	-12.244169	▁künstler
22042	-12.244169	▁nécessaire
22043	-12.244169	▁pemberontak
22044	-12.244169	▁prueba
22045	-12.244169	▁अग्नि
22046	-12.244169	▁प्राथमिक
22047	-12.244169	▁সংগঠন
22048	-12.244169	▁ਕਸ਼ਮੀਰ
22049	-12.244169	▁ਕੈਨੇਡਾ
22050	-12.244169	▁ઘટાડો
22051	-12.244169	▁નેટવર્ક
22052	-12.244169	▁લીધો
22053	-12.244169	▁ಕ್ರೈಸ್ತ
22054	-12.244169	▁ഏപ്രിൽ
22055	-12.244170	▁આવતો
22056	-12.244170	▁ಆವೃತ್ತಿ
22057	-12.244171	▁japón
22058	-12.244171	▁ज़िला
22059	-12.244172	▁bergerak
22060	-12.244175	▁நவீன
22061	-12.244180	▁airlines
22062	-12.244180	▁tradição
22063	-12.244181	▁определя
22064	-12.244188	▁nuove
22065	-12.244218	▁jugend
22066	-12.244292	▁નાટક
22067	-12.244299	▁പഠിക്ക
22068	-12.244314	▁biblio
22069	-12.244606	▁കീഴില
22070	-12.246469	museum
22071	-12.247928	▁૧૯૦
22072	-12.248201	krankheit
22073	-12.248201	▁berbatasan
22074	-12.248201	▁بحیرہ
22075	-12.248201	▁حقیقت
22076	-12.248201	▁आबादी
22077	-12.248201	▁औसत
22078	-12.248201	▁परन्तु
22079	-12.248201	▁অলিম্পিক
22080	-12.248201	▁পরাজিত
22081	-12.248201	▁ಸಾಂಪ್ರದಾಯಿಕ
22082	-12.248202	сибирск
22083	-12.248202	▁strumenti
22084	-12.248202	▁ನಿರ್ದೇಶನ
22085	-12.248209	▁terkait
22086	-12.248214	▁మధు
22087	-12.248221	▁basket
22088	-12.248222	സങ്കല്പ
22089	-12.248233	▁perangkat
22090	-12.248244	शक्ती
22091	-12.248264	▁அதனை
22092	-12.248274	▁بخار
22093	-12.248287	▁mechanic
22094	-12.248331	▁ಅಕ್ಷರ
22095	-12.248428	▁штат
22096	-12.248499	музыкант
22097	-12.248546	▁अक्षर
22098	-12.248823	▁certifica
22099	-12.249113	▁главно
22100	-12.249908	വകുപ്പ
22101	-12.249932	मणि
22102	-12.250623	▁പങ്കു
22103	-12.250876	▁വിശേഷിപ്പി
22104	-12.250969	▁charakter
22105	-12.252250	▁पीछे
22106	-12.252250	▁ದೃಶ್ಯ
22107	-12.252251	▁mazedaar
22108	-12.252251	▁многих
22109	-12.252251	▁اجازت
22110	-12.252251	▁मुसलमान
22111	-12.252251	▁অংশগ্রহণ
22112	-12.252251	▁তারিখে
22113	-12.252251	▁ખાનગી
22114	-12.252251	▁அப்போது
22115	-12.252251	▁ఘంటసాల
22116	-12.252251	▁ഇന്നത്തെ
22117	-12.252251	▁ബ്രാഹ്മണ
22118	-12.252252	▁associé
22119	-12.252252	▁prasasti
22120	-12.252252	▁വിപ്ലവ
22121	-12.252253	▁darunter
22122	-12.252253	▁जाहीर
22123	-12.252254	▁permettant
22124	-12.252254	▁анализ
22125	-12.252256	ওয়ার্ড
22126	-12.252259	▁സംബന്ധിച്ച
22127	-12.252269	▁daftar
22128	-12.252270	▁লন্ডন
22129	-12.252276	▁ਰਹਿੰਦੀ
22130	-12.252287	▁rahenge
22131	-12.252323	▁ಸಮಿತಿ
22132	-12.252753	▁వ్రాస
22133	-12.253845	▁музык
22134	-12.256149	hrscheinlich
22135	-12.256315	বৈজ্ঞানিক
22136	-12.256315	▁alkitab
22137	-12.256315	▁apparaît
22138	-12.256315	▁attraversa
22139	-12.256315	▁carácter
22140	-12.256315	▁câmara
22141	-12.256315	▁excellent
22142	-12.256315	▁komunitas
22143	-12.256315	▁pimpinan
22144	-12.256315	▁اعزاز
22145	-12.256315	▁পুনরায়
22146	-12.256315	▁ਕੋਸ਼ਿਸ਼
22147	-12.256315	▁સરેરાશ
22148	-12.256315	▁பாதுகாப்பு
22149	-12.256315	▁పాకిస్థాన్
22150	-12.256315	▁సంప్రదాయ
22151	-12.256315	▁ಉದ್ಯೋಗ
22152	-12.256315	▁ಕಾರ್ಯನಿರ್ವಹ
22153	-12.256315	▁സംസാരിക്ക
22154	-12.256316	blätter
22155	-12.256316	పట్నం
22156	-12.256316	▁премии
22157	-12.256316	▁چاہیے
22158	-12.256317	ോടുകൂടി
22159	-12.256317	▁sumatera
22160	-12.256317	▁ਝੀਲ
22161	-12.256318	▁firenze
22162	-12.256318	▁spread
22163	-12.256319	▁belajar
22164	-12.256323	▁పోరాట
22165	-12.256324	▁husband
22166	-12.256324	▁સારવાર
22167	-12.256328	▁peringkat
22168	-12.256333	▁عیسوی
22169	-12.256395	▁বায়ু
22170	-12.256416	▁aldeia
22171	-12.256639	▁اصول
22172	-12.257087	▁движение
22173	-12.257364	ോടും
22174	-12.257615	▁berperan
22175	-12.258925	മംഗല
22176	-12.259240	াণু
22177	-12.260397	igenschaften
22178	-12.260397	▁diferença
22179	-12.260397	▁pacífico
22180	-12.260397	▁आढळतात
22181	-12.260397	▁कोलकाता
22182	-12.260397	▁मराठा
22183	-12.260397	▁અંતિમ
22184	-12.260397	▁પ્રવૃત્તિ
22185	-12.260397	▁ನಿರ್ಧರಿಸ
22186	-12.260397	▁ಸೆಪ್ಟೆಂಬರ್
22187	-12.260397	▁അക്കാദമി
22188	-12.260397	▁വാണിജ്യ
22189	-12.260398	▁astronaut
22190	-12.260398	▁टॉम
22191	-12.260398	▁पोहोच
22192	-12.260399	▁sebenarnya
22193	-12.260399	▁ఎన్నో
22194	-12.260400	▁પ્રાણીઓ
22195	-12.260400	▁தற்கால
22196	-12.260413	▁sakein
22197	-12.260418	▁эпох
22198	-12.260423	▁ప్రభావ
22199	-12.260439	▁jaake
22200	-12.260511	▁അക്ഷര
22201	-12.260571	▁ન્યાય
22202	-12.260945	oberfläche
22203	-12.262195	échange
22204	-12.262400	▁భర్త
22205	-12.264374	atmosfera
22206	-12.264495	▁সাংবাদিক
22207	-12.264496	intérêt
22208	-12.264496	વ્યવહાર
22209	-12.264496	▁février
22210	-12.264496	▁indivíduo
22211	-12.264496	▁rússia
22212	-12.264496	▁ميں
22213	-12.264496	▁ক্ষুদ্র
22214	-12.264496	▁প্রভৃতি
22215	-12.264496	▁সাংস্কৃতিক
22216	-12.264496	▁అక్టోబరు
22217	-12.264496	▁തൊഴിലാളി
22218	-12.264497	▁hockey
22219	-12.264498	énergie
22220	-12.264498	▁गोष्टी
22221	-12.264499	▁polandia
22222	-12.264499	▁ગણતરી
22223	-12.264500	▁bernstein
22224	-12.264501	▁வங்காள
22225	-12.264502	ચિંત
22226	-12.264503	▁ਸਿੰਧ
22227	-12.264503	▁ಶಾಂತಿ
22228	-12.264504	étranger
22229	-12.264506	▁लष्कर
22230	-12.264520	▁usuário
22231	-12.264522	▁emperador
22232	-12.264528	▁ప్రయాణ
22233	-12.264539	▁интерес
22234	-12.264554	siedlung
22235	-12.264557	▁இல்லாத
22236	-12.264566	▁spontan
22237	-12.264709	▁معیار
22238	-12.264735	സമിതി
22239	-12.265029	▁угл
22240	-12.266148	ificada
22241	-12.266563	ജീവിതം
22242	-12.267118	ближ
22243	-12.268610	▁പ്രോഗ്രാമ
22244	-12.268611	относительно
22245	-12.268611	ాన్నందించాడు
22246	-12.268611	▁immediately
22247	-12.268611	▁penyanyi
22248	-12.268611	▁مختصر
22249	-12.268611	▁ਧਿਆਨ
22250	-12.268611	▁இவ்வாறு
22251	-12.268611	▁అతన్ని
22252	-12.268611	▁కుమార్తె
22253	-12.268611	▁దాదాపు
22254	-12.268612	ಪೀಠ
22255	-12.268612	▁ಇಂಗ್ಲೆಂಡ್
22256	-12.268612	▁ഇന്നും
22257	-12.268613	▁agricole
22258	-12.268614	▁pianeta
22259	-12.268616	rechnung
22260	-12.268618	égypte
22261	-12.268631	▁कायम
22262	-12.268642	▁klassische
22263	-12.268662	ಶೇಖರ
22264	-12.268718	ગૃહ
22265	-12.268755	▁દ્વિ
22266	-12.268992	▁задач
22267	-12.269556	▁इच्छा
22268	-12.270229	▁குழுவ
22269	-12.270612	stitucional
22270	-12.271125	▁சார்ப
22271	-12.271544	attentat
22272	-12.272438	avantage
22273	-12.272742	▁મુસ્લિમ
22274	-12.272743	▁switch
22275	-12.272743	▁সীমান্ত
22276	-12.272743	▁ਮੁੱਢ
22277	-12.272743	▁મળ્યો
22278	-12.272743	▁વિશિષ્ટ
22279	-12.272744	▁смерти
22280	-12.272744	▁બન્ને
22281	-12.272745	▁నిజాం
22282	-12.272746	▁ఉత్తమ
22283	-12.272748	▁défense
22284	-12.272748	▁সুবিধা
22285	-12.272753	▁divisão
22286	-12.272754	▁martín
22287	-12.272757	▁अवतार
22288	-12.272760	▁tanaman
22289	-12.272760	▁இயல்ப
22290	-12.272784	▁privada
22291	-12.272828	▁provinz
22292	-12.272841	▁ਨਿਸ਼ਾਨ
22293	-12.272866	▁effettua
22294	-12.272882	▁statistica
22295	-12.272920	ದುರ್ಗ
22296	-12.273014	animation
22297	-12.273576	ificazione
22298	-12.274221	arrière
22299	-12.275078	iği
22300	-12.275647	строен
22301	-12.275771	ഒ
22302	-12.276690	fassung
22303	-12.276855	▁außer
22304	-12.276892	▁ప్రాజెక్టు
22305	-12.276892	▁വിഷ്ണു
22306	-12.276893	▁menciptakan
22307	-12.276893	▁лауреат
22308	-12.276893	▁دشمن
22309	-12.276893	▁জেনারেল
22310	-12.276893	▁ਕਾਂਗਰਸ
22311	-12.276893	▁ಅನುಕೂಲ
22312	-12.276895	ಂತರರಾಷ್ಟ್ರೀಯ
22313	-12.276896	▁கடைசி
22314	-12.276896	▁പകരം
22315	-12.276909	▁ব্যাংক
22316	-12.276937	конечн
22317	-12.276961	▁imagina
22318	-12.276969	സ്പെ
22319	-12.277110	▁ਪ੍ਰਗਟ
22320	-12.277495	▁proibi
22321	-12.277822	▁долг
22322	-12.278561	ஆண்டுகளுக்கு
22323	-12.279235	objectif
22324	-12.280112	ಮೂಲ
22325	-12.280230	க்கூட
22326	-12.280376	ചിത്ര
22327	-12.281026	▁પસંદ
22328	-12.281058	▁औषध
22329	-12.281059	dynamic
22330	-12.281059	▁sécurité
22331	-12.281059	▁площади
22332	-12.281059	▁نیشنل
22333	-12.281059	▁হোসেন
22334	-12.281059	▁ਲੇਕਿਨ
22335	-12.281059	▁ஐரோப்பா
22336	-12.281059	▁కర్ణాటక
22337	-12.281059	▁ഒക്ടോബർ
22338	-12.281061	▁jewish
22339	-12.281063	▁prodotto
22340	-12.281064	▁frère
22341	-12.281064	▁বিস্তার
22342	-12.281065	▁участник
22343	-12.281069	ouverture
22344	-12.281149	▁अणु
22345	-12.281169	িক্যাল
22346	-12.281423	▁descreve
22347	-12.282028	▁మరొక
22348	-12.282554	▁మార్చ
22349	-12.283706	▁активно
22350	-12.284545	ેક્ટર
22351	-12.284983	ుకుంటాడు
22352	-12.285243	▁análise
22353	-12.285243	▁centuries
22354	-12.285243	▁compagnie
22355	-12.285243	▁jünger
22356	-12.285243	▁keseluruhan
22357	-12.285243	▁культуры
22358	-12.285243	▁বিমানবন্দর
22359	-12.285243	▁ਗ੍ਰਹਿ
22360	-12.285243	▁ખોરાક
22361	-12.285243	▁વૈદિક
22362	-12.285243	▁அருகில்
22363	-12.285243	▁కనిపిస్త
22364	-12.285248	▁dahulu
22365	-12.285249	▁response
22366	-12.285249	▁চিহ্নিত
22367	-12.285252	▁emperor
22368	-12.285255	▁üblich
22369	-12.285275	▁sustancia
22370	-12.285332	▁ਵਿਦੇਸ਼
22371	-12.285339	pflicht
22372	-12.285424	फ्रे
22373	-12.286698	importanza
22374	-12.287445	ಲಾಗುತ್ತಿದೆ
22375	-12.288752	instrumentos
22376	-12.289218	maritime
22377	-12.289444	▁सूक्ष्म
22378	-12.289445	▁ditetapkan
22379	-12.289445	▁específico
22380	-12.289445	▁segurança
22381	-12.289445	▁золото
22382	-12.289445	▁اظہار
22383	-12.289445	▁अर्जुन
22384	-12.289445	▁कांग्रेस
22385	-12.289445	▁भविष्य
22386	-12.289445	▁দেখতে
22387	-12.289445	▁ਆਰਥਿਕ
22388	-12.289445	▁વ્યાપક
22389	-12.289445	▁ഐതിഹ്യ
22390	-12.289446	contemporane
22391	-12.289447	কিশোর
22392	-12.289453	katholisch
22393	-12.289454	▁ਐਲਾਨ
22394	-12.289456	▁ವಾಸ್ತವ
22395	-12.289457	▁തെളിവ
22396	-12.289615	▁норм
22397	-12.289736	▁insegn
22398	-12.290020	▁strict
22399	-12.290140	▁ইরান
22400	-12.290572	ਮੂਰਤ
22401	-12.290607	શંકર
22402	-12.290625	▁intensiv
22403	-12.291497	▁prêt
22404	-12.293116	anthrop
22405	-12.293664	ವ್ಯಾಪ್ತಿ
22406	-12.293664	ുമ്പോഴ
22407	-12.293664	▁комитет
22408	-12.293664	▁بلوچستان
22409	-12.293664	▁خدمت
22410	-12.293664	▁ব্যাখ্যা
22411	-12.293664	▁ઓસ્ટ્રેલિયા
22412	-12.293664	▁ഇംഗ്ലണ്ട
22413	-12.293665	▁مثلاً
22414	-12.293666	▁максим
22415	-12.293666	▁संस्थापक
22416	-12.293667	▁teorema
22417	-12.293721	▁आरोप
22418	-12.293809	▁emigra
22419	-12.295811	▁പുറത്തിറങ്ങ
22420	-12.296918	affaire
22421	-12.297169	▁பாரத
22422	-12.297757	cristianismo
22423	-12.297901	വികസന
22424	-12.297901	▁erklärt
22425	-12.297901	▁fenómeno
22426	-12.297901	▁тогда
22427	-12.297901	▁انھیں
22428	-12.297901	▁زخمی
22429	-12.297901	▁नैसर्गिक
22430	-12.297901	▁కంపెనీ
22431	-12.297901	▁ಆಸಕ್ತಿ
22432	-12.297901	▁ಏಪ್ರಿಲ್
22433	-12.297901	▁ಮನುಷ್ಯ
22434	-12.297902	ડબલ્યુ
22435	-12.297902	▁ਸਮੇਤ
22436	-12.297902	▁પોતાનું
22437	-12.297904	▁könnte
22438	-12.297905	▁দূরত্ব
22439	-12.297906	▁caught
22440	-12.297908	▁वहीं
22441	-12.297916	▁മനസ്സ
22442	-12.297942	▁famosa
22443	-12.298005	▁خرید
22444	-12.298037	▁ఉదయ
22445	-12.298068	▁confess
22446	-12.298159	▁emprega
22447	-12.299000	▁resolve
22448	-12.300236	நெறி
22449	-12.301324	meningkatkan
22450	-12.301893	ీటెక్నిక్‌లు
22451	-12.302156	▁keberadaan
22452	-12.302156	▁terpilih
22453	-12.302156	▁volunteer
22454	-12.302156	▁থাকতে
22455	-12.302156	▁স্মৃতি
22456	-12.302156	▁ਗੋਬਿੰਦ
22457	-12.302156	▁પંચાંગ
22458	-12.302156	▁அக்டோபர்
22459	-12.302156	▁అత్యంత
22460	-12.302156	▁వేంకట
22461	-12.302156	▁ನಿರ್ವಹಣೆ
22462	-12.302157	▁arrived
22463	-12.302157	▁अच्छी
22464	-12.302157	▁फ्रान्स
22465	-12.302157	▁ਪ੍ਰੋਗਰਾਮ
22466	-12.302159	▁chaîne
22467	-12.302159	▁dinosaur
22468	-12.302159	▁اعتبار
22469	-12.302159	▁নাগরিক
22470	-12.302160	▁besondere
22471	-12.302162	▁puissance
22472	-12.302162	▁અવકાશ
22473	-12.302176	▁pattern
22474	-12.302266	▁ਕਰੀਬ
22475	-12.302277	▁ಅನುಸರಿಸ
22476	-12.303044	நுண்
22477	-12.303476	ிலான
22478	-12.304702	вшим
22479	-12.305820	▁андре
22480	-12.306430	▁employee
22481	-12.306430	▁frustrating
22482	-12.306430	▁mahasiswa
22483	-12.306430	▁néanmoins
22484	-12.306430	▁obwohl
22485	-12.306430	▁satélite
22486	-12.306430	▁वार्षिक
22487	-12.306430	▁নৃত্য
22488	-12.306430	▁পণ্য
22489	-12.306430	▁ਯੋਗਦਾਨ
22490	-12.306430	▁நம்பிக்கை
22491	-12.306430	▁ಮರಾಠ
22492	-12.306430	▁സാമൂഹിക
22493	-12.306431	технолог
22494	-12.306432	▁upacara
22495	-12.306433	▁मुद्रा
22496	-12.306455	▁лучш
22497	-12.306462	▁समिती
22498	-12.306500	▁excuse
22499	-12.307244	▁формирова
22500	-12.307441	▁competitiv
22501	-12.309663	wirkt
22502	-12.310212	dimensional
22503	-12.310721	ndependiente
22504	-12.310721	▁தென்னிந்திய
22505	-12.310721	▁ಸ್ಥಾಪನೆ
22506	-12.310722	alfabeto
22507	-12.310722	▁advantage
22508	-12.310722	▁médecin
22509	-12.310722	▁prêmio
22510	-12.310722	▁typically
22511	-12.310722	▁архитектур
22512	-12.310722	▁поскольку
22513	-12.310722	▁افریقہ
22514	-12.310722	▁اقتدار
22515	-12.310722	▁جزیرہ
22516	-12.310722	▁نزدیک
22517	-12.310722	▁نیچے
22518	-12.310722	▁ਆਲੋਚਨਾ
22519	-12.310722	▁வாழும்
22520	-12.310722	▁మంచిర్యాల
22521	-12.310722	▁ಕಳುಹಿಸ
22522	-12.310722	▁കഥാപാത്ര
22523	-12.310723	▁beschrieb
22524	-12.310723	▁федеральн
22525	-12.310725	▁রূপান্তর
22526	-12.310728	▁ਕਰੋੜ
22527	-12.310730	▁ਨੋਬਲ
22528	-12.310741	▁రూపాయల
22529	-12.310743	▁పరిపాలన
22530	-12.310752	▁episodi
22531	-12.310799	▁reprise
22532	-12.310828	▁પટેલ
22533	-12.310831	▁ಅಣು
22534	-12.310989	▁folgte
22535	-12.311073	▁శంకర
22536	-12.313210	ಮಂದಿರ
22537	-12.313976	▁దిగ
22538	-12.315029	▁introduz
22539	-12.315032	খ্রিস্টাব্দে
22540	-12.315032	ফোর্ড
22541	-12.315032	▁kemungkinan
22542	-12.315032	▁komunikasi
22543	-12.315032	▁mathematik
22544	-12.315032	▁página
22545	-12.315032	▁référence
22546	-12.315032	▁اختلاف
22547	-12.315032	▁काउंटी
22548	-12.315032	▁बल्कि
22549	-12.315032	▁रासायनिक
22550	-12.315032	▁समृद्ध
22551	-12.315032	▁অবশ্য
22552	-12.315032	▁আহমেদ
22553	-12.315032	▁પર્યાવરણ
22554	-12.315032	▁વૈશ્વિક
22555	-12.315032	▁తారాగణంగా
22556	-12.315032	▁ನಿಲ್ದಾಣ
22557	-12.315032	▁ಬ್ರಿಟಿಷರ
22558	-12.315032	▁ಹೃದಯ
22559	-12.315033	▁vorhanden
22560	-12.315033	▁मिळाली
22561	-12.315034	▁زائد
22562	-12.315034	▁ਹਰੇਕ
22563	-12.315037	▁ਅਧਿਆਪਕ
22564	-12.315037	▁കെട്ടിട
22565	-12.315040	▁absorb
22566	-12.315040	▁compound
22567	-12.315042	▁નિર્ણય
22568	-12.315050	▁واحد
22569	-12.315050	▁ਕਾਇਮ
22570	-12.315051	▁wahaan
22571	-12.315052	▁یقین
22572	-12.315058	▁weapon
22573	-12.315129	പരിഷ്
22574	-12.315149	ਪੋਰਟ
22575	-12.315639	▁anatomi
22576	-12.315724	ிற்கான
22577	-12.315908	▁caratterist
22578	-12.317075	▁గంటల
22579	-12.317261	▁നിൽക്കുന്ന
22580	-12.317344	▁занял
22581	-12.317527	ವಸ್ತು
22582	-12.318062	संबंधी
22583	-12.318760	linguistique
22584	-12.319160	▁ನಾಲ್ಕ
22585	-12.319361	▁ವಿಮರ್ಶ
22586	-12.319362	▁benjamin
22587	-12.319362	▁disebabkan
22588	-12.319362	▁ultimi
22589	-12.319362	▁традиционн
22590	-12.319362	▁कोणत्याही
22591	-12.319362	▁గ్రహీత
22592	-12.319362	▁ప్రకారము
22593	-12.319362	▁ಗಮನಾರ್ಹ
22594	-12.319363	▁samudra
22595	-12.319368	▁ಶುದ್ಧ
22596	-12.319369	▁মডেল
22597	-12.319376	▁участие
22598	-12.319380	▁единственн
22599	-12.319385	▁speech
22600	-12.319439	▁பொறுப்ப
22601	-12.319494	▁ਦਿੰਦੀ
22602	-12.319551	représentant
22603	-12.319555	▁количеств
22604	-12.319596	▁croatia
22605	-12.319633	ическую
22606	-12.319697	accesso
22607	-12.320305	▁определен
22608	-12.322094	зависимость
22609	-12.322217	utiliser
22610	-12.322316	hawk
22611	-12.322848	ಮಂತ್ರ
22612	-12.323709	bibliothèque
22613	-12.323709	gleichzeitig
22614	-12.323709	▁antónio
22615	-12.323709	▁companhia
22616	-12.323709	▁টেলিভিশন
22617	-12.323709	▁শীর্ষ
22618	-12.323709	▁સંગઠન
22619	-12.323709	▁செருமானிய
22620	-12.323709	▁ದೀರ್ಘ
22621	-12.323710	▁giorgio
22622	-12.323710	▁ਮਹੱਤਵ
22623	-12.323711	▁সমর্থন
22624	-12.323712	▁ریاضی
22625	-12.323713	▁assunto
22626	-12.323715	▁menarik
22627	-12.323717	▁älteste
22628	-12.323722	▁vidéo
22629	-12.323731	▁vegetal
22630	-12.323750	▁чёрн
22631	-12.323761	▁ಸಂಭವಿಸ
22632	-12.323838	▁atmosfer
22633	-12.323863	বিন্দু
22634	-12.323996	ேஸ்வர
22635	-12.325777	▁menciona
22636	-12.326236	જ્ઞ
22637	-12.328071	▁транс
22638	-12.328075	ഹൃദയ
22639	-12.328076	costituzione
22640	-12.328076	kräfte
22641	-12.328076	▁experiência
22642	-12.328076	▁feedback
22643	-12.328076	▁helsinki
22644	-12.328076	▁нидерланд
22645	-12.328076	▁федерации
22646	-12.328076	▁اوقات
22647	-12.328076	▁پشاور
22648	-12.328076	▁ਅੰਦੋਲਨ
22649	-12.328076	▁મહત્ત્વ
22650	-12.328076	▁વરિયાળી
22651	-12.328076	▁எசுப்பானிய
22652	-12.328076	▁దుకాణాలు
22653	-12.328076	▁ಉತ್ಪಾದಿಸ
22654	-12.328076	▁പോലീസ്
22655	-12.328077	▁প্রয়োগ
22656	-12.328084	▁মহকুমা
22657	-12.328087	▁liberdade
22658	-12.328095	▁आश्रम
22659	-12.328216	▁लड़क
22660	-12.328545	ोत्सव
22661	-12.328733	gelöst
22662	-12.329115	महत्त्वपूर्ण
22663	-12.329582	angebot
22664	-12.329758	മാതൃക
22665	-12.330542	küste
22666	-12.331656	▁کیمیا
22667	-12.332462	predominante
22668	-12.332462	▁mecanismo
22669	-12.332462	▁piuttosto
22670	-12.332462	▁recognize
22671	-12.332462	▁swimming
22672	-12.332462	▁первое
22673	-12.332462	▁сегодня
22674	-12.332462	▁تشکیل
22675	-12.332462	▁परम्परा
22676	-12.332462	▁বিদ্যমান
22677	-12.332462	▁ਚਾਹੀਦਾ
22678	-12.332462	▁વાર્ષિક
22679	-12.332462	▁ಅನ್ವಯ
22680	-12.332462	▁ಕೊಡುಗೆ
22681	-12.332462	▁ಜೈವಿಕ
22682	-12.332462	▁ವಿಷ್ಣು
22683	-12.332462	▁ವೈದ್ಯಕೀಯ
22684	-12.332463	perkenalkan
22685	-12.332464	ಕ್ಷೇಪ
22686	-12.332464	▁ਸਥਾਪਤ
22687	-12.332468	▁especifica
22688	-12.332468	▁ਸਟੇਸ਼ਨ
22689	-12.332469	▁potencial
22690	-12.332472	▁dresden
22691	-12.332476	▁अध्याय
22692	-12.332487	▁ahmad
22693	-12.332541	▁কমিটি
22694	-12.332544	যোজ
22695	-12.332588	பண்பு
22696	-12.332601	treffen
22697	-12.332628	▁réforme
22698	-12.332672	പരിപാടി
22699	-12.332677	▁militant
22700	-12.332884	conversation
22701	-12.333319	▁ഇരുപത
22702	-12.333433	▁शुक्र
22703	-12.333624	േന്ദ്ര
22704	-12.333715	महाराष्ट्रात
22705	-12.333991	ಸ್ತಾನ
22706	-12.334170	ವಾಹಕ
22707	-12.334573	техник
22708	-12.336009	ಭಾಷೆ
22709	-12.336246	ક્ષેપ
22710	-12.336867	▁britânica
22711	-12.336867	▁göttingen
22712	-12.336867	▁leibniz
22713	-12.336867	▁snacks
22714	-12.336867	▁weitgehend
22715	-12.336867	▁کہلاتا
22716	-12.336867	▁गोलंदाज
22717	-12.336867	▁అవార్డు
22718	-12.336867	▁తక్కువ
22719	-12.336867	▁పురాతన
22720	-12.336867	▁బ్రిటిష్
22721	-12.336867	▁അക്കാലത്ത്
22722	-12.336867	▁കമ്മ്യൂണി
22723	-12.336868	▁അവാർഡ്
22724	-12.336870	▁সংগ্রাম
22725	-12.336870	▁દબાણ
22726	-12.336875	▁ಪೂಜೆ
22727	-12.336876	▁naturaleza
22728	-12.336892	▁હજુ
22729	-12.336905	సుశీల
22730	-12.337043	▁ಅಲ್ಪ
22731	-12.337328	▁മടങ്ങ
22732	-12.340665	▁প্রতীক
22733	-12.341291	▁હુમલા
22734	-12.341292	பயிற்சி
22735	-12.341292	▁menjelaskan
22736	-12.341292	▁жизнь
22737	-12.341292	▁प्रजासत्ताक
22738	-12.341292	▁विद्रोह
22739	-12.341292	▁કેટલાંક
22740	-12.341292	▁தேர்தலில்
22741	-12.341292	▁ആരാധന
22742	-12.341292	▁ഹിന്ദി
22743	-12.341294	ಮಟ್ಟಿಗೆ
22744	-12.341295	▁ਕਮੇਟੀ
22745	-12.341301	▁tradizione
22746	-12.341311	▁বিকাশ
22747	-12.341323	▁axiom
22748	-12.341328	പരമ്പര
22749	-12.341418	zweck
22750	-12.341430	contribution
22751	-12.341507	effekt
22752	-12.341540	సమాజ
22753	-12.341859	container
22754	-12.342818	accès
22755	-12.343467	ющее
22756	-12.345737	▁guatemala
22757	-12.345737	▁luxury
22758	-12.345737	▁nuklir
22759	-12.345737	▁órgão
22760	-12.345737	▁располага
22761	-12.345737	▁اسٹیشن
22762	-12.345737	▁چھوٹی
22763	-12.345737	▁अकादमी
22764	-12.345737	▁প্রেসিডেন্ট
22765	-12.345737	▁સુવિધા
22766	-12.345737	▁ஏப்ரல்
22767	-12.345737	▁తెలిసి
22768	-12.345737	▁mengirim
22769	-12.345740	▁ಹೀಗಾಗಿ
22770	-12.345741	wörter
22771	-12.345742	▁berlaku
22772	-12.345746	▁essential
22773	-12.345813	▁व्रत
22774	-12.345828	▁ਅੱਖਰ
22775	-12.345873	▁victim
22776	-12.346028	▁флот
22777	-12.346354	▁വഹിച്ച
22778	-12.346386	▁చూస్త
22779	-12.346425	▁brahma
22780	-12.347218	പൂർവ
22781	-12.347722	▁fenomeno
22782	-12.348455	াধিকার
22783	-12.349166	ദേഹ
22784	-12.350197	▁ਅਧਿਆ
22785	-12.350201	సుబ్రహ్మణ్యం
22786	-12.350201	▁arquitetura
22787	-12.350201	▁pengadilan
22788	-12.350201	▁sesuatu
22789	-12.350201	▁zabardast
22790	-12.350201	▁معیشت
22791	-12.350201	▁ہجرت
22792	-12.350201	▁ہمارے
22793	-12.350201	▁मराठ्यां
22794	-12.350201	▁सगळ्या
22795	-12.350201	▁আনুষ্ঠানিক
22796	-12.350201	▁চতুর্থ
22797	-12.350201	▁পণ্ডিত
22798	-12.350201	▁১৯৯১
22799	-12.350201	▁આરોગ્ય
22800	-12.350201	▁મળ્યું
22801	-12.350202	▁abaixo
22802	-12.350202	▁отмеча
22803	-12.350202	▁ਰਿਕਾਰਡ
22804	-12.350203	▁صوفی
22805	-12.350204	▁বন্ধু
22806	-12.350207	▁bishop
22807	-12.350211	▁वडील
22808	-12.350212	▁ਨੰਬਰ
22809	-12.350214	▁ਲੋਕਧਾਰਾ
22810	-12.350224	▁inglesa
22811	-12.350224	▁അതിർത്തി
22812	-12.350568	▁बँक
22813	-12.350580	വിതരണ
22814	-12.351317	▁restrict
22815	-12.351587	celulares
22816	-12.354685	württemberg
22817	-12.354685	ചികിത്സ
22818	-12.354685	പാരമ്പര്യ
22819	-12.354685	▁kecepatan
22820	-12.354685	▁popolare
22821	-12.354685	▁thousand
22822	-12.354685	▁अक्टूबर
22823	-12.354685	▁কংগ্রেস
22824	-12.354685	▁ভ্রমণ
22825	-12.354685	▁ਆਉਂਦੇ
22826	-12.354685	▁આફ્રિકા
22827	-12.354685	▁બાંધકામ
22828	-12.354685	▁இவருக்கு
22829	-12.354685	▁ಹೊತ್ತಿಗೆ
22830	-12.354685	▁വിശുദ്ധ
22831	-12.354685	▁സമ്മാന
22832	-12.354686	▁revolucion
22833	-12.354686	▁victoire
22834	-12.354686	▁આવતું
22835	-12.354687	▁یوسف
22836	-12.354687	▁ಕೆಂಪು
22837	-12.354688	▁palestina
22838	-12.354689	mediatamente
22839	-12.354689	▁terceira
22840	-12.354691	versorgung
22841	-12.354693	▁लंडन
22842	-12.354713	▁প্রদর্শন
22843	-12.354728	▁कार्बन
22844	-12.354872	▁பட்டியல
22845	-12.354984	▁establece
22846	-12.356511	▁représenta
22847	-12.357574	▁gouvern
22848	-12.358285	▁શાકભાજી
22849	-12.358665	കാലഘട്ടത്തിൽ
22850	-12.359189	▁വളർച്ച
22851	-12.359190	pproximately
22852	-12.359190	▁berjumlah
22853	-12.359190	▁capoluogo
22854	-12.359190	▁eiffel
22855	-12.359190	▁nördlich
22856	-12.359190	▁ব্রাজিল
22857	-12.359190	▁ਪੁਰਾਣੇ
22858	-12.359190	▁ਬਰਤਾਨਵੀ
22859	-12.359190	▁સ્ત્રોત
22860	-12.359190	▁மூன்றாம்
22861	-12.359190	▁క్యాలెండర్‌
22862	-12.359190	▁ಪ್ರಾಥಮಿಕ
22863	-12.359190	▁മത്സ്യ
22864	-12.359191	वाहतूक
22865	-12.359192	▁کائنات
22866	-12.359192	▁આનંદ
22867	-12.359193	▁translated
22868	-12.359196	▁tournament
22869	-12.359197	▁بتایا
22870	-12.359200	▁منظور
22871	-12.359203	gültig
22872	-12.359209	▁மாணவர்
22873	-12.359273	▁азербайджан
22874	-12.359349	▁నిలిచ
22875	-12.359483	মণ্ডল
22876	-12.360560	▁enfermedad
22877	-12.360954	ുപോയ
22878	-12.363714	memungkinkan
22879	-12.363714	তান্ত্রিক
22880	-12.363714	▁dynastie
22881	-12.363714	▁kemampuan
22882	-12.363714	▁সংস্কার
22883	-12.363714	▁ਉਦਯੋਗ
22884	-12.363714	▁ਯੋਜਨਾ
22885	-12.363714	▁ડુંગરાળ
22886	-12.363714	▁அனுமதி
22887	-12.363714	▁பண்டைய
22888	-12.363714	▁కనిపించ
22889	-12.363714	▁തെളിയ
22890	-12.363714	▁വിദ്യാർത്ഥി
22891	-12.363715	ನಾರಾಯಣ
22892	-12.363715	▁errichtet
22893	-12.363715	▁देऊन
22894	-12.363715	▁স্বাক্ষর
22895	-12.363715	▁അന്നത്തെ
22896	-12.363716	▁ਮਦਦ
22897	-12.363718	▁ਦ੍ਰਿਸ਼
22898	-12.363721	▁chaplin
22899	-12.363758	▁ગોઠવ
22900	-12.363760	മൂർത്തി
22901	-12.363765	▁последова
22902	-12.363819	▁ਕਿਸਾਨ
22903	-12.363825	тяг
22904	-12.363842	▁написан
22905	-12.364491	युद्ध
22906	-12.364602	▁именно
22907	-12.364895	▁ಉಳಿಸ
22908	-12.367067	ுபவர்
22909	-12.368259	▁ஆராய்ச்சி
22910	-12.368260	впоследствии
22911	-12.368260	▁crecimiento
22912	-12.368260	▁kompleks
22913	-12.368260	▁vegetarian
22914	-12.368260	▁млрд
22915	-12.368260	▁объединен
22916	-12.368260	▁মোহাম্মদ
22917	-12.368260	▁ਗੁਰਦੁਆਰਾ
22918	-12.368260	▁ਵਿਰੁੱਧ
22919	-12.368260	▁કુદરતી
22920	-12.368261	ಸಮೂಹ
22921	-12.368261	▁moitié
22922	-12.368261	▁ગ્રાહક
22923	-12.368261	▁નોકરી
22924	-12.368263	▁otherwise
22925	-12.368263	▁അഗ്നി
22926	-12.368268	▁deshalb
22927	-12.368274	ാവകാശ
22928	-12.368279	▁crowd
22929	-12.368283	▁जनरल
22930	-12.368317	▁vallée
22931	-12.368338	పాలెం
22932	-12.368600	sicherung
22933	-12.371319	▁அளிக்க
22934	-12.371661	dministratif
22935	-12.372365	ਟੈਂ
22936	-12.372398	racterística
22937	-12.372576	▁известно
22938	-12.372636	archeolog
22939	-12.372825	സോഫ്റ്റ്
22940	-12.372826	▁ಕಾಲೇಜು
22941	-12.372827	▁canadiense
22942	-12.372827	▁persönlich
22943	-12.372827	▁preocupa
22944	-12.372827	▁soeharto
22945	-12.372827	▁италии
22946	-12.372827	▁площадь
22947	-12.372827	▁भौगोलिक
22948	-12.372827	▁કિલોમીટર
22949	-12.372827	▁కాంగ్రెస్
22950	-12.372827	▁క్రికెట్
22951	-12.372827	▁ಅಕಾಡೆಮಿ
22952	-12.372827	▁ಕ್ಯಾಲೆಂಡರ್
22953	-12.372827	▁ತರಬೇತಿ
22954	-12.372828	▁manchester
22955	-12.372828	▁नेहरू
22956	-12.372830	▁tedesca
22957	-12.372831	komplex
22958	-12.372831	▁knight
22959	-12.372831	▁verbunden
22960	-12.372834	▁ഓഫീസ
22961	-12.372849	▁speziell
22962	-12.372883	▁વપરાય
22963	-12.372917	▁ఇంగ్ల
22964	-12.373130	experimental
22965	-12.373137	▁இத்தல
22966	-12.373169	খ্রিস্টপূর্ব
22967	-12.375091	ఆ
22968	-12.375105	சமயம்
22969	-12.376108	▁architect
22970	-12.377413	▁અહેવાલ
22971	-12.377413	▁નૃત્ય
22972	-12.377413	▁உள்நாட்டு
22973	-12.377413	▁கவிதை
22974	-12.377413	▁ಬದಲಾಯಿಸ
22975	-12.377414	▁filsafat
22976	-12.377414	▁иногда
22977	-12.377414	▁объявил
22978	-12.377414	▁उनमें
22979	-12.377414	▁১৯৭২
22980	-12.377414	▁ધરાવતું
22981	-12.377414	▁பன்னாட்டு
22982	-12.377414	▁సోదర
22983	-12.377414	▁പ്രാചീന
22984	-12.377415	▁примерно
22985	-12.377418	▁harvard
22986	-12.377419	▁lumière
22987	-12.377419	▁تصویر
22988	-12.377421	▁એટલા
22989	-12.377422	▁кислот
22990	-12.377422	▁దొంగ
22991	-12.377441	▁париж
22992	-12.377442	▁natürlich
22993	-12.377448	▁fête
22994	-12.377451	▁शिष्य
22995	-12.377506	ப்பெரு
22996	-12.377576	▁ஆளு
22997	-12.377720	ನೈಟ್
22998	-12.377828	▁پشتو
22999	-12.377961	கட்டுப்பாட்ட
23000	-12.378169	চ্চ
23001	-12.379628	tausend
23002	-12.380183	▁ಪ್ರವಾಹ
23003	-12.382022	▁luxemburg
23004	-12.382022	▁menentukan
23005	-12.382022	▁merujuk
23006	-12.382022	▁règne
23007	-12.382022	▁армян
23008	-12.382022	▁революции
23009	-12.382022	▁२००९
23010	-12.382022	▁একাডেমি
23011	-12.382022	▁হাসপাতাল
23012	-12.382022	▁ਗੁਜਰਾਤ
23013	-12.382022	▁ਮੁੰਬਈ
23014	-12.382022	▁மிகப்பெரிய
23015	-12.382022	▁సంక్షేమ
23016	-12.382022	▁നാഷണൽ
23017	-12.382022	▁വളരെയധികം
23018	-12.382023	▁frecuente
23019	-12.382023	▁ಪ್ರಬಲ
23020	-12.382025	▁pribadi
23021	-12.382025	▁बहुतेक
23022	-12.382028	▁நாணய
23023	-12.382034	▁పురాణ
23024	-12.382034	▁ಪ್ರಯಾಣ
23025	-12.382091	▁બેઠક
23026	-12.382122	▁ਮਾਤਰਾ
23027	-12.382136	fehler
23028	-12.382144	▁तकनीक
23029	-12.382172	▁бывши
23030	-12.382250	▁அமில
23031	-12.382844	पश्चिम
23032	-12.382925	conservation
23033	-12.383259	▁பிரம்ம
23034	-12.386635	▁ঘোষ
23035	-12.386651	assachusetts
23036	-12.386651	катастрофа
23037	-12.386651	प्रामुख्याने
23038	-12.386651	▁análisis
23039	-12.386651	▁democracia
23040	-12.386651	▁edifício
23041	-12.386651	▁próxima
23042	-12.386651	▁retirement
23043	-12.386651	▁signifikan
23044	-12.386651	▁عرصہ
23045	-12.386651	▁ماسکو
23046	-12.386651	▁पर्यावरण
23047	-12.386651	▁मिट्टी
23048	-12.386651	▁জ্যোতির্
23049	-12.386651	▁ਅਪਰੈਲ
23050	-12.386651	▁ਕੁਆਂਟਮ
23051	-12.386651	▁కూతురు
23052	-12.386651	▁ಬ್ರಾಹ್ಮಣ
23053	-12.386652	▁आंध्र
23054	-12.386652	▁തെക്കേ
23055	-12.386653	automobile
23056	-12.386654	▁distintos
23057	-12.386673	▁preciso
23058	-12.387074	వాహన
23059	-12.387419	▁జరుప
23060	-12.387510	▁തീരത്ത
23061	-12.390221	ેન્જ
23062	-12.390224	ഉണ്ടായിരുന്ന
23063	-12.390332	ternacionais
23064	-12.390378	atteristiche
23065	-12.391302	గ్రెగొరియన్‌
23066	-12.391302	▁britannica
23067	-12.391302	▁espírito
23068	-12.391302	▁facilmente
23069	-12.391302	▁necessário
23070	-12.391302	▁عرصے
23071	-12.391302	▁محمود
23072	-12.391302	▁پولیس
23073	-12.391302	▁چھوٹا
23074	-12.391302	▁আরেকটি
23075	-12.391302	▁কর্মকর্তা
23076	-12.391302	▁ਉਤਪਾਦ
23077	-12.391302	▁સૈન્ય
23078	-12.391302	▁ಕೆಲವೊಮ್ಮೆ
23079	-12.391302	▁ಕ್ರೀಡಾ
23080	-12.391302	▁ತೆಗೆದುಕೊಂಡ
23081	-12.391302	▁ನಾಗರಿಕ
23082	-12.391303	▁memória
23083	-12.391303	▁эффект
23084	-12.391303	▁روایات
23085	-12.391304	▁प्रचंड
23086	-12.391305	▁peraturan
23087	-12.391306	▁madonna
23088	-12.391317	▁సమస్య
23089	-12.391337	▁छात्र
23090	-12.391348	▁ஒழுங்க
23091	-12.391529	▁ਅਜ਼ਾਦ
23092	-12.391574	risiko
23093	-12.392338	ವೊಂದರ
23094	-12.392514	gehörig
23095	-12.392653	schreiben
23096	-12.392687	исследования
23097	-12.393797	▁музыкальн
23098	-12.395064	amerika
23099	-12.395066	accusa
23100	-12.395645	ுடனும்
23101	-12.395975	enghubungkan
23102	-12.395975	ধ্বনি
23103	-12.395975	▁dijadikan
23104	-12.395975	▁littéraire
23105	-12.395975	▁strategy
23106	-12.395975	▁نتیجہ
23107	-12.395975	▁کھلاڑی
23108	-12.395975	▁वैशिष्ट्य
23109	-12.395975	▁सक्रिय
23110	-12.395975	▁নিয়োগ
23111	-12.395975	▁প্রস্তুত
23112	-12.395975	▁ਆਲੋਚਕ
23113	-12.395975	▁கட்டிடக்கலை
23114	-12.395975	▁நவம்பர்
23115	-12.395975	▁డిస్పెన్సరీ
23116	-12.395975	▁నిర్మాణం
23117	-12.395975	▁రోజువారీ
23118	-12.395975	▁ಘಟಕ
23119	-12.395975	▁സ്കൂൾ
23120	-12.395976	▁majelis
23121	-12.395978	ऱ्ह
23122	-12.395978	▁spricht
23123	-12.395978	▁армия
23124	-12.395982	▁উদ্ভিদ
23125	-12.395984	▁substance
23126	-12.395988	▁refresh
23127	-12.395991	▁گزار
23128	-12.396004	▁वास्तु
23129	-12.396011	കാലയളവ
23130	-12.396021	ификаци
23131	-12.396077	▁ಇಂದಿನ
23132	-12.396373	▁изуча
23133	-12.398027	▁সর্বাধিক
23134	-12.398028	kombina
23135	-12.398648	ವಚನ
23136	-12.398730	▁ರಷ್ಯಾ
23137	-12.398817	ವೆನಿಸ
23138	-12.398956	വിളിക്കുന്നു
23139	-12.398981	கோவில
23140	-12.399721	▁satisfa
23141	-12.399746	protagonista
23142	-12.400670	frastructure
23143	-12.400670	▁bollywood
23144	-12.400670	▁большое
23145	-12.400670	▁первого
23146	-12.400670	▁троллейбус
23147	-12.400670	▁कश्मीर
23148	-12.400670	▁কখনও
23149	-12.400670	▁ভর্তি
23150	-12.400670	▁ਨੈਸ਼ਨਲ
23151	-12.400670	▁ਮੁਕਾਬਲੇ
23152	-12.400671	▁گرفتار
23153	-12.400671	▁લંડન
23154	-12.400672	entscheidung
23155	-12.400672	▁innovative
23156	-12.400675	▁தோல்வி
23157	-12.400692	▁umfasst
23158	-12.400702	▁చేపట్ట
23159	-12.400704	ઠ્ઠ
23160	-12.400762	ిల్లీ
23161	-12.401462	▁அழைத்த
23162	-12.401600	মোহন
23163	-12.403225	nacionales
23164	-12.403833	known
23165	-12.404655	మృత
23166	-12.405019	▁libertad
23167	-12.405386	▁சிறுகதை
23168	-12.405387	▁anthony
23169	-12.405387	▁nächst
23170	-12.405387	▁संपादक
23171	-12.405387	▁सभ्यता
23172	-12.405387	▁सरासरी
23173	-12.405387	▁குடியேற்ற
23174	-12.405387	▁తిరుపతి
23175	-12.405387	▁ಕಂಪೆನಿ
23176	-12.405388	▁почему
23177	-12.405388	▁कोशिश
23178	-12.405389	rovavelmente
23179	-12.405389	▁tanjung
23180	-12.405401	▁वसंत
23181	-12.405402	▁నూతన
23182	-12.405404	▁sinistra
23183	-12.405404	▁किताब
23184	-12.405437	▁خارج
23185	-12.405439	▁prominent
23186	-12.405451	▁بنگال
23187	-12.405514	▁દાખલ
23188	-12.405538	▁réalise
23189	-12.405554	▁dispute
23190	-12.405632	▁شمس
23191	-12.405697	పోవడం
23192	-12.409092	▁చేసుకుంట
23193	-12.409822	▁வெளியிட்ட
23194	-12.409869	forderung
23195	-12.410126	▁ਫੀਲਡ
23196	-12.410126	▁தொடருந்து
23197	-12.410127	expérience
23198	-12.410127	mathematical
23199	-12.410127	अर्थव्यवस्था
23200	-12.410127	లక్ష్మణ
23201	-12.410127	▁eduardo
23202	-12.410127	▁skotlandia
23203	-12.410127	▁technical
23204	-12.410127	▁наблюда
23205	-12.410127	▁продюсер
23206	-12.410127	▁اقسام
23207	-12.410127	▁غلط
23208	-12.410127	▁जैसी
23209	-12.410127	▁स्वास्थ्य
23210	-12.410127	▁থাকলে
23211	-12.410127	▁বিবেচনা
23212	-12.410127	▁કિંમત
23213	-12.410127	▁માછલી
23214	-12.410127	▁மக்கள்தொகை
23215	-12.410127	▁ದಶಲಕ್ಷ
23216	-12.410127	▁ವಾಹನ
23217	-12.410128	▁entdeckt
23218	-12.410128	▁मुलगा
23219	-12.410129	▁básico
23220	-12.410129	▁अकबर
23221	-12.410130	▁diikuti
23222	-12.410150	▁уровне
23223	-12.410163	nutzung
23224	-12.410165	▁மிகுந்த
23225	-12.410311	ಗೌಡ
23226	-12.410347	▁पकड़
23227	-12.410436	సాగర్
23228	-12.410611	ाधिकार
23229	-12.410670	एवढ
23230	-12.411180	▁വളരുന്ന
23231	-12.411426	gewalt
23232	-12.412469	▁અંગ્રેજ
23233	-12.413794	▁aproxima
23234	-12.414065	▁ప్రసిద్ధ
23235	-12.414887	▁அறிஞர்
23236	-12.414888	সংখ্যক
23237	-12.414888	▁appointed
23238	-12.414888	▁bruxelles
23239	-12.414888	▁máximo
23240	-12.414888	▁новгород
23241	-12.414888	▁россия
23242	-12.414888	▁توانائی
23243	-12.414888	▁مضامین
23244	-12.414888	▁ಹಿಡಿದು
23245	-12.414888	▁മുസ്ലീ
23246	-12.414889	ਫੁੱਲ
23247	-12.414889	▁изображен
23248	-12.414889	▁خیبر
23249	-12.414890	▁padrão
23250	-12.414890	▁জটিল
23251	-12.414890	▁అంగన్
23252	-12.414891	▁غزل
23253	-12.414892	▁તપાસ
23254	-12.414893	▁hawaii
23255	-12.414893	▁yellow
23256	-12.414894	▁гидро
23257	-12.414896	▁ਪ੍ਰਮਾਣ
23258	-12.414897	▁manipula
23259	-12.414921	পূজা
23260	-12.414948	▁परीक्षा
23261	-12.414985	▁социально
23262	-12.415062	▁выступа
23263	-12.415100	પ્પ
23264	-12.415399	языч
23265	-12.415547	interessante
23266	-12.417217	హెచ్
23267	-12.418977	പ്രധാന
23268	-12.419672	▁fußball
23269	-12.419673	▁electrón
23270	-12.419673	▁necessidade
23271	-12.419673	▁stylish
23272	-12.419673	▁تعریف
23273	-12.419673	▁نقصان
23274	-12.419673	▁स्मारक
23275	-12.419673	▁हनुमान
23276	-12.419673	▁উৎপত্তি
23277	-12.419673	▁গ্রুপ
23278	-12.419673	▁ਰਣਜੀਤ
23279	-12.419673	▁ਰਾਜਸਥਾਨ
23280	-12.419673	▁ਸੰਪਾਦਕ
23281	-12.419673	▁નર્મદા
23282	-12.419673	▁வெவ்வேறு
23283	-12.419674	▁అవకాశ
23284	-12.419675	▁jersey
23285	-12.419675	▁koshish
23286	-12.419676	ాంతమునకు
23287	-12.419678	বোর্ড
23288	-12.419680	▁stadium
23289	-12.419680	▁traitement
23290	-12.419683	▁منظر
23291	-12.419684	સ્કૂલ
23292	-12.419701	▁официа
23293	-12.419703	▁abundante
23294	-12.419746	▁ഉയർത്ത
23295	-12.419770	াত্মক
23296	-12.419824	▁റൺസ
23297	-12.421370	▁ಭೀಮ
23298	-12.423786	ధ్వ
23299	-12.424480	▁accomplish
23300	-12.424480	▁memasuki
23301	-12.424480	▁peningkatan
23302	-12.424480	▁yesterday
23303	-12.424480	▁несмотря
23304	-12.424480	▁इंडियन
23305	-12.424480	▁विधानसभा
23306	-12.424480	▁শক্তিশালী
23307	-12.424480	▁সরবরাহ
23308	-12.424480	▁ਕਬਜ਼ਾ
23309	-12.424480	▁વહીવટ
23310	-12.424480	▁ಫ್ರೆಂಚ್
23311	-12.424480	▁ವಿದ್ವಾಂಸ
23312	-12.424481	▁terlihat
23313	-12.424481	▁мифолог
23314	-12.424481	▁కమ్యూని
23315	-12.424485	▁pandangan
23316	-12.424488	▁maluku
23317	-12.424498	▁ఉపయోగించ
23318	-12.424594	▁બચાવ
23319	-12.424627	▁பொருத்த
23320	-12.424784	▁ragazz
23321	-12.424838	▁હજાર
23322	-12.425181	▁ಸೋಲಿಸ
23323	-12.425677	▁கடத்த
23324	-12.425810	த்தன்மை
23325	-12.427688	عرف
23326	-12.428401	▁ਵਿਰੋਧ
23327	-12.428761	▁మొదట
23328	-12.429311	▁ਵਸਤੂ
23329	-12.429311	▁கணக்கெடுப்ப
23330	-12.429311	▁ಸೌಲಭ್ಯ
23331	-12.429312	▁anywhere
23332	-12.429312	▁désormais
23333	-12.429312	▁menengah
23334	-12.429312	▁muçulmano
23335	-12.429312	▁pertemuan
23336	-12.429312	▁калининград
23337	-12.429312	▁художеств
23338	-12.429312	▁تفصیل
23339	-12.429312	▁شدید
23340	-12.429312	▁پابندی
23341	-12.429312	▁उल्लेखनीय
23342	-12.429312	▁चेंडू
23343	-12.429312	▁બંધારણ
23344	-12.429312	▁அதனால்
23345	-12.429312	▁வானூர்தி
23346	-12.429312	▁ಪರಸ್ಪರ
23347	-12.429312	▁ക്രിക്കറ്റ്
23348	-12.429312	▁സെപ്റ്റംബർ
23349	-12.429313	▁intelligent
23350	-12.429317	▁священн
23351	-12.429317	▁শিক্ষার্থী
23352	-12.429317	▁ஆயுத
23353	-12.429318	ਪੂਰਣ
23354	-12.429318	▁terceiro
23355	-12.429322	▁অর্ধ
23356	-12.429330	▁સંભાળ
23357	-12.429376	▁गैर
23358	-12.429508	நாயக்க
23359	-12.430599	installation
23360	-12.432026	therapie
23361	-12.432107	computadores
23362	-12.434166	fédération
23363	-12.434166	▁challenging
23364	-12.434166	▁компании
23365	-12.434166	▁певец
23366	-12.434166	▁происходит
23367	-12.434166	▁сейчас
23368	-12.434166	▁आरम्भ
23369	-12.434166	▁डिग्री
23370	-12.434166	▁विभाजन
23371	-12.434166	▁२००५
23372	-12.434166	▁১৯৮৩
23373	-12.434166	▁બ્રિટીશ
23374	-12.434166	▁મુશ્કેલ
23375	-12.434166	▁વર્તમાન
23376	-12.434166	▁ಆದಾಗ್ಯೂ
23377	-12.434166	▁ಕಂಪ್ಯೂಟ
23378	-12.434167	▁kennedy
23379	-12.434167	▁करोड़
23380	-12.434167	▁బాధ్యత
23381	-12.434169	▁ਭਾਵਨਾ
23382	-12.434170	típico
23383	-12.434172	bedingungen
23384	-12.434173	appropri
23385	-12.434173	▁ಏಷ್ಯಾ
23386	-12.434177	▁tunnel
23387	-12.434191	▁ചർച്ച
23388	-12.434206	▁విభజ
23389	-12.434305	▁ಕೊರತೆ
23390	-12.434472	гляд
23391	-12.434942	▁नद्या
23392	-12.435491	مثل
23393	-12.438074	ాంశ
23394	-12.438356	▁உணவ
23395	-12.438949	ируем
23396	-12.439043	▁обеспечи
23397	-12.439043	▁தேர்வு
23398	-12.439044	அரசுத்தலைவர்
23399	-12.439044	▁fútbol
23400	-12.439044	▁gênero
23401	-12.439044	▁memerintah
23402	-12.439044	▁menguasai
23403	-12.439044	▁область
23404	-12.439044	▁حضور
23405	-12.439044	▁محفوظ
23406	-12.439044	▁जिन्हें
23407	-12.439044	▁संरचना
23408	-12.439044	▁অধ্যয়ন
23409	-12.439044	▁গভীর
23410	-12.439044	▁હિન્દુ
23411	-12.439044	▁ఆగస్టు
23412	-12.439044	▁తీవ్ర
23413	-12.439045	ிடமிருந்து
23414	-12.439045	▁berusaha
23415	-12.439045	▁ограничен
23416	-12.439045	▁আল্লাহ
23417	-12.439046	flüssig
23418	-12.439046	▁keempat
23419	-12.439046	▁scoperta
23420	-12.439047	▁законодател
23421	-12.439049	▁obtient
23422	-12.439063	▁અણુ
23423	-12.439071	instituições
23424	-12.439275	представляет
23425	-12.439305	▁ronald
23426	-12.439429	▁ദുര
23427	-12.439494	▁занят
23428	-12.439690	▁anthropolog
23429	-12.440038	▁ഉദാഹരണ
23430	-12.442984	▁கொண்டாட
23431	-12.443946	▁bilhões
23432	-12.443946	▁campionato
23433	-12.443946	▁dipengaruhi
23434	-12.443946	▁trekking
23435	-12.443946	▁ذلك
23436	-12.443946	▁উৎপন্ন
23437	-12.443946	▁প্রাক্তন
23438	-12.443946	▁বিপক্ষে
23439	-12.443946	▁ਰਿਆਸਤ
23440	-12.443946	▁ਸੰਗਠਨ
23441	-12.443946	▁ચૌદ
23442	-12.443946	▁બનાસકાંઠા
23443	-12.443946	▁મંજૂરી
23444	-12.443946	▁పురుషుల
23445	-12.443946	▁పేర్కొ
23446	-12.443946	▁ಗ್ರಾಹಕ
23447	-12.443946	▁സൗകര്യ
23448	-12.443947	போக்குவரத்து
23449	-12.443947	▁hingegen
23450	-12.443947	▁privacy
23451	-12.443947	▁позже
23452	-12.443947	▁लंदन
23453	-12.443947	▁ਯਾਤਰਾ
23454	-12.443948	▁taylor
23455	-12.443948	▁которым
23456	-12.443954	▁http
23457	-12.443990	▁ਸੰਭਾਲ
23458	-12.444005	▁провинци
23459	-12.444016	বাড়ী
23460	-12.444035	▁পুনর্
23461	-12.444340	▁మాధవ
23462	-12.444625	ೊಡ್ಡ
23463	-12.444736	াধীন
23464	-12.446559	▁અપનાવ
23465	-12.447027	▁probable
23466	-12.448871	▁régulière
23467	-12.448872	▁لشکر
23468	-12.448872	▁রসায়ন
23469	-12.448872	▁રેકોર્ડ
23470	-12.448873	▁cálculo
23471	-12.448873	▁enthält
23472	-12.448873	▁frecuencia
23473	-12.448873	▁maître
23474	-12.448873	▁melbourne
23475	-12.448873	▁terpisah
23476	-12.448873	▁آسٹریلیا
23477	-12.448873	▁صوبائی
23478	-12.448873	▁નિષ્ફળ
23479	-12.448873	▁વૈજ્ઞાનિક
23480	-12.448873	▁સૌપ્રથમ
23481	-12.448873	▁സജീവ
23482	-12.448874	▁waarom
23483	-12.448874	▁insurance
23484	-12.448876	▁terbatas
23485	-12.448880	▁গায়ক
23486	-12.448946	▁माधव
23487	-12.448952	▁মিশর
23488	-12.449014	▁schlecht
23489	-12.449098	ವರ್ಗದ
23490	-12.449104	ാറുള്ള
23491	-12.450404	деятельности
23492	-12.453672	भुज
23493	-12.453822	▁आयुष्य
23494	-12.453822	▁प्रशिक्षण
23495	-12.453822	▁ચલચિત્ર
23496	-12.453823	▁geprägt
23497	-12.453823	▁souverain
23498	-12.453823	▁включая
23499	-12.453823	▁سعودی
23500	-12.453823	▁नाशिक
23501	-12.453823	▁मुहम्मद
23502	-12.453823	▁मौजूद
23503	-12.453823	▁দৃশ্য
23504	-12.453823	▁সরাসরি
23505	-12.453823	▁ਰੇਲਵੇ
23506	-12.453823	▁ਸਿਆਸਤਦਾਨ
23507	-12.453823	▁વ્યાખ્યા
23508	-12.453823	▁ఇండియా
23509	-12.453823	▁డిసెంబరు
23510	-12.453823	▁సందర్భంగా
23511	-12.453823	▁ചുമതല
23512	-12.453824	▁વૃક્ષ
23513	-12.453824	▁ഒരാള
23514	-12.453825	ാണുള്ളത്
23515	-12.453825	▁محض
23516	-12.453825	▁శిల్ప
23517	-12.453825	▁ಹೂಡಿಕೆ
23518	-12.453829	గూడెం
23519	-12.453832	▁economist
23520	-12.453836	▁ವಿಶಾಲ
23521	-12.453840	▁ഉണ്ടാവ
23522	-12.453866	▁રાજકારણ
23523	-12.453873	▁низк
23524	-12.453963	▁отлича
23525	-12.454004	▁круг
23526	-12.454186	▁பரவலாக
23527	-12.454642	▁పాల్గొన
23528	-12.457895	▁ಸಭೆ
23529	-12.458797	▁بغداد
23530	-12.458797	▁মেট্রো
23531	-12.458797	▁২০০৮
23532	-12.458797	▁ਨਿਰਮਾਤਾ
23533	-12.458797	▁ਫੁੱਟਬਾਲ
23534	-12.458797	▁કદાચ
23535	-12.458797	▁સૈનિકો
23536	-12.458797	▁తిరుమల
23537	-12.458797	▁ಐತಿಹಾಸಿಕ
23538	-12.458797	▁ಪವಿತ್ರ
23539	-12.458798	революционн
23540	-12.458798	يّة
23541	-12.458798	▁brésil
23542	-12.458798	▁rudolf
23543	-12.458798	▁സാധ്യത
23544	-12.458799	▁chakkar
23545	-12.458800	étudiant
23546	-12.458804	▁ആരോഗ്യ
23547	-12.458845	▁द्रविड
23548	-12.459001	▁பிலிப்ப
23549	-12.459117	നേതൃത്വത്തിൽ
23550	-12.459959	▁principi
23551	-12.460061	▁നിയന്ത്രി
23552	-12.462575	লিখিত
23553	-12.463798	encyclopedia
23554	-12.463798	кинорежиссёр
23555	-12.463798	▁engenharia
23556	-12.463798	▁stuttgart
23557	-12.463798	▁ایوارڈ
23558	-12.463798	▁تعالیٰ
23559	-12.463798	▁صلاحیت
23560	-12.463798	▁कोल्हापूर
23561	-12.463798	▁चार्ल्स
23562	-12.463798	▁जिन्होंने
23563	-12.463798	▁परमाणु
23564	-12.463798	▁मस्जिद
23565	-12.463798	▁পার্থক্য
23566	-12.463798	▁স্নাতক
23567	-12.463798	▁ਲੰਡਨ
23568	-12.463798	▁પરિસ્થિતિ
23569	-12.463798	▁இருப்பினும்
23570	-12.463798	▁ఆధునిక
23571	-12.463798	▁ఆరుగురు
23572	-12.463798	▁തടാക
23573	-12.463798	▁റേഡിയോ
23574	-12.463799	▁состоит
23575	-12.463799	▁تنقید
23576	-12.463799	▁سفید
23577	-12.463799	▁ಕಪ್ಪು
23578	-12.463800	▁catedral
23579	-12.463800	▁tujuh
23580	-12.463808	▁учебн
23581	-12.463825	▁режим
23582	-12.464463	▁सिर्फ
23583	-12.465189	▁ಯಾವುದ
23584	-12.465289	occupation
23585	-12.468138	ಬಳಸಲಾಗುತ್ತದೆ
23586	-12.468822	dikembangkan
23587	-12.468822	▁bersenjata
23588	-12.468822	▁caracteres
23589	-12.468822	▁chemistry
23590	-12.468822	▁grenoble
23591	-12.468822	▁помощи
23592	-12.468822	▁постоянно
23593	-12.468822	▁قبیلہ
23594	-12.468822	▁قیادت
23595	-12.468822	▁आकर्षण
23596	-12.468822	▁সমৃদ্ধ
23597	-12.468822	▁મજબૂત
23598	-12.468822	▁కిలోమీటర్ల
23599	-12.468822	▁ಮೂರನೇ
23600	-12.468823	förmig
23601	-12.468823	▁ulterior
23602	-12.468823	▁آثار
23603	-12.468823	▁ریکارڈ
23604	-12.468823	▁विजेता
23605	-12.468823	▁নিজেদের
23606	-12.468823	▁நடைமுறை
23607	-12.468824	▁дальнейш
23608	-12.468824	▁ವಿಸ್ತರಿಸ
23609	-12.468825	▁tindakan
23610	-12.468829	▁સૂચવ
23611	-12.468831	kandidat
23612	-12.468839	konzept
23613	-12.468861	▁ислам
23614	-12.468885	▁rifiut
23615	-12.468909	▁определённ
23616	-12.468910	▁букв
23617	-12.469519	▁விரைவ
23618	-12.470369	omportamento
23619	-12.470573	রহাট
23620	-12.473381	পাথর
23621	-12.473873	ઉછેર
23622	-12.473873	▁mempelajari
23623	-12.473873	▁patrimonio
23624	-12.473873	▁маршрут
23625	-12.473873	▁بیشتر
23626	-12.473873	▁سڈنی
23627	-12.473873	▁জলবায়ু
23628	-12.473873	▁মুহাম্মাদ
23629	-12.473873	▁সম্পাদক
23630	-12.473873	▁স্থাপিত
23631	-12.473873	▁ਵਿਆਖਿਆ
23632	-12.473873	▁ઊર્જા
23633	-12.473873	▁સમુદાય
23634	-12.473873	▁பறவை
23635	-12.473873	▁సైనిక
23636	-12.473873	▁ഭരണാധികാരി
23637	-12.473874	ব্যাপী
23638	-12.473874	▁балтийск
23639	-12.473874	▁গ্রীষ্ম
23640	-12.473874	▁શાંતિ
23641	-12.473874	▁రఘు
23642	-12.473874	▁ಮುಂಚೆ
23643	-12.473875	▁વરસાદ
23644	-12.473876	▁автобус
23645	-12.473881	tradicionais
23646	-12.473884	▁ਸਰਗਰਮ
23647	-12.473887	nimmt
23648	-12.473920	währung
23649	-12.473945	▁ਥੋੜ
23650	-12.474082	▁ಮಣ್ಣಿನ
23651	-12.474728	▁ಗುಣಮಟ್ಟ
23652	-12.475787	observation
23653	-12.475823	intervention
23654	-12.475834	▁శాంతి
23655	-12.478307	ുണ്ടെന്ന
23656	-12.478949	▁продукт
23657	-12.478950	నాగేశ్వరరావు
23658	-12.478950	ಸ್ಥಾಪಕ
23659	-12.478950	തിരുവിതാംകൂർ
23660	-12.478950	▁arquipélago
23661	-12.478950	▁furniture
23662	-12.478950	▁notevole
23663	-12.478950	▁photography
23664	-12.478950	▁sufficient
23665	-12.478950	▁библиотек
23666	-12.478950	▁стандарт
23667	-12.478950	▁церковь
23668	-12.478950	▁حمایت
23669	-12.478950	▁منعقد
23670	-12.478950	▁पार्श्व
23671	-12.478950	▁बच्चों
23672	-12.478950	▁ভিয়েতনাম
23673	-12.478950	▁ਕਲੰਡਰ
23674	-12.478950	▁ਪ੍ਰਣਾਲੀ
23675	-12.478950	▁દુનિયા
23676	-12.478950	▁પ્રભુ
23677	-12.478950	▁સંપ્રદાય
23678	-12.478950	▁டிசம்பர்
23679	-12.478950	▁నియోజకవర్గ
23680	-12.478950	▁నృత్య
23681	-12.478950	▁సమరయోధు
23682	-12.478950	▁ಇತ್ತೀಚಿನ
23683	-12.478950	▁ನಕ್ಷತ್ರ
23684	-12.478951	▁assieme
23685	-12.478951	▁numérique
23686	-12.478951	▁требова
23687	-12.478951	▁ਗਣਿਤ
23688	-12.478951	▁மொழிபெயர்
23689	-12.478951	▁ಸೈನಿಕ
23690	-12.478951	muhammadiyah
23691	-12.478953	▁discurso
23692	-12.478953	▁સ્ત્રીઓ
23693	-12.478960	▁député
23694	-12.478981	▁అభ్య
23695	-12.479143	▁లెక్కల
23696	-12.479180	borough
23697	-12.479234	విశ్వనాథ
23698	-12.479252	ప్రకాశ
23699	-12.479332	восстановлен
23700	-12.479849	▁തമിഴ
23701	-12.480158	publications
23702	-12.480337	ભેદ
23703	-12.482688	િષ્ઠ
23704	-12.483866	▁übernahm
23705	-12.484051	▁немецко
23706	-12.484052	inghilterra
23707	-12.484052	ttentrionale
23708	-12.484052	роисхождения
23709	-12.484052	▁conférence
23710	-12.484052	▁entstehen
23711	-12.484052	▁leipzig
23712	-12.484052	▁אינני
23713	-12.484052	▁ख्रिस्त
23714	-12.484052	▁উইলিয়াম
23715	-12.484052	▁ਯੂਨਾਨੀ
23716	-12.484052	▁ਰਸਾਇਣ
23717	-12.484052	▁യൂറോപ്യൻ
23718	-12.484054	▁apabila
23719	-12.484054	▁eigentlich
23720	-12.484054	▁jesteś
23721	-12.484054	▁troupes
23722	-12.484054	▁развива
23723	-12.484054	▁ਸਫਲ
23724	-12.484054	▁ಹುಡುಕ
23725	-12.484056	ಾಧಿಕಾರಿ
23726	-12.484056	▁dialogue
23727	-12.484056	▁ಸರೋವರ
23728	-12.484056	▁വളർന്ന
23729	-12.484085	▁ਚੱਕਰ
23730	-12.484092	স্বামী
23731	-12.484098	▁arquivo
23732	-12.484334	▁சந்தை
23733	-12.484972	relacionados
23734	-12.487257	aşı
23735	-12.489180	▁berfungsi
23736	-12.489180	▁sacrifice
23737	-12.489180	▁spécifique
23738	-12.489180	▁yerusalem
23739	-12.489180	▁устройств
23740	-12.489180	▁کمپیوٹر
23741	-12.489180	▁टक्के
23742	-12.489180	▁पाहिजे
23743	-12.489180	▁কুরআন
23744	-12.489180	▁সম্মেলন
23745	-12.489180	▁ਅਪ੍ਰੈਲ
23746	-12.489180	▁ਕਰਵਾਇਆ
23747	-12.489180	▁ਸਾਹਮਣੇ
23748	-12.489180	▁అత్యధిక
23749	-12.489180	▁కామారెడ్డి
23750	-12.489181	▁consacré
23751	-12.489181	▁குளிர்
23752	-12.489182	▁بزرگ
23753	-12.489186	▁આક્રમણ
23754	-12.489196	▁положение
23755	-12.489224	▁જહાજ
23756	-12.489238	▁nigeria
23757	-12.489325	▁описан
23758	-12.489732	▁порядк
23759	-12.494333	▁श्रद्धा
23760	-12.494334	స్టేషను
23761	-12.494334	▁kelahiran
23762	-12.494334	▁slovenia
23763	-12.494334	▁vladimir
23764	-12.494334	▁اسماعیل
23765	-12.494334	▁مملکت
23766	-12.494334	▁মাদ্রাসা
23767	-12.494334	▁সৈয়দ
23768	-12.494334	▁ਬਚਪਨ
23769	-12.494334	▁ਬਹਾਦਰ
23770	-12.494334	▁ਸਾਬਕਾ
23771	-12.494334	▁ડિઝાઇન
23772	-12.494334	▁વિરુદ્ધ
23773	-12.494334	▁డిసెంబర్
23774	-12.494334	▁ವಿಭಿನ್ನ
23775	-12.494334	▁റിപ്പബ്ലിക്
23776	-12.494335	▁совершен
23777	-12.494335	▁ಒಳ್ಳೆಯ
23778	-12.494336	▁پہلو
23779	-12.494336	▁જરૂરિયાત
23780	-12.494339	▁ಗಂಟೆ
23781	-12.494342	▁arbitra
23782	-12.494346	direttamente
23783	-12.494352	ിനെതിരെ
23784	-12.494359	▁ಜರ್ಮನ್
23785	-12.494395	▁получив
23786	-12.494442	▁खर्च
23787	-12.494489	▁физическ
23788	-12.495963	ుతోంది
23789	-12.496743	ਕ੍ਰਿਸ਼ਨ
23790	-12.496968	ফ্রে
23791	-12.497347	▁പ്രതീക
23792	-12.498946	вольн
23793	-12.499515	▁ഉൾക്കൊള്ള
23794	-12.499516	▁júpiter
23795	-12.499516	▁propriété
23796	-12.499516	▁منصوبہ
23797	-12.499516	▁अर्थात्
23798	-12.499516	▁আঞ্চলিক
23799	-12.499516	▁ਅਵਸਥਾ
23800	-12.499516	▁ਨਿਭਾਈ
23801	-12.499516	▁ਮਤਲਬ
23802	-12.499516	▁నవంబర్
23803	-12.499516	▁ಕೈಗಾರಿಕಾ
23804	-12.499516	▁ತೆಗೆದುಕೊಳ್ಳ
23805	-12.499516	▁alfonso
23806	-12.499516	▁ejecuta
23807	-12.499517	contemporain
23808	-12.499521	▁margaret
23809	-12.499529	▁superficial
23810	-12.499537	▁ਆਉਂਦੀ
23811	-12.499540	▁સંકેત
23812	-12.499567	▁کربلا
23813	-12.499579	▁хлор
23814	-12.499653	▁વ્હ
23815	-12.499674	▁ਸਰੋਤ
23816	-12.499854	▁abstract
23817	-12.499874	▁മെത്രാ
23818	-12.499879	▁damalige
23819	-12.499928	▁ಸ್ವಯಂ
23820	-12.499954	▁schreib
23821	-12.500498	ਵਿਰੋਧੀ
23822	-12.503391	ऑ
23823	-12.503906	ಸಂಸ್ಥೆ
23824	-12.503933	ਪ੍ਰੀਤ
23825	-12.504724	▁పరిశోధన
23826	-12.504724	▁ದತ್ತಾಂಶ
23827	-12.504724	▁ഉദ്യോഗസ്ഥ
23828	-12.504725	architetto
23829	-12.504725	immagine
23830	-12.504725	uptsächlich
23831	-12.504725	പ്രവേശന
23832	-12.504725	▁giornali
23833	-12.504725	▁hobbies
23834	-12.504725	▁рамках
23835	-12.504725	▁इंग्लैंड
23836	-12.504725	▁इस्तेमाल
23837	-12.504725	▁বিপরীত
23838	-12.504725	▁ਕਮਿਊਨਿਸਟ
23839	-12.504725	▁ਖੇਤੀਬਾੜੀ
23840	-12.504725	▁సెప్టెంబరు
23841	-12.504725	▁പ്രാദേശിക
23842	-12.504725	▁grateful
23843	-12.504725	▁maintenance
23844	-12.504726	▁बच्चे
23845	-12.504738	ിലധികം
23846	-12.504745	inizialmente
23847	-12.504787	▁ನಿರ್ದೇಶಿಸ
23848	-12.505198	▁இழந்த
23849	-12.506091	processeur
23850	-12.506141	производства
23851	-12.509577	▁செலவ
23852	-12.509959	mpertahankan
23853	-12.509959	ndependencia
23854	-12.509959	▁arsitektur
23855	-12.509959	▁mohammad
23856	-12.509959	▁perwakilan
23857	-12.509959	▁sardegna
23858	-12.509959	▁египт
23859	-12.509959	▁комплекс
23860	-12.509959	▁इंदिरा
23861	-12.509959	▁उन्होने
23862	-12.509959	▁दीर्घ
23863	-12.509959	▁२०१४
23864	-12.509959	▁আয়োজন
23865	-12.509959	▁આલ્બમ
23866	-12.509959	▁ఆధారంగా
23867	-12.509959	▁పోషకాహార
23868	-12.509959	▁సరిహద్దు
23869	-12.509959	▁ನೈಸರ್ಗಿಕ
23870	-12.509959	▁ദീർഘ
23871	-12.509960	anschließend
23872	-12.509960	▁disorder
23873	-12.509960	▁১৯৯৬
23874	-12.509964	▁تلاش
23875	-12.509970	▁twist
23876	-12.509970	▁शिक्षक
23877	-12.509978	▁ವಿವಾಹ
23878	-12.509982	▁అర్థం
23879	-12.509983	▁પાટણ
23880	-12.509991	offensive
23881	-12.510007	▁தத்துவ
23882	-12.510021	ционального
23883	-12.510054	▁клуб
23884	-12.510057	▁lateinisch
23885	-12.510092	▁ഉന്നത
23886	-12.510715	tablissement
23887	-12.511484	▁कन्नड
23888	-12.511824	gemäß
23889	-12.511943	▁সম্প্রদায়
23890	-12.513168	▁начальн
23891	-12.513657	ürgermeister
23892	-12.514616	ಲಾಗುತ್ತಿತ್ತು
23893	-12.515222	ব্রহ্ম
23894	-12.515223	ക്കെതിരെ
23895	-12.515223	▁isótopo
23896	-12.515223	▁хорошо
23897	-12.515223	▁उत्कृष्ट
23898	-12.515223	▁खिलाड़ी
23899	-12.515223	▁প্রযোজক
23900	-12.515223	▁সংবিধান
23901	-12.515223	▁ਮੰਦਿਰ
23902	-12.515223	▁વનસ્પતિ
23903	-12.515223	▁విద్యుత్
23904	-12.515223	▁ವಲಸೆ
23905	-12.515223	▁രാജാക്കന്മാ
23906	-12.515224	fällt
23907	-12.515224	▁algoritmo
23908	-12.515224	▁comenzó
23909	-12.515224	▁আমাদের
23910	-12.515224	▁consolida
23911	-12.515224	▁ترتیب
23912	-12.515234	▁শাসক
23913	-12.515241	▁hybrid
23914	-12.515265	▁ఇరాన్
23915	-12.515344	▁भगव
23916	-12.515361	praticamente
23917	-12.515650	ാണെങ്കിലും
23918	-12.517687	▁природн
23919	-12.518806	▁ಹೋಲಿಸ
23920	-12.519051	▁ਸੂਫ਼ੀ
23921	-12.520514	অস্ট্রেলিয়া
23922	-12.520514	ಸಂಕಲನ
23923	-12.520514	നിരീക്ഷണ
23924	-12.520514	▁crítico
23925	-12.520514	▁matrimonio
23926	-12.520514	▁referendum
23927	-12.520514	▁rivoluzione
23928	-12.520514	▁sconfitt
23929	-12.520514	▁برصغیر
23930	-12.520514	▁ज्योतिष
23931	-12.520514	▁ब्रिटेन
23932	-12.520514	▁সংরক্ষণ
23933	-12.520514	▁১৯৪৭
23934	-12.520514	▁ਸੁਲਤਾਨ
23935	-12.520514	▁ઉદ્યાન
23936	-12.520514	▁કોર્પોરેશન
23937	-12.520514	▁હૃદય
23938	-12.520514	▁കാർഷിക
23939	-12.520514	▁നിലവിലുണ്ട
23940	-12.520514	▁സഞ്ചാര
23941	-12.520514	▁സെക്രട്ടറി
23942	-12.520514	ਦੁਆਲੇ
23943	-12.520514	▁инженер
23944	-12.520514	▁કોંગ્રેસ
23945	-12.520514	▁ನಿರಂತರ
23946	-12.520515	▁impiega
23947	-12.520515	▁tambahan
23948	-12.520516	hôtel
23949	-12.520517	▁مجبور
23950	-12.520535	zusammenhang
23951	-12.520540	▁વિદેશી
23952	-12.520543	▁ਤਕਨੀਕ
23953	-12.520554	▁इंजिन
23954	-12.520584	▁испанск
23955	-12.520674	▁அழுத்த
23956	-12.521467	▁মুক্তিযুদ্ধ
23957	-12.524973	▁имеющ
23958	-12.525832	▁ક્રાંતિ
23959	-12.525833	▁equipment
23960	-12.525833	▁астроном
23961	-12.525833	▁молекул
23962	-12.525833	▁ранее
23963	-12.525833	▁ময়মনসিংহ
23964	-12.525833	▁হ্রাস
23965	-12.525833	▁ਕਮਿਸ਼ਨ
23966	-12.525833	▁મર્યાદિત
23967	-12.525833	▁குதிரை
23968	-12.525833	▁வானொலி
23969	-12.525833	▁నేపథ్య
23970	-12.525833	▁స్వతంత్ర
23971	-12.525833	▁ಧಾರವಾಡ
23972	-12.525833	▁വിധേയ
23973	-12.525834	▁privilegi
23974	-12.525834	▁магнит
23975	-12.578650	ஐ
23976	-12.584389	ఏ
23977	-12.640003	ఉ
23978	-12.640209	ಒ
23979	-12.645333	়
23980	-12.733354	ಏ
23981	-12.790684	ஏ
23982	-12.930441	ങ
23983	-13.118870	ञ
23984	-13.140144	ഏ
23985	-13.140512	ഈ
23986	-13.298830	ஒ
23987	-13.429004	ஓ
23988	-13.489900	ঞ
23989	-13.580576	ಓ
23990	-13.666725	ऱ
23991	-13.754400	õ
23992	-14.023294	ఓ
23993	-14.083255	ಞ
23994	-14.130065	đ
23995	-14.315191	ஈ
23996	-15.018426	ઞ
23997	-15.018468	ங
23998	-15.316790	ऋ
23999	-15.316790	ఞ
